episode_key	run_dir	episode	snapshot_index	event_step	event_error_mha	baseline_error_mha	retained_error_mha	delta_error_mha	allowed_error_mha	original_gate_count	fixed_gate_count	effective_max_prune_steps	retained_gate_count	removed_gate_count	redundancy_ratio_pct	resolved_optimizer	last_action	retained_gates	retained_gates_with_angles	retained_signature
crlqas__L3_CH2_Singlet_8q__L3_CH2_Singlet_8q_rotosolve_s2_20k__seed11111__ep20000__snap0	/home/ubuntu/NeurIPS2026/PSQASBench/results/crlqas/L3_CH2_Singlet_8q/Formal_EXP/L3_CH2_Singlet_8q_rotosolve_s2_20k/seed11111	20000	0	5	0.000623	0.000000	0.000000	0.000000	0.500000	5	1	4	4	1	20.00	rotosolve	CNOT(1->5)	RY(q=7) | RY(q=1) | RY(q=5) | CNOT(1->5)	RY(q=7,θ=+3.142) | RY(q=1,θ=+0.180) | RY(q=5,θ=-3.142) | CNOT(1->5)	"[""RY(q=7)"", ""RY(q=1)"", ""RY(q=5)"", ""CNOT(1->5)""]"
crlqas__L3_CH2_Singlet_8q__L3_CH2_Singlet_8q_rotosolve_s2_20k__seed11111__ep11642__snap0	/home/ubuntu/NeurIPS2026/PSQASBench/results/crlqas/L3_CH2_Singlet_8q/Formal_EXP/L3_CH2_Singlet_8q_rotosolve_s2_20k/seed11111	11642	0	6	0.000623	0.000000	0.000000	0.000000	0.500000	6	2	4	4	2	33.33	rotosolve	CNOT(1->5)	RY(q=1) | RY(q=5) | RX(q=7) | CNOT(1->5)	RY(q=1,θ=+0.180) | RY(q=5,θ=-3.142) | RX(q=7,θ=+3.142) | CNOT(1->5)	"[""RY(q=1)"", ""RY(q=5)"", ""RX(q=7)"", ""CNOT(1->5)""]"
crlqas__L3_CH2_Singlet_8q__L3_CH2_Singlet_8q_rotosolve_s2_20k__seed11111__ep14638__snap0	/home/ubuntu/NeurIPS2026/PSQASBench/results/crlqas/L3_CH2_Singlet_8q/Formal_EXP/L3_CH2_Singlet_8q_rotosolve_s2_20k/seed11111	14638	0	5	0.000623	0.000000	0.000000	0.000000	0.500000	5	1	4	4	1	20.00	rotosolve	CNOT(1->5)	RY(q=7) | RY(q=1) | RY(q=5) | CNOT(1->5)	RY(q=7,θ=+3.142) | RY(q=1,θ=+0.180) | RY(q=5,θ=-3.142) | CNOT(1->5)	"[""RY(q=7)"", ""RY(q=1)"", ""RY(q=5)"", ""CNOT(1->5)""]"
crlqas__L3_CH2_Singlet_8q__L3_CH2_Singlet_8q_rotosolve_s2_20k__seed11111__ep16187__snap0	/home/ubuntu/NeurIPS2026/PSQASBench/results/crlqas/L3_CH2_Singlet_8q/Formal_EXP/L3_CH2_Singlet_8q_rotosolve_s2_20k/seed11111	16187	0	7	0.000623	0.000000	0.000000	0.000000	0.500000	7	1	6	4	3	42.86	rotosolve	CNOT(1->5)	RY(q=1) | RY(q=7) | RY(q=5) | CNOT(1->5)	RY(q=1,θ=+0.180) | RY(q=7,θ=+3.142) | RY(q=5,θ=-3.142) | CNOT(1->5)	"[""RY(q=1)"", ""RY(q=7)"", ""RY(q=5)"", ""CNOT(1->5)""]"
crlqas__L3_CH2_Singlet_8q__L3_CH2_Singlet_8q_rotosolve_s2_20k__seed11111__ep18933__snap0	/home/ubuntu/NeurIPS2026/PSQASBench/results/crlqas/L3_CH2_Singlet_8q/Formal_EXP/L3_CH2_Singlet_8q_rotosolve_s2_20k/seed11111	18933	0	5	0.000623	0.000000	0.000000	0.000000	0.500000	5	2	3	4	1	20.00	rotosolve	CNOT(1->5)	RY(q=1) | RY(q=5) | RX(q=7) | CNOT(1->5)	RY(q=1,θ=+0.180) | RY(q=5,θ=-3.142) | RX(q=7,θ=+3.142) | CNOT(1->5)	"[""RY(q=1)"", ""RY(q=5)"", ""RX(q=7)"", ""CNOT(1->5)""]"
crlqas__L3_CH2_Singlet_8q__L3_CH2_Singlet_8q_rotosolve_s2_20k__seed11111__ep13068__snap0	/home/ubuntu/NeurIPS2026/PSQASBench/results/crlqas/L3_CH2_Singlet_8q/Formal_EXP/L3_CH2_Singlet_8q_rotosolve_s2_20k/seed11111	13068	0	5	0.000623	0.000000	0.000000	0.000000	0.500000	5	1	4	4	1	20.00	rotosolve	CNOT(0->4)	RY(q=0) | RX(q=6) | RY(q=4) | CNOT(0->4)	RY(q=0,θ=+0.180) | RX(q=6,θ=+3.142) | RY(q=4,θ=-3.142) | CNOT(0->4)	"[""RY(q=0)"", ""RX(q=6)"", ""RY(q=4)"", ""CNOT(0->4)""]"
crlqas__L3_CH2_Singlet_8q__L3_CH2_Singlet_8q_rotosolve_s2_20k__seed11111__ep18904__snap0	/home/ubuntu/NeurIPS2026/PSQASBench/results/crlqas/L3_CH2_Singlet_8q/Formal_EXP/L3_CH2_Singlet_8q_rotosolve_s2_20k/seed11111	18904	0	5	0.000623	0.000000	0.000000	0.000000	0.500000	5	2	3	4	1	20.00	rotosolve	CNOT(1->5)	RY(q=1) | RY(q=5) | RX(q=7) | CNOT(1->5)	RY(q=1,θ=+0.180) | RY(q=5,θ=-3.142) | RX(q=7,θ=+3.142) | CNOT(1->5)	"[""RY(q=1)"", ""RY(q=5)"", ""RX(q=7)"", ""CNOT(1->5)""]"
crlqas__L3_CH2_Singlet_8q__L3_CH2_Singlet_8q_rotosolve_s2_20k__seed11111__ep17845__snap0	/home/ubuntu/NeurIPS2026/PSQASBench/results/crlqas/L3_CH2_Singlet_8q/Formal_EXP/L3_CH2_Singlet_8q_rotosolve_s2_20k/seed11111	17845	0	5	0.000623	0.000000	0.000000	0.000000	0.500000	5	2	3	4	1	20.00	rotosolve	CNOT(1->5)	RY(q=1) | RY(q=5) | RX(q=7) | CNOT(1->5)	RY(q=1,θ=+0.180) | RY(q=5,θ=-3.142) | RX(q=7,θ=+3.142) | CNOT(1->5)	"[""RY(q=1)"", ""RY(q=5)"", ""RX(q=7)"", ""CNOT(1->5)""]"
crlqas__L3_CH2_Singlet_8q__L3_CH2_Singlet_8q_rotosolve_s2_20k__seed11111__ep16381__snap0	/home/ubuntu/NeurIPS2026/PSQASBench/results/crlqas/L3_CH2_Singlet_8q/Formal_EXP/L3_CH2_Singlet_8q_rotosolve_s2_20k/seed11111	16381	0	11	0.000623	0.000000	0.000000	0.000000	0.500000	11	2	9	4	7	63.64	rotosolve	RX(q=7)	RY(q=1) | RY(q=5) | CNOT(1->5) | RX(q=7)	RY(q=1,θ=+0.180) | RY(q=5,θ=-3.142) | CNOT(1->5) | RX(q=7,θ=+3.142)	"[""RY(q=1)"", ""RY(q=5)"", ""CNOT(1->5)"", ""RX(q=7)""]"
crlqas__L3_CH2_Singlet_8q__L3_CH2_Singlet_8q_rotosolve_s2_20k__seed11111__ep12834__snap0	/home/ubuntu/NeurIPS2026/PSQASBench/results/crlqas/L3_CH2_Singlet_8q/Formal_EXP/L3_CH2_Singlet_8q_rotosolve_s2_20k/seed11111	12834	0	6	0.000623	0.000000	0.000000	0.000000	0.500000	6	1	5	4	2	33.33	rotosolve	CNOT(0->4)	RY(q=4) | RX(q=6) | RY(q=0) | CNOT(0->4)	RY(q=4,θ=-3.142) | RX(q=6,θ=+3.142) | RY(q=0,θ=+0.180) | CNOT(0->4)	"[""RY(q=4)"", ""RX(q=6)"", ""RY(q=0)"", ""CNOT(0->4)""]"
crlqas__L3_CH2_Singlet_8q__L3_CH2_Singlet_8q_rotosolve_s2_20k__seed11111__ep11388__snap0	/home/ubuntu/NeurIPS2026/PSQASBench/results/crlqas/L3_CH2_Singlet_8q/Formal_EXP/L3_CH2_Singlet_8q_rotosolve_s2_20k/seed11111	11388	0	6	0.000623	0.000000	0.000000	0.000000	0.500000	6	2	4	4	2	33.33	rotosolve	CNOT(1->5)	RY(q=1) | RY(q=5) | RX(q=7) | CNOT(1->5)	RY(q=1,θ=+0.180) | RY(q=5,θ=-3.142) | RX(q=7,θ=+3.142) | CNOT(1->5)	"[""RY(q=1)"", ""RY(q=5)"", ""RX(q=7)"", ""CNOT(1->5)""]"
crlqas__L3_CH2_Singlet_8q__L3_CH2_Singlet_8q_rotosolve_s2_20k__seed11111__ep12625__snap0	/home/ubuntu/NeurIPS2026/PSQASBench/results/crlqas/L3_CH2_Singlet_8q/Formal_EXP/L3_CH2_Singlet_8q_rotosolve_s2_20k/seed11111	12625	0	6	0.000623	0.000000	0.000000	0.000000	0.500000	6	2	4	4	2	33.33	rotosolve	CNOT(1->5)	RY(q=1) | RY(q=5) | RX(q=7) | CNOT(1->5)	RY(q=1,θ=+0.180) | RY(q=5,θ=-3.142) | RX(q=7,θ=+3.142) | CNOT(1->5)	"[""RY(q=1)"", ""RY(q=5)"", ""RX(q=7)"", ""CNOT(1->5)""]"
crlqas__L3_CH2_Singlet_8q__L3_CH2_Singlet_8q_rotosolve_s2_20k__seed11111__ep10501__snap0	/home/ubuntu/NeurIPS2026/PSQASBench/results/crlqas/L3_CH2_Singlet_8q/Formal_EXP/L3_CH2_Singlet_8q_rotosolve_s2_20k/seed11111	10501	0	7	0.000623	0.000000	0.000000	0.000000	0.500000	7	2	5	4	3	42.86	rotosolve	CNOT(1->5)	RY(q=1) | RY(q=5) | RX(q=7) | CNOT(1->5)	RY(q=1,θ=+0.180) | RY(q=5,θ=-3.142) | RX(q=7,θ=+3.142) | CNOT(1->5)	"[""RY(q=1)"", ""RY(q=5)"", ""RX(q=7)"", ""CNOT(1->5)""]"
crlqas__L3_CH2_Singlet_8q__L3_CH2_Singlet_8q_rotosolve_s2_20k__seed11111__ep10026__snap0	/home/ubuntu/NeurIPS2026/PSQASBench/results/crlqas/L3_CH2_Singlet_8q/Formal_EXP/L3_CH2_Singlet_8q_rotosolve_s2_20k/seed11111	10026	0	5	0.000623	0.000000	0.000000	0.000000	0.500000	5	0	5	4	1	20.00	rotosolve	RY(q=7)	RY(q=5) | RY(q=1) | CNOT(5->1) | RY(q=7)	RY(q=5,θ=+2.961) | RY(q=1,θ=+3.142) | CNOT(5->1) | RY(q=7,θ=+3.142)	"[""RY(q=5)"", ""RY(q=1)"", ""CNOT(5->1)"", ""RY(q=7)""]"
crlqas__L3_CH2_Singlet_8q__L3_CH2_Singlet_8q_rotosolve_s2_20k__seed11111__ep19269__snap0	/home/ubuntu/NeurIPS2026/PSQASBench/results/crlqas/L3_CH2_Singlet_8q/Formal_EXP/L3_CH2_Singlet_8q_rotosolve_s2_20k/seed11111	19269	0	5	0.000623	0.000000	0.000000	0.000000	0.500000	5	1	4	4	1	20.00	rotosolve	CNOT(0->4)	RX(q=4) | RX(q=6) | RY(q=0) | CNOT(0->4)	RX(q=4,θ=-3.142) | RX(q=6,θ=+3.142) | RY(q=0,θ=+0.180) | CNOT(0->4)	"[""RX(q=4)"", ""RX(q=6)"", ""RY(q=0)"", ""CNOT(0->4)""]"
crlqas__L3_CH2_Singlet_8q__L3_CH2_Singlet_8q_rotosolve_s2_20k__seed11111__ep11041__snap0	/home/ubuntu/NeurIPS2026/PSQASBench/results/crlqas/L3_CH2_Singlet_8q/Formal_EXP/L3_CH2_Singlet_8q_rotosolve_s2_20k/seed11111	11041	0	4	0.000623	0.000000	0.000000	0.000000	0.500000	4	1	3	4	0	0.00	rotosolve	CNOT(1->5)	RY(q=5) | RY(q=1) | CNOT(5->7) | CNOT(1->5)	RY(q=5,θ=-3.142) | RY(q=1,θ=+0.180) | CNOT(5->7) | CNOT(1->5)	"[""RY(q=5)"", ""RY(q=1)"", ""CNOT(5->7)"", ""CNOT(1->5)""]"
crlqas__L3_CH2_Singlet_8q__L3_CH2_Singlet_8q_rotosolve_s2_20k__seed11111__ep14708__snap0	/home/ubuntu/NeurIPS2026/PSQASBench/results/crlqas/L3_CH2_Singlet_8q/Formal_EXP/L3_CH2_Singlet_8q_rotosolve_s2_20k/seed11111	14708	0	6	0.000623	0.000000	0.000000	0.000000	0.500000	6	1	5	4	2	33.33	rotosolve	CNOT(1->5)	RY(q=1) | RY(q=5) | CNOT(5->7) | CNOT(1->5)	RY(q=1,θ=+0.180) | RY(q=5,θ=-3.142) | CNOT(5->7) | CNOT(1->5)	"[""RY(q=1)"", ""RY(q=5)"", ""CNOT(5->7)"", ""CNOT(1->5)""]"
crlqas__L3_CH2_Singlet_8q__L3_CH2_Singlet_8q_rotosolve_s2_20k__seed11111__ep19321__snap0	/home/ubuntu/NeurIPS2026/PSQASBench/results/crlqas/L3_CH2_Singlet_8q/Formal_EXP/L3_CH2_Singlet_8q_rotosolve_s2_20k/seed11111	19321	0	5	0.000623	0.000000	0.000000	0.000000	0.500000	5	2	3	4	1	20.00	rotosolve	CNOT(1->5)	RY(q=1) | RY(q=5) | RX(q=7) | CNOT(1->5)	RY(q=1,θ=+0.180) | RY(q=5,θ=-3.142) | RX(q=7,θ=+3.142) | CNOT(1->5)	"[""RY(q=1)"", ""RY(q=5)"", ""RX(q=7)"", ""CNOT(1->5)""]"
crlqas__L3_CH2_Singlet_8q__L3_CH2_Singlet_8q_rotosolve_s2_20k__seed11111__ep11476__snap0	/home/ubuntu/NeurIPS2026/PSQASBench/results/crlqas/L3_CH2_Singlet_8q/Formal_EXP/L3_CH2_Singlet_8q_rotosolve_s2_20k/seed11111	11476	0	6	0.000623	0.000000	0.000000	0.000000	0.500000	6	2	4	4	2	33.33	rotosolve	CNOT(1->5)	RY(q=5) | RY(q=1) | RX(q=7) | CNOT(1->5)	RY(q=5,θ=-3.142) | RY(q=1,θ=+0.180) | RX(q=7,θ=+3.142) | CNOT(1->5)	"[""RY(q=5)"", ""RY(q=1)"", ""RX(q=7)"", ""CNOT(1->5)""]"
crlqas__L3_CH2_Singlet_8q__L3_CH2_Singlet_8q_rotosolve_s2_20k__seed11111__ep17238__snap0	/home/ubuntu/NeurIPS2026/PSQASBench/results/crlqas/L3_CH2_Singlet_8q/Formal_EXP/L3_CH2_Singlet_8q_rotosolve_s2_20k/seed11111	17238	0	5	0.000623	0.000000	0.000000	0.000000	0.500000	5	2	3	4	1	20.00	rotosolve	CNOT(1->5)	RY(q=1) | RY(q=5) | RX(q=7) | CNOT(1->5)	RY(q=1,θ=+0.180) | RY(q=5,θ=-3.142) | RX(q=7,θ=+3.142) | CNOT(1->5)	"[""RY(q=1)"", ""RY(q=5)"", ""RX(q=7)"", ""CNOT(1->5)""]"
crlqas__L3_CH2_Singlet_8q__L3_CH2_Singlet_8q_rotosolve_s2_20k__seed11111__ep16196__snap0	/home/ubuntu/NeurIPS2026/PSQASBench/results/crlqas/L3_CH2_Singlet_8q/Formal_EXP/L3_CH2_Singlet_8q_rotosolve_s2_20k/seed11111	16196	0	7	0.000623	0.000000	0.000000	0.000000	0.500000	7	1	6	4	3	42.86	rotosolve	CNOT(1->5)	RY(q=1) | RY(q=5) | RY(q=7) | CNOT(1->5)	RY(q=1,θ=+0.180) | RY(q=5,θ=-3.142) | RY(q=7,θ=+3.142) | CNOT(1->5)	"[""RY(q=1)"", ""RY(q=5)"", ""RY(q=7)"", ""CNOT(1->5)""]"
crlqas__L3_CH2_Singlet_8q__L3_CH2_Singlet_8q_rotosolve_s2_20k__seed11111__ep16300__snap0	/home/ubuntu/NeurIPS2026/PSQASBench/results/crlqas/L3_CH2_Singlet_8q/Formal_EXP/L3_CH2_Singlet_8q_rotosolve_s2_20k/seed11111	16300	0	4	0.000623	0.000000	0.000000	0.000000	0.500000	4	2	2	4	0	0.00	rotosolve	CNOT(1->5)	RX(q=5) | RY(q=1) | RX(q=7) | CNOT(1->5)	RX(q=5,θ=-3.142) | RY(q=1,θ=+0.180) | RX(q=7,θ=+3.142) | CNOT(1->5)	"[""RX(q=5)"", ""RY(q=1)"", ""RX(q=7)"", ""CNOT(1->5)""]"
crlqas__L3_CH2_Singlet_8q__L3_CH2_Singlet_8q_rotosolve_s2_20k__seed11111__ep10201__snap0	/home/ubuntu/NeurIPS2026/PSQASBench/results/crlqas/L3_CH2_Singlet_8q/Formal_EXP/L3_CH2_Singlet_8q_rotosolve_s2_20k/seed11111	10201	0	8	0.000623	0.000000	0.000000	0.000000	0.500000	8	1	7	4	4	50.00	rotosolve	CNOT(1->5)	RY(q=5) | RY(q=1) | RY(q=7) | CNOT(1->5)	RY(q=5,θ=-3.142) | RY(q=1,θ=+0.180) | RY(q=7,θ=+3.142) | CNOT(1->5)	"[""RY(q=5)"", ""RY(q=1)"", ""RY(q=7)"", ""CNOT(1->5)""]"
crlqas__L3_CH2_Singlet_8q__L3_CH2_Singlet_8q_rotosolve_s2_20k__seed11111__ep17154__snap0	/home/ubuntu/NeurIPS2026/PSQASBench/results/crlqas/L3_CH2_Singlet_8q/Formal_EXP/L3_CH2_Singlet_8q_rotosolve_s2_20k/seed11111	17154	0	5	0.000623	0.000000	0.000000	0.000000	0.500000	5	2	3	4	1	20.00	rotosolve	CNOT(1->5)	RY(q=1) | RY(q=5) | RX(q=7) | CNOT(1->5)	RY(q=1,θ=+0.180) | RY(q=5,θ=-3.142) | RX(q=7,θ=+3.142) | CNOT(1->5)	"[""RY(q=1)"", ""RY(q=5)"", ""RX(q=7)"", ""CNOT(1->5)""]"
crlqas__L3_CH2_Singlet_8q__L3_CH2_Singlet_8q_rotosolve_s2_20k__seed11111__ep16060__snap0	/home/ubuntu/NeurIPS2026/PSQASBench/results/crlqas/L3_CH2_Singlet_8q/Formal_EXP/L3_CH2_Singlet_8q_rotosolve_s2_20k/seed11111	16060	0	5	0.000623	0.000000	0.000000	0.000000	0.500000	5	1	4	4	1	20.00	rotosolve	CNOT(0->4)	RX(q=6) | RY(q=0) | RY(q=4) | CNOT(0->4)	RX(q=6,θ=+3.142) | RY(q=0,θ=+0.180) | RY(q=4,θ=-3.142) | CNOT(0->4)	"[""RX(q=6)"", ""RY(q=0)"", ""RY(q=4)"", ""CNOT(0->4)""]"
crlqas__L3_CH2_Singlet_8q__L3_CH2_Singlet_8q_rotosolve_s2_20k__seed11111__ep15298__snap0	/home/ubuntu/NeurIPS2026/PSQASBench/results/crlqas/L3_CH2_Singlet_8q/Formal_EXP/L3_CH2_Singlet_8q_rotosolve_s2_20k/seed11111	15298	0	6	0.000623	0.000000	0.000000	0.000000	0.500000	6	2	4	4	2	33.33	rotosolve	CNOT(1->5)	RY(q=1) | RY(q=5) | RX(q=7) | CNOT(1->5)	RY(q=1,θ=+0.180) | RY(q=5,θ=-3.142) | RX(q=7,θ=+3.142) | CNOT(1->5)	"[""RY(q=1)"", ""RY(q=5)"", ""RX(q=7)"", ""CNOT(1->5)""]"
crlqas__L3_CH2_Singlet_8q__L3_CH2_Singlet_8q_rotosolve_s2_20k__seed11111__ep19663__snap0	/home/ubuntu/NeurIPS2026/PSQASBench/results/crlqas/L3_CH2_Singlet_8q/Formal_EXP/L3_CH2_Singlet_8q_rotosolve_s2_20k/seed11111	19663	0	8	0.000623	0.000000	0.000000	0.000000	0.500000	8	1	7	4	4	50.00	rotosolve	CNOT(1->5)	RY(q=1) | RY(q=7) | RY(q=5) | CNOT(1->5)	RY(q=1,θ=+0.180) | RY(q=7,θ=+3.142) | RY(q=5,θ=-3.142) | CNOT(1->5)	"[""RY(q=1)"", ""RY(q=7)"", ""RY(q=5)"", ""CNOT(1->5)""]"
crlqas__L3_CH2_Singlet_8q__L3_CH2_Singlet_8q_rotosolve_s2_20k__seed11111__ep11490__snap0	/home/ubuntu/NeurIPS2026/PSQASBench/results/crlqas/L3_CH2_Singlet_8q/Formal_EXP/L3_CH2_Singlet_8q_rotosolve_s2_20k/seed11111	11490	0	9	0.000623	0.000000	0.000000	0.000000	0.500000	9	2	7	4	5	55.56	rotosolve	CNOT(1->5)	RY(q=1) | RY(q=5) | RX(q=7) | CNOT(1->5)	RY(q=1,θ=+0.180) | RY(q=5,θ=-3.142) | RX(q=7,θ=+3.142) | CNOT(1->5)	"[""RY(q=1)"", ""RY(q=5)"", ""RX(q=7)"", ""CNOT(1->5)""]"
crlqas__L3_CH2_Singlet_8q__L3_CH2_Singlet_8q_rotosolve_s2_20k__seed11111__ep12053__snap0	/home/ubuntu/NeurIPS2026/PSQASBench/results/crlqas/L3_CH2_Singlet_8q/Formal_EXP/L3_CH2_Singlet_8q_rotosolve_s2_20k/seed11111	12053	0	7	0.000623	0.000000	0.000000	0.000000	0.500000	7	2	5	4	3	42.86	rotosolve	CNOT(1->5)	RY(q=1) | RY(q=5) | RX(q=7) | CNOT(1->5)	RY(q=1,θ=+0.180) | RY(q=5,θ=-3.142) | RX(q=7,θ=+3.142) | CNOT(1->5)	"[""RY(q=1)"", ""RY(q=5)"", ""RX(q=7)"", ""CNOT(1->5)""]"
crlqas__L3_CH2_Singlet_8q__L3_CH2_Singlet_8q_rotosolve_s2_20k__seed11111__ep13797__snap0	/home/ubuntu/NeurIPS2026/PSQASBench/results/crlqas/L3_CH2_Singlet_8q/Formal_EXP/L3_CH2_Singlet_8q_rotosolve_s2_20k/seed11111	13797	0	5	0.000623	0.000000	0.000000	0.000000	0.500000	5	2	3	4	1	20.00	rotosolve	CNOT(1->5)	RY(q=1) | RY(q=5) | RX(q=7) | CNOT(1->5)	RY(q=1,θ=+0.180) | RY(q=5,θ=-3.142) | RX(q=7,θ=+3.142) | CNOT(1->5)	"[""RY(q=1)"", ""RY(q=5)"", ""RX(q=7)"", ""CNOT(1->5)""]"
crlqas__L3_CH2_Singlet_8q__L3_CH2_Singlet_8q_rotosolve_s2_20k__seed11111__ep18784__snap0	/home/ubuntu/NeurIPS2026/PSQASBench/results/crlqas/L3_CH2_Singlet_8q/Formal_EXP/L3_CH2_Singlet_8q_rotosolve_s2_20k/seed11111	18784	0	5	0.000623	0.000000	0.000000	0.000000	0.500000	5	2	3	4	1	20.00	rotosolve	CNOT(1->5)	RY(q=1) | RX(q=7) | RY(q=5) | CNOT(1->5)	RY(q=1,θ=+0.180) | RX(q=7,θ=+3.142) | RY(q=5,θ=-3.142) | CNOT(1->5)	"[""RY(q=1)"", ""RX(q=7)"", ""RY(q=5)"", ""CNOT(1->5)""]"
crlqas__L3_CH2_Singlet_8q__L3_CH2_Singlet_8q_rotosolve_s2_20k__seed11111__ep18592__snap0	/home/ubuntu/NeurIPS2026/PSQASBench/results/crlqas/L3_CH2_Singlet_8q/Formal_EXP/L3_CH2_Singlet_8q_rotosolve_s2_20k/seed11111	18592	0	5	0.000623	0.000000	0.000000	0.000000	0.500000	5	1	4	4	1	20.00	rotosolve	CNOT(0->4)	RX(q=6) | RX(q=4) | RY(q=0) | CNOT(0->4)	RX(q=6,θ=+3.142) | RX(q=4,θ=-3.142) | RY(q=0,θ=+0.180) | CNOT(0->4)	"[""RX(q=6)"", ""RX(q=4)"", ""RY(q=0)"", ""CNOT(0->4)""]"
crlqas__L3_CH2_Singlet_8q__L3_CH2_Singlet_8q_rotosolve_s2_20k__seed11111__ep17959__snap0	/home/ubuntu/NeurIPS2026/PSQASBench/results/crlqas/L3_CH2_Singlet_8q/Formal_EXP/L3_CH2_Singlet_8q_rotosolve_s2_20k/seed11111	17959	0	5	0.000623	0.000000	0.000000	0.000000	0.500000	5	2	3	4	1	20.00	rotosolve	CNOT(1->5)	RY(q=1) | RY(q=5) | RX(q=7) | CNOT(1->5)	RY(q=1,θ=+0.180) | RY(q=5,θ=-3.142) | RX(q=7,θ=+3.142) | CNOT(1->5)	"[""RY(q=1)"", ""RY(q=5)"", ""RX(q=7)"", ""CNOT(1->5)""]"
crlqas__L3_CH2_Singlet_8q__L3_CH2_Singlet_8q_rotosolve_s2_20k__seed11111__ep12185__snap0	/home/ubuntu/NeurIPS2026/PSQASBench/results/crlqas/L3_CH2_Singlet_8q/Formal_EXP/L3_CH2_Singlet_8q_rotosolve_s2_20k/seed11111	12185	0	8	0.000623	0.000000	0.000000	0.000000	0.500000	8	2	6	4	4	50.00	rotosolve	CNOT(1->5)	RY(q=5) | RY(q=1) | RX(q=7) | CNOT(1->5)	RY(q=5,θ=-3.142) | RY(q=1,θ=+0.180) | RX(q=7,θ=+3.142) | CNOT(1->5)	"[""RY(q=5)"", ""RY(q=1)"", ""RX(q=7)"", ""CNOT(1->5)""]"
crlqas__L3_CH2_Singlet_8q__L3_CH2_Singlet_8q_rotosolve_s2_20k__seed11111__ep19848__snap0	/home/ubuntu/NeurIPS2026/PSQASBench/results/crlqas/L3_CH2_Singlet_8q/Formal_EXP/L3_CH2_Singlet_8q_rotosolve_s2_20k/seed11111	19848	0	8	0.000623	0.000000	0.000000	0.000000	0.500000	8	2	6	4	4	50.00	rotosolve	CNOT(1->5)	RY(q=1) | RY(q=5) | RY(q=7) | CNOT(1->5)	RY(q=1,θ=+0.180) | RY(q=5,θ=-3.142) | RY(q=7,θ=+3.142) | CNOT(1->5)	"[""RY(q=1)"", ""RY(q=5)"", ""RY(q=7)"", ""CNOT(1->5)""]"
crlqas__L3_CH2_Singlet_8q__L3_CH2_Singlet_8q_rotosolve_s2_20k__seed11111__ep16466__snap0	/home/ubuntu/NeurIPS2026/PSQASBench/results/crlqas/L3_CH2_Singlet_8q/Formal_EXP/L3_CH2_Singlet_8q_rotosolve_s2_20k/seed11111	16466	0	5	0.000623	0.000000	0.000000	0.000000	0.500000	5	1	4	4	1	20.00	rotosolve	CNOT(0->4)	RY(q=4) | RX(q=6) | RY(q=0) | CNOT(0->4)	RY(q=4,θ=-3.142) | RX(q=6,θ=+3.142) | RY(q=0,θ=+0.180) | CNOT(0->4)	"[""RY(q=4)"", ""RX(q=6)"", ""RY(q=0)"", ""CNOT(0->4)""]"
crlqas__L3_CH2_Singlet_8q__L3_CH2_Singlet_8q_rotosolve_s2_20k__seed11111__ep17109__snap0	/home/ubuntu/NeurIPS2026/PSQASBench/results/crlqas/L3_CH2_Singlet_8q/Formal_EXP/L3_CH2_Singlet_8q_rotosolve_s2_20k/seed11111	17109	0	7	0.000623	0.000000	0.000000	0.000000	0.500000	7	2	5	4	3	42.86	rotosolve	CNOT(1->5)	RY(q=1) | RY(q=5) | RX(q=7) | CNOT(1->5)	RY(q=1,θ=+0.180) | RY(q=5,θ=-3.142) | RX(q=7,θ=+3.142) | CNOT(1->5)	"[""RY(q=1)"", ""RY(q=5)"", ""RX(q=7)"", ""CNOT(1->5)""]"
crlqas__L3_CH2_Singlet_8q__L3_CH2_Singlet_8q_rotosolve_s2_20k__seed11111__ep12642__snap0	/home/ubuntu/NeurIPS2026/PSQASBench/results/crlqas/L3_CH2_Singlet_8q/Formal_EXP/L3_CH2_Singlet_8q_rotosolve_s2_20k/seed11111	12642	0	6	0.000623	0.000000	0.000000	0.000000	0.500000	6	2	4	4	2	33.33	rotosolve	CNOT(1->5)	RY(q=1) | RY(q=5) | RX(q=7) | CNOT(1->5)	RY(q=1,θ=+0.180) | RY(q=5,θ=-3.142) | RX(q=7,θ=+3.142) | CNOT(1->5)	"[""RY(q=1)"", ""RY(q=5)"", ""RX(q=7)"", ""CNOT(1->5)""]"
crlqas__L3_CH2_Singlet_8q__L3_CH2_Singlet_8q_rotosolve_s2_20k__seed11111__ep15853__snap0	/home/ubuntu/NeurIPS2026/PSQASBench/results/crlqas/L3_CH2_Singlet_8q/Formal_EXP/L3_CH2_Singlet_8q_rotosolve_s2_20k/seed11111	15853	0	7	0.000623	0.000000	0.000000	0.000000	0.500000	7	1	6	4	3	42.86	rotosolve	CNOT(1->5)	RY(q=1) | RY(q=5) | RY(q=7) | CNOT(1->5)	RY(q=1,θ=+0.180) | RY(q=5,θ=-3.142) | RY(q=7,θ=+3.142) | CNOT(1->5)	"[""RY(q=1)"", ""RY(q=5)"", ""RY(q=7)"", ""CNOT(1->5)""]"
crlqas__L3_CH2_Singlet_8q__L3_CH2_Singlet_8q_rotosolve_s2_20k__seed11111__ep17717__snap0	/home/ubuntu/NeurIPS2026/PSQASBench/results/crlqas/L3_CH2_Singlet_8q/Formal_EXP/L3_CH2_Singlet_8q_rotosolve_s2_20k/seed11111	17717	0	5	0.000623	0.000000	0.000000	0.000000	0.500000	5	1	4	4	1	20.00	rotosolve	CNOT(0->4)	RY(q=0) | RY(q=4) | RX(q=6) | CNOT(0->4)	RY(q=0,θ=+0.180) | RY(q=4,θ=-3.142) | RX(q=6,θ=+3.142) | CNOT(0->4)	"[""RY(q=0)"", ""RY(q=4)"", ""RX(q=6)"", ""CNOT(0->4)""]"
crlqas__L3_CH2_Singlet_8q__L3_CH2_Singlet_8q_rotosolve_s2_20k__seed11111__ep14221__snap0	/home/ubuntu/NeurIPS2026/PSQASBench/results/crlqas/L3_CH2_Singlet_8q/Formal_EXP/L3_CH2_Singlet_8q_rotosolve_s2_20k/seed11111	14221	0	5	0.000623	0.000000	0.000000	0.000000	0.500000	5	1	4	4	1	20.00	rotosolve	CNOT(0->4)	RY(q=4) | RX(q=6) | RY(q=0) | CNOT(0->4)	RY(q=4,θ=-3.142) | RX(q=6,θ=+3.142) | RY(q=0,θ=+0.180) | CNOT(0->4)	"[""RY(q=4)"", ""RX(q=6)"", ""RY(q=0)"", ""CNOT(0->4)""]"
crlqas__L3_CH2_Singlet_8q__L3_CH2_Singlet_8q_rotosolve_s2_20k__seed11111__ep10754__snap0	/home/ubuntu/NeurIPS2026/PSQASBench/results/crlqas/L3_CH2_Singlet_8q/Formal_EXP/L3_CH2_Singlet_8q_rotosolve_s2_20k/seed11111	10754	0	9	0.000623	0.000000	0.000000	0.000000	0.500000	9	1	8	4	5	55.56	rotosolve	CNOT(1->5)	RY(q=1) | RY(q=7) | RY(q=5) | CNOT(1->5)	RY(q=1,θ=+0.180) | RY(q=7,θ=+3.142) | RY(q=5,θ=-3.142) | CNOT(1->5)	"[""RY(q=1)"", ""RY(q=7)"", ""RY(q=5)"", ""CNOT(1->5)""]"
crlqas__L3_CH2_Singlet_8q__L3_CH2_Singlet_8q_rotosolve_s2_20k__seed11111__ep13718__snap0	/home/ubuntu/NeurIPS2026/PSQASBench/results/crlqas/L3_CH2_Singlet_8q/Formal_EXP/L3_CH2_Singlet_8q_rotosolve_s2_20k/seed11111	13718	0	6	0.000623	0.000000	0.000000	0.000000	0.500000	6	2	4	4	2	33.33	rotosolve	CNOT(1->5)	RY(q=1) | RY(q=5) | RX(q=7) | CNOT(1->5)	RY(q=1,θ=+0.180) | RY(q=5,θ=-3.142) | RX(q=7,θ=+3.142) | CNOT(1->5)	"[""RY(q=1)"", ""RY(q=5)"", ""RX(q=7)"", ""CNOT(1->5)""]"
crlqas__L3_CH2_Singlet_8q__L3_CH2_Singlet_8q_rotosolve_s2_20k__seed11111__ep13983__snap0	/home/ubuntu/NeurIPS2026/PSQASBench/results/crlqas/L3_CH2_Singlet_8q/Formal_EXP/L3_CH2_Singlet_8q_rotosolve_s2_20k/seed11111	13983	0	6	0.000623	0.000000	0.000000	0.000000	0.500000	6	1	5	4	2	33.33	rotosolve	CNOT(1->5)	RY(q=1) | RY(q=7) | RY(q=5) | CNOT(1->5)	RY(q=1,θ=+0.180) | RY(q=7,θ=+3.142) | RY(q=5,θ=-3.142) | CNOT(1->5)	"[""RY(q=1)"", ""RY(q=7)"", ""RY(q=5)"", ""CNOT(1->5)""]"
crlqas__L3_CH2_Singlet_8q__L3_CH2_Singlet_8q_rotosolve_s2_20k__seed11111__ep12776__snap0	/home/ubuntu/NeurIPS2026/PSQASBench/results/crlqas/L3_CH2_Singlet_8q/Formal_EXP/L3_CH2_Singlet_8q_rotosolve_s2_20k/seed11111	12776	0	6	0.000623	0.000000	0.000000	0.000000	0.500000	6	2	4	4	2	33.33	rotosolve	RX(q=7)	RY(q=1) | RY(q=5) | CNOT(1->5) | RX(q=7)	RY(q=1,θ=+0.180) | RY(q=5,θ=-3.142) | CNOT(1->5) | RX(q=7,θ=+3.142)	"[""RY(q=1)"", ""RY(q=5)"", ""CNOT(1->5)"", ""RX(q=7)""]"
crlqas__L3_CH2_Singlet_8q__L3_CH2_Singlet_8q_rotosolve_s2_20k__seed11111__ep16424__snap0	/home/ubuntu/NeurIPS2026/PSQASBench/results/crlqas/L3_CH2_Singlet_8q/Formal_EXP/L3_CH2_Singlet_8q_rotosolve_s2_20k/seed11111	16424	0	8	0.000623	0.000000	0.000000	0.000000	0.500000	8	1	7	4	4	50.00	rotosolve	CNOT(1->5)	RY(q=1) | RY(q=5) | RY(q=7) | CNOT(1->5)	RY(q=1,θ=+0.180) | RY(q=5,θ=-3.142) | RY(q=7,θ=+3.142) | CNOT(1->5)	"[""RY(q=1)"", ""RY(q=5)"", ""RY(q=7)"", ""CNOT(1->5)""]"
crlqas__L3_CH2_Singlet_8q__L3_CH2_Singlet_8q_rotosolve_s2_20k__seed11111__ep17347__snap0	/home/ubuntu/NeurIPS2026/PSQASBench/results/crlqas/L3_CH2_Singlet_8q/Formal_EXP/L3_CH2_Singlet_8q_rotosolve_s2_20k/seed11111	17347	0	12	0.000623	0.000000	0.000000	0.000000	0.500000	12	2	10	4	8	66.67	rotosolve	CNOT(4->0)	RY(q=1) | CNOT(1->5) | RX(q=7) | RY(q=1)	RY(q=1,θ=-2.961) | CNOT(1->5) | RX(q=7,θ=+3.142) | RY(q=1,θ=+3.142)	"[""RY(q=1)"", ""CNOT(1->5)"", ""RX(q=7)"", ""RY(q=1)""]"
crlqas__L3_CH2_Singlet_8q__L3_CH2_Singlet_8q_rotosolve_s2_20k__seed11111__ep19033__snap0	/home/ubuntu/NeurIPS2026/PSQASBench/results/crlqas/L3_CH2_Singlet_8q/Formal_EXP/L3_CH2_Singlet_8q_rotosolve_s2_20k/seed11111	19033	0	7	0.000623	0.000000	0.000000	0.000000	0.500000	7	1	6	4	3	42.86	rotosolve	CNOT(1->5)	RY(q=1) | RY(q=5) | RY(q=7) | CNOT(1->5)	RY(q=1,θ=+0.180) | RY(q=5,θ=-3.142) | RY(q=7,θ=+3.142) | CNOT(1->5)	"[""RY(q=1)"", ""RY(q=5)"", ""RY(q=7)"", ""CNOT(1->5)""]"
crlqas__L3_CH2_Singlet_8q__L3_CH2_Singlet_8q_rotosolve_s2_20k__seed11111__ep13439__snap0	/home/ubuntu/NeurIPS2026/PSQASBench/results/crlqas/L3_CH2_Singlet_8q/Formal_EXP/L3_CH2_Singlet_8q_rotosolve_s2_20k/seed11111	13439	0	5	0.000623	0.000000	0.000000	0.000000	0.500000	5	2	3	4	1	20.00	rotosolve	CNOT(1->5)	RY(q=1) | RX(q=5) | RX(q=7) | CNOT(1->5)	RY(q=1,θ=+0.180) | RX(q=5,θ=-3.142) | RX(q=7,θ=+3.142) | CNOT(1->5)	"[""RY(q=1)"", ""RX(q=5)"", ""RX(q=7)"", ""CNOT(1->5)""]"
crlqas__L3_CH2_Singlet_8q__L3_CH2_Singlet_8q_rotosolve_s2_20k__seed11111__ep12697__snap0	/home/ubuntu/NeurIPS2026/PSQASBench/results/crlqas/L3_CH2_Singlet_8q/Formal_EXP/L3_CH2_Singlet_8q_rotosolve_s2_20k/seed11111	12697	0	5	0.000623	0.000000	0.000000	0.000000	0.500000	5	2	3	4	1	20.00	rotosolve	CNOT(1->5)	RY(q=1) | RY(q=5) | RX(q=7) | CNOT(1->5)	RY(q=1,θ=+0.180) | RY(q=5,θ=-3.142) | RX(q=7,θ=+3.142) | CNOT(1->5)	"[""RY(q=1)"", ""RY(q=5)"", ""RX(q=7)"", ""CNOT(1->5)""]"
crlqas__L3_CH2_Singlet_8q__L3_CH2_Singlet_8q_rotosolve_s2_20k__seed11111__ep13167__snap0	/home/ubuntu/NeurIPS2026/PSQASBench/results/crlqas/L3_CH2_Singlet_8q/Formal_EXP/L3_CH2_Singlet_8q_rotosolve_s2_20k/seed11111	13167	0	5	0.000623	0.000000	0.000000	0.000000	0.500000	5	1	4	4	1	20.00	rotosolve	CNOT(1->5)	RY(q=5) | RY(q=1) | CNOT(5->7) | CNOT(1->5)	RY(q=5,θ=-3.142) | RY(q=1,θ=+0.180) | CNOT(5->7) | CNOT(1->5)	"[""RY(q=5)"", ""RY(q=1)"", ""CNOT(5->7)"", ""CNOT(1->5)""]"
crlqas__L3_CH2_Singlet_8q__L3_CH2_Singlet_8q_rotosolve_s2_20k__seed11111__ep11907__snap0	/home/ubuntu/NeurIPS2026/PSQASBench/results/crlqas/L3_CH2_Singlet_8q/Formal_EXP/L3_CH2_Singlet_8q_rotosolve_s2_20k/seed11111	11907	0	12	0.000623	0.000000	0.000000	0.000000	0.500000	12	2	10	4	8	66.67	rotosolve	CNOT(1->5)	RY(q=5) | RY(q=1) | RX(q=7) | CNOT(1->5)	RY(q=5,θ=-3.142) | RY(q=1,θ=+0.180) | RX(q=7,θ=+3.142) | CNOT(1->5)	"[""RY(q=5)"", ""RY(q=1)"", ""RX(q=7)"", ""CNOT(1->5)""]"
crlqas__L3_CH2_Singlet_8q__L3_CH2_Singlet_8q_rotosolve_s2_20k__seed11111__ep14572__snap0	/home/ubuntu/NeurIPS2026/PSQASBench/results/crlqas/L3_CH2_Singlet_8q/Formal_EXP/L3_CH2_Singlet_8q_rotosolve_s2_20k/seed11111	14572	0	5	0.000623	0.000000	0.000000	0.000000	0.500000	5	2	3	4	1	20.00	rotosolve	CNOT(1->5)	RY(q=1) | RY(q=5) | RX(q=7) | CNOT(1->5)	RY(q=1,θ=+0.180) | RY(q=5,θ=-3.142) | RX(q=7,θ=+3.142) | CNOT(1->5)	"[""RY(q=1)"", ""RY(q=5)"", ""RX(q=7)"", ""CNOT(1->5)""]"
crlqas__L3_CH2_Singlet_8q__L3_CH2_Singlet_8q_rotosolve_s2_20k__seed11111__ep16356__snap0	/home/ubuntu/NeurIPS2026/PSQASBench/results/crlqas/L3_CH2_Singlet_8q/Formal_EXP/L3_CH2_Singlet_8q_rotosolve_s2_20k/seed11111	16356	0	5	0.000623	0.000000	0.000000	0.000000	0.500000	5	2	3	4	1	20.00	rotosolve	CNOT(1->5)	RY(q=1) | RY(q=5) | RX(q=7) | CNOT(1->5)	RY(q=1,θ=+0.180) | RY(q=5,θ=-3.142) | RX(q=7,θ=+3.142) | CNOT(1->5)	"[""RY(q=1)"", ""RY(q=5)"", ""RX(q=7)"", ""CNOT(1->5)""]"
crlqas__L3_CH2_Singlet_8q__L3_CH2_Singlet_8q_rotosolve_s2_20k__seed11111__ep14436__snap0	/home/ubuntu/NeurIPS2026/PSQASBench/results/crlqas/L3_CH2_Singlet_8q/Formal_EXP/L3_CH2_Singlet_8q_rotosolve_s2_20k/seed11111	14436	0	8	0.000623	0.000000	0.000000	0.000000	0.500000	8	1	7	4	4	50.00	rotosolve	CNOT(1->5)	RY(q=7) | RY(q=1) | RY(q=5) | CNOT(1->5)	RY(q=7,θ=+3.142) | RY(q=1,θ=+0.180) | RY(q=5,θ=-3.142) | CNOT(1->5)	"[""RY(q=7)"", ""RY(q=1)"", ""RY(q=5)"", ""CNOT(1->5)""]"
crlqas__L3_CH2_Singlet_8q__L3_CH2_Singlet_8q_rotosolve_s2_20k__seed11111__ep18566__snap0	/home/ubuntu/NeurIPS2026/PSQASBench/results/crlqas/L3_CH2_Singlet_8q/Formal_EXP/L3_CH2_Singlet_8q_rotosolve_s2_20k/seed11111	18566	0	7	0.000623	0.000000	0.000000	0.000000	0.500000	7	2	5	4	3	42.86	rotosolve	CNOT(1->5)	RY(q=5) | RY(q=1) | RX(q=7) | CNOT(1->5)	RY(q=5,θ=-3.142) | RY(q=1,θ=+0.180) | RX(q=7,θ=+3.142) | CNOT(1->5)	"[""RY(q=5)"", ""RY(q=1)"", ""RX(q=7)"", ""CNOT(1->5)""]"
crlqas__L3_CH2_Singlet_8q__L3_CH2_Singlet_8q_rotosolve_s2_20k__seed11111__ep10723__snap0	/home/ubuntu/NeurIPS2026/PSQASBench/results/crlqas/L3_CH2_Singlet_8q/Formal_EXP/L3_CH2_Singlet_8q_rotosolve_s2_20k/seed11111	10723	0	9	0.000623	0.000000	0.000000	0.000000	0.500000	9	3	6	4	5	55.56	rotosolve	CNOT(1->5)	RY(q=1) | RY(q=5) | RX(q=7) | CNOT(1->5)	RY(q=1,θ=+0.180) | RY(q=5,θ=-3.142) | RX(q=7,θ=+3.142) | CNOT(1->5)	"[""RY(q=1)"", ""RY(q=5)"", ""RX(q=7)"", ""CNOT(1->5)""]"
crlqas__L3_CH2_Singlet_8q__L3_CH2_Singlet_8q_rotosolve_s2_20k__seed11111__ep12877__snap0	/home/ubuntu/NeurIPS2026/PSQASBench/results/crlqas/L3_CH2_Singlet_8q/Formal_EXP/L3_CH2_Singlet_8q_rotosolve_s2_20k/seed11111	12877	0	5	0.000623	0.000000	0.000000	0.000000	0.500000	5	1	4	4	1	20.00	rotosolve	CNOT(1->5)	RY(q=1) | RY(q=5) | RY(q=7) | CNOT(1->5)	RY(q=1,θ=+0.180) | RY(q=5,θ=-3.142) | RY(q=7,θ=+3.142) | CNOT(1->5)	"[""RY(q=1)"", ""RY(q=5)"", ""RY(q=7)"", ""CNOT(1->5)""]"
crlqas__L3_CH2_Singlet_8q__L3_CH2_Singlet_8q_rotosolve_s2_20k__seed11111__ep13959__snap0	/home/ubuntu/NeurIPS2026/PSQASBench/results/crlqas/L3_CH2_Singlet_8q/Formal_EXP/L3_CH2_Singlet_8q_rotosolve_s2_20k/seed11111	13959	0	9	0.000623	0.000000	0.000000	0.000000	0.500000	9	0	9	4	5	55.56	rotosolve	RY(q=7)	RY(q=5) | CNOT(5->1) | RX(q=5) | RY(q=7)	RY(q=5,θ=+0.180) | CNOT(5->1) | RX(q=5,θ=-3.142) | RY(q=7,θ=+3.142)	"[""RY(q=5)"", ""CNOT(5->1)"", ""RX(q=5)"", ""RY(q=7)""]"
crlqas__L3_CH2_Singlet_8q__L3_CH2_Singlet_8q_rotosolve_s2_20k__seed11111__ep18791__snap0	/home/ubuntu/NeurIPS2026/PSQASBench/results/crlqas/L3_CH2_Singlet_8q/Formal_EXP/L3_CH2_Singlet_8q_rotosolve_s2_20k/seed11111	18791	0	4	0.000623	0.000000	0.000000	0.000000	0.500000	4	2	2	4	0	0.00	rotosolve	CNOT(1->5)	RX(q=7) | RY(q=1) | RY(q=5) | CNOT(1->5)	RX(q=7,θ=-3.142) | RY(q=1,θ=+0.180) | RY(q=5,θ=-3.142) | CNOT(1->5)	"[""RX(q=7)"", ""RY(q=1)"", ""RY(q=5)"", ""CNOT(1->5)""]"
crlqas__L3_CH2_Singlet_8q__L3_CH2_Singlet_8q_rotosolve_s2_20k__seed11111__ep13235__snap0	/home/ubuntu/NeurIPS2026/PSQASBench/results/crlqas/L3_CH2_Singlet_8q/Formal_EXP/L3_CH2_Singlet_8q_rotosolve_s2_20k/seed11111	13235	0	5	0.000623	0.000000	0.000000	0.000000	0.500000	5	2	3	4	1	20.00	rotosolve	CNOT(1->5)	RY(q=1) | RX(q=5) | RX(q=7) | CNOT(1->5)	RY(q=1,θ=+0.180) | RX(q=5,θ=-3.142) | RX(q=7,θ=+3.142) | CNOT(1->5)	"[""RY(q=1)"", ""RX(q=5)"", ""RX(q=7)"", ""CNOT(1->5)""]"
crlqas__L3_CH2_Singlet_8q__L3_CH2_Singlet_8q_rotosolve_s2_20k__seed11111__ep16511__snap0	/home/ubuntu/NeurIPS2026/PSQASBench/results/crlqas/L3_CH2_Singlet_8q/Formal_EXP/L3_CH2_Singlet_8q_rotosolve_s2_20k/seed11111	16511	0	5	0.000623	0.000000	0.000000	0.000000	0.500000	5	2	3	4	1	20.00	rotosolve	CNOT(1->5)	RY(q=1) | RY(q=5) | RX(q=7) | CNOT(1->5)	RY(q=1,θ=+0.180) | RY(q=5,θ=-3.142) | RX(q=7,θ=+3.142) | CNOT(1->5)	"[""RY(q=1)"", ""RY(q=5)"", ""RX(q=7)"", ""CNOT(1->5)""]"
crlqas__L3_CH2_Singlet_8q__L3_CH2_Singlet_8q_rotosolve_s2_20k__seed11111__ep12757__snap0	/home/ubuntu/NeurIPS2026/PSQASBench/results/crlqas/L3_CH2_Singlet_8q/Formal_EXP/L3_CH2_Singlet_8q_rotosolve_s2_20k/seed11111	12757	0	6	0.000623	0.000000	0.000000	0.000000	0.500000	6	1	5	4	2	33.33	rotosolve	CNOT(0->4)	RX(q=6) | RY(q=4) | RY(q=0) | CNOT(0->4)	RX(q=6,θ=+3.142) | RY(q=4,θ=-3.142) | RY(q=0,θ=+0.180) | CNOT(0->4)	"[""RX(q=6)"", ""RY(q=4)"", ""RY(q=0)"", ""CNOT(0->4)""]"
crlqas__L3_CH2_Singlet_8q__L3_CH2_Singlet_8q_rotosolve_s2_20k__seed11111__ep15259__snap0	/home/ubuntu/NeurIPS2026/PSQASBench/results/crlqas/L3_CH2_Singlet_8q/Formal_EXP/L3_CH2_Singlet_8q_rotosolve_s2_20k/seed11111	15259	0	6	0.000623	0.000000	0.000000	0.000000	0.500000	6	1	5	4	2	33.33	rotosolve	CNOT(1->5)	RY(q=5) | RY(q=1) | RY(q=7) | CNOT(1->5)	RY(q=5,θ=-3.142) | RY(q=1,θ=+0.180) | RY(q=7,θ=+3.142) | CNOT(1->5)	"[""RY(q=5)"", ""RY(q=1)"", ""RY(q=7)"", ""CNOT(1->5)""]"
crlqas__L3_CH2_Singlet_8q__L3_CH2_Singlet_8q_rotosolve_s2_20k__seed11111__ep16822__snap0	/home/ubuntu/NeurIPS2026/PSQASBench/results/crlqas/L3_CH2_Singlet_8q/Formal_EXP/L3_CH2_Singlet_8q_rotosolve_s2_20k/seed11111	16822	0	7	0.000623	0.000000	0.000000	0.000000	0.500000	7	1	6	4	3	42.86	rotosolve	CNOT(1->5)	RY(q=1) | RY(q=5) | CNOT(5->7) | CNOT(1->5)	RY(q=1,θ=+0.180) | RY(q=5,θ=-3.142) | CNOT(5->7) | CNOT(1->5)	"[""RY(q=1)"", ""RY(q=5)"", ""CNOT(5->7)"", ""CNOT(1->5)""]"
crlqas__L3_CH2_Singlet_8q__L3_CH2_Singlet_8q_rotosolve_s2_20k__seed11111__ep12973__snap0	/home/ubuntu/NeurIPS2026/PSQASBench/results/crlqas/L3_CH2_Singlet_8q/Formal_EXP/L3_CH2_Singlet_8q_rotosolve_s2_20k/seed11111	12973	0	5	0.000623	0.000000	0.000000	0.000000	0.500000	5	2	3	4	1	20.00	rotosolve	CNOT(1->5)	RX(q=7) | RY(q=1) | RY(q=5) | CNOT(1->5)	RX(q=7,θ=+3.142) | RY(q=1,θ=+0.180) | RY(q=5,θ=-3.142) | CNOT(1->5)	"[""RX(q=7)"", ""RY(q=1)"", ""RY(q=5)"", ""CNOT(1->5)""]"
crlqas__L3_CH2_Singlet_8q__L3_CH2_Singlet_8q_rotosolve_s2_20k__seed11111__ep18697__snap0	/home/ubuntu/NeurIPS2026/PSQASBench/results/crlqas/L3_CH2_Singlet_8q/Formal_EXP/L3_CH2_Singlet_8q_rotosolve_s2_20k/seed11111	18697	0	5	0.000623	0.000000	0.000000	0.000000	0.500000	5	1	4	4	1	20.00	rotosolve	CNOT(1->5)	RY(q=1) | RY(q=5) | CNOT(5->7) | CNOT(1->5)	RY(q=1,θ=+0.180) | RY(q=5,θ=-3.142) | CNOT(5->7) | CNOT(1->5)	"[""RY(q=1)"", ""RY(q=5)"", ""CNOT(5->7)"", ""CNOT(1->5)""]"
crlqas__L3_CH2_Singlet_8q__L3_CH2_Singlet_8q_rotosolve_s2_20k__seed11111__ep14113__snap0	/home/ubuntu/NeurIPS2026/PSQASBench/results/crlqas/L3_CH2_Singlet_8q/Formal_EXP/L3_CH2_Singlet_8q_rotosolve_s2_20k/seed11111	14113	0	5	0.000623	0.000000	0.000000	0.000000	0.500000	5	2	3	4	1	20.00	rotosolve	CNOT(1->5)	RY(q=1) | RY(q=5) | RX(q=7) | CNOT(1->5)	RY(q=1,θ=+0.180) | RY(q=5,θ=-3.142) | RX(q=7,θ=+3.142) | CNOT(1->5)	"[""RY(q=1)"", ""RY(q=5)"", ""RX(q=7)"", ""CNOT(1->5)""]"
crlqas__L3_CH2_Singlet_8q__L3_CH2_Singlet_8q_rotosolve_s2_20k__seed11111__ep17826__snap0	/home/ubuntu/NeurIPS2026/PSQASBench/results/crlqas/L3_CH2_Singlet_8q/Formal_EXP/L3_CH2_Singlet_8q_rotosolve_s2_20k/seed11111	17826	0	5	0.000623	0.000000	0.000000	0.000000	0.500000	5	1	4	4	1	20.00	rotosolve	CNOT(1->5)	RY(q=5) | CNOT(5->7) | RY(q=1) | CNOT(1->5)	RY(q=5,θ=-3.142) | CNOT(5->7) | RY(q=1,θ=+0.180) | CNOT(1->5)	"[""RY(q=5)"", ""CNOT(5->7)"", ""RY(q=1)"", ""CNOT(1->5)""]"
crlqas__L3_CH2_Singlet_8q__L3_CH2_Singlet_8q_rotosolve_s2_20k__seed11111__ep11461__snap0	/home/ubuntu/NeurIPS2026/PSQASBench/results/crlqas/L3_CH2_Singlet_8q/Formal_EXP/L3_CH2_Singlet_8q_rotosolve_s2_20k/seed11111	11461	0	4	0.000623	0.000000	0.000000	0.000000	0.500000	4	1	3	4	0	0.00	rotosolve	CNOT(1->5)	RY(q=7) | RY(q=1) | RY(q=5) | CNOT(1->5)	RY(q=7,θ=-3.142) | RY(q=1,θ=+0.180) | RY(q=5,θ=-3.142) | CNOT(1->5)	"[""RY(q=7)"", ""RY(q=1)"", ""RY(q=5)"", ""CNOT(1->5)""]"
crlqas__L3_CH2_Singlet_8q__L3_CH2_Singlet_8q_rotosolve_s2_20k__seed11111__ep18718__snap0	/home/ubuntu/NeurIPS2026/PSQASBench/results/crlqas/L3_CH2_Singlet_8q/Formal_EXP/L3_CH2_Singlet_8q_rotosolve_s2_20k/seed11111	18718	0	5	0.000623	0.000000	0.000000	0.000000	0.500000	5	2	3	4	1	20.00	rotosolve	CNOT(1->5)	RY(q=1) | RX(q=7) | RY(q=5) | CNOT(1->5)	RY(q=1,θ=+0.180) | RX(q=7,θ=+3.142) | RY(q=5,θ=-3.142) | CNOT(1->5)	"[""RY(q=1)"", ""RX(q=7)"", ""RY(q=5)"", ""CNOT(1->5)""]"
crlqas__L3_CH2_Singlet_8q__L3_CH2_Singlet_8q_rotosolve_s2_20k__seed11111__ep15605__snap0	/home/ubuntu/NeurIPS2026/PSQASBench/results/crlqas/L3_CH2_Singlet_8q/Formal_EXP/L3_CH2_Singlet_8q_rotosolve_s2_20k/seed11111	15605	0	5	0.000623	0.000000	0.000000	0.000000	0.500000	5	2	3	4	1	20.00	rotosolve	CNOT(1->5)	RY(q=1) | RY(q=5) | RX(q=7) | CNOT(1->5)	RY(q=1,θ=+0.180) | RY(q=5,θ=-3.142) | RX(q=7,θ=+3.142) | CNOT(1->5)	"[""RY(q=1)"", ""RY(q=5)"", ""RX(q=7)"", ""CNOT(1->5)""]"
crlqas__L3_CH2_Singlet_8q__L3_CH2_Singlet_8q_rotosolve_s2_20k__seed11111__ep18251__snap0	/home/ubuntu/NeurIPS2026/PSQASBench/results/crlqas/L3_CH2_Singlet_8q/Formal_EXP/L3_CH2_Singlet_8q_rotosolve_s2_20k/seed11111	18251	0	6	0.000623	0.000000	0.000000	0.000000	0.500000	6	2	4	4	2	33.33	rotosolve	CNOT(1->5)	RY(q=1) | RY(q=5) | RX(q=7) | CNOT(1->5)	RY(q=1,θ=+0.180) | RY(q=5,θ=-3.142) | RX(q=7,θ=+3.142) | CNOT(1->5)	"[""RY(q=1)"", ""RY(q=5)"", ""RX(q=7)"", ""CNOT(1->5)""]"
crlqas__L3_CH2_Singlet_8q__L3_CH2_Singlet_8q_rotosolve_s2_20k__seed11111__ep18600__snap0	/home/ubuntu/NeurIPS2026/PSQASBench/results/crlqas/L3_CH2_Singlet_8q/Formal_EXP/L3_CH2_Singlet_8q_rotosolve_s2_20k/seed11111	18600	0	5	0.000623	0.000000	0.000000	0.000000	0.500000	5	1	4	4	1	20.00	rotosolve	CNOT(0->4)	RX(q=4) | RX(q=6) | RY(q=0) | CNOT(0->4)	RX(q=4,θ=-3.142) | RX(q=6,θ=+3.142) | RY(q=0,θ=+0.180) | CNOT(0->4)	"[""RX(q=4)"", ""RX(q=6)"", ""RY(q=0)"", ""CNOT(0->4)""]"
crlqas__L3_CH2_Singlet_8q__L3_CH2_Singlet_8q_rotosolve_s2_20k__seed11111__ep14861__snap0	/home/ubuntu/NeurIPS2026/PSQASBench/results/crlqas/L3_CH2_Singlet_8q/Formal_EXP/L3_CH2_Singlet_8q_rotosolve_s2_20k/seed11111	14861	0	7	0.000623	0.000000	0.000000	0.000000	0.500000	7	2	5	4	3	42.86	rotosolve	CNOT(1->5)	RY(q=1) | RY(q=5) | RX(q=7) | CNOT(1->5)	RY(q=1,θ=+0.180) | RY(q=5,θ=-3.142) | RX(q=7,θ=+3.142) | CNOT(1->5)	"[""RY(q=1)"", ""RY(q=5)"", ""RX(q=7)"", ""CNOT(1->5)""]"
crlqas__L3_CH2_Singlet_8q__L3_CH2_Singlet_8q_rotosolve_s2_20k__seed11111__ep18273__snap0	/home/ubuntu/NeurIPS2026/PSQASBench/results/crlqas/L3_CH2_Singlet_8q/Formal_EXP/L3_CH2_Singlet_8q_rotosolve_s2_20k/seed11111	18273	0	5	0.000623	0.000000	0.000000	0.000000	0.500000	5	2	3	4	1	20.00	rotosolve	CNOT(1->5)	RY(q=1) | RY(q=5) | RX(q=7) | CNOT(1->5)	RY(q=1,θ=+0.180) | RY(q=5,θ=-3.142) | RX(q=7,θ=+3.142) | CNOT(1->5)	"[""RY(q=1)"", ""RY(q=5)"", ""RX(q=7)"", ""CNOT(1->5)""]"
crlqas__L3_CH2_Singlet_8q__L3_CH2_Singlet_8q_rotosolve_s2_20k__seed11111__ep15009__snap0	/home/ubuntu/NeurIPS2026/PSQASBench/results/crlqas/L3_CH2_Singlet_8q/Formal_EXP/L3_CH2_Singlet_8q_rotosolve_s2_20k/seed11111	15009	0	6	0.000623	0.000000	0.000000	0.000000	0.500000	6	2	4	4	2	33.33	rotosolve	CNOT(1->5)	RY(q=1) | RY(q=5) | RX(q=7) | CNOT(1->5)	RY(q=1,θ=+0.180) | RY(q=5,θ=-3.142) | RX(q=7,θ=+3.142) | CNOT(1->5)	"[""RY(q=1)"", ""RY(q=5)"", ""RX(q=7)"", ""CNOT(1->5)""]"
crlqas__L3_CH2_Singlet_8q__L3_CH2_Singlet_8q_rotosolve_s2_20k__seed11111__ep10171__snap0	/home/ubuntu/NeurIPS2026/PSQASBench/results/crlqas/L3_CH2_Singlet_8q/Formal_EXP/L3_CH2_Singlet_8q_rotosolve_s2_20k/seed11111	10171	0	6	0.000623	0.000000	0.000000	0.000000	0.500000	6	1	5	4	2	33.33	rotosolve	CNOT(0->4)	RX(q=4) | RY(q=0) | RX(q=6) | CNOT(0->4)	RX(q=4,θ=-3.142) | RY(q=0,θ=+0.180) | RX(q=6,θ=+3.142) | CNOT(0->4)	"[""RX(q=4)"", ""RY(q=0)"", ""RX(q=6)"", ""CNOT(0->4)""]"
crlqas__L3_CH2_Singlet_8q__L3_CH2_Singlet_8q_rotosolve_s2_20k__seed11111__ep13214__snap0	/home/ubuntu/NeurIPS2026/PSQASBench/results/crlqas/L3_CH2_Singlet_8q/Formal_EXP/L3_CH2_Singlet_8q_rotosolve_s2_20k/seed11111	13214	0	9	0.000623	0.000000	0.000000	0.000000	0.500000	9	1	8	4	5	55.56	rotosolve	RX(q=7)	RY(q=1) | RY(q=5) | CNOT(5->1) | RX(q=7)	RY(q=1,θ=+3.142) | RY(q=5,θ=+2.961) | CNOT(5->1) | RX(q=7,θ=+3.142)	"[""RY(q=1)"", ""RY(q=5)"", ""CNOT(5->1)"", ""RX(q=7)""]"
crlqas__L3_CH2_Singlet_8q__L3_CH2_Singlet_8q_rotosolve_s2_20k__seed11111__ep10539__snap0	/home/ubuntu/NeurIPS2026/PSQASBench/results/crlqas/L3_CH2_Singlet_8q/Formal_EXP/L3_CH2_Singlet_8q_rotosolve_s2_20k/seed11111	10539	0	9	0.000623	0.000000	0.000000	0.000000	0.500000	9	1	8	4	5	55.56	rotosolve	CNOT(0->4)	RX(q=4) | RY(q=0) | RX(q=6) | CNOT(0->4)	RX(q=4,θ=-3.142) | RY(q=0,θ=+0.180) | RX(q=6,θ=+3.142) | CNOT(0->4)	"[""RX(q=4)"", ""RY(q=0)"", ""RX(q=6)"", ""CNOT(0->4)""]"
crlqas__L3_CH2_Singlet_8q__L3_CH2_Singlet_8q_rotosolve_s2_20k__seed11111__ep13840__snap0	/home/ubuntu/NeurIPS2026/PSQASBench/results/crlqas/L3_CH2_Singlet_8q/Formal_EXP/L3_CH2_Singlet_8q_rotosolve_s2_20k/seed11111	13840	0	8	0.000623	0.000000	0.000000	0.000000	0.500000	8	1	7	4	4	50.00	rotosolve	CNOT(1->5)	RY(q=1) | RY(q=5) | RY(q=7) | CNOT(1->5)	RY(q=1,θ=+0.180) | RY(q=5,θ=-3.142) | RY(q=7,θ=+3.142) | CNOT(1->5)	"[""RY(q=1)"", ""RY(q=5)"", ""RY(q=7)"", ""CNOT(1->5)""]"
crlqas__L3_CH2_Singlet_8q__L3_CH2_Singlet_8q_rotosolve_s2_20k__seed11111__ep16615__snap0	/home/ubuntu/NeurIPS2026/PSQASBench/results/crlqas/L3_CH2_Singlet_8q/Formal_EXP/L3_CH2_Singlet_8q_rotosolve_s2_20k/seed11111	16615	0	5	0.000623	0.000000	0.000000	0.000000	0.500000	5	1	4	4	1	20.00	rotosolve	CNOT(1->5)	RY(q=1) | RY(q=5) | CNOT(5->7) | CNOT(1->5)	RY(q=1,θ=+0.180) | RY(q=5,θ=-3.142) | CNOT(5->7) | CNOT(1->5)	"[""RY(q=1)"", ""RY(q=5)"", ""CNOT(5->7)"", ""CNOT(1->5)""]"
crlqas__L3_CH2_Singlet_8q__L3_CH2_Singlet_8q_rotosolve_s2_20k__seed11111__ep17037__snap0	/home/ubuntu/NeurIPS2026/PSQASBench/results/crlqas/L3_CH2_Singlet_8q/Formal_EXP/L3_CH2_Singlet_8q_rotosolve_s2_20k/seed11111	17037	0	4	0.000623	0.000000	0.000000	0.000000	0.500000	4	1	3	4	0	0.00	rotosolve	CNOT(1->5)	RY(q=1) | RY(q=5) | CNOT(5->7) | CNOT(1->5)	RY(q=1,θ=+0.180) | RY(q=5,θ=-3.142) | CNOT(5->7) | CNOT(1->5)	"[""RY(q=1)"", ""RY(q=5)"", ""CNOT(5->7)"", ""CNOT(1->5)""]"
crlqas__L3_CH2_Singlet_8q__L3_CH2_Singlet_8q_rotosolve_s2_20k__seed11111__ep19796__snap0	/home/ubuntu/NeurIPS2026/PSQASBench/results/crlqas/L3_CH2_Singlet_8q/Formal_EXP/L3_CH2_Singlet_8q_rotosolve_s2_20k/seed11111	19796	0	5	0.000623	0.000000	0.000000	0.000000	0.500000	5	2	3	4	1	20.00	rotosolve	CNOT(1->5)	RY(q=1) | RY(q=5) | RX(q=7) | CNOT(1->5)	RY(q=1,θ=+0.180) | RY(q=5,θ=-3.142) | RX(q=7,θ=+3.142) | CNOT(1->5)	"[""RY(q=1)"", ""RY(q=5)"", ""RX(q=7)"", ""CNOT(1->5)""]"
crlqas__L3_CH2_Singlet_8q__L3_CH2_Singlet_8q_rotosolve_s2_20k__seed11111__ep10703__snap0	/home/ubuntu/NeurIPS2026/PSQASBench/results/crlqas/L3_CH2_Singlet_8q/Formal_EXP/L3_CH2_Singlet_8q_rotosolve_s2_20k/seed11111	10703	0	5	0.000623	0.000000	0.000000	0.000000	0.500000	5	2	3	4	1	20.00	rotosolve	CNOT(1->5)	RY(q=1) | RY(q=5) | RX(q=7) | CNOT(1->5)	RY(q=1,θ=+0.180) | RY(q=5,θ=-3.142) | RX(q=7,θ=+3.142) | CNOT(1->5)	"[""RY(q=1)"", ""RY(q=5)"", ""RX(q=7)"", ""CNOT(1->5)""]"
crlqas__L3_CH2_Singlet_8q__L3_CH2_Singlet_8q_rotosolve_s2_20k__seed11111__ep18608__snap0	/home/ubuntu/NeurIPS2026/PSQASBench/results/crlqas/L3_CH2_Singlet_8q/Formal_EXP/L3_CH2_Singlet_8q_rotosolve_s2_20k/seed11111	18608	0	5	0.000623	0.000000	0.000000	0.000000	0.500000	5	2	3	4	1	20.00	rotosolve	CNOT(1->5)	RY(q=1) | RX(q=7) | RY(q=5) | CNOT(1->5)	RY(q=1,θ=+0.180) | RX(q=7,θ=+3.142) | RY(q=5,θ=-3.142) | CNOT(1->5)	"[""RY(q=1)"", ""RX(q=7)"", ""RY(q=5)"", ""CNOT(1->5)""]"
crlqas__L3_CH2_Singlet_8q__L3_CH2_Singlet_8q_rotosolve_s2_20k__seed11111__ep16129__snap0	/home/ubuntu/NeurIPS2026/PSQASBench/results/crlqas/L3_CH2_Singlet_8q/Formal_EXP/L3_CH2_Singlet_8q_rotosolve_s2_20k/seed11111	16129	0	8	0.000623	0.000000	0.000000	0.000000	0.500000	8	2	6	4	4	50.00	rotosolve	CNOT(1->5)	RY(q=1) | RY(q=5) | RX(q=7) | CNOT(1->5)	RY(q=1,θ=+0.180) | RY(q=5,θ=-3.142) | RX(q=7,θ=+3.142) | CNOT(1->5)	"[""RY(q=1)"", ""RY(q=5)"", ""RX(q=7)"", ""CNOT(1->5)""]"
crlqas__L3_CH2_Singlet_8q__L3_CH2_Singlet_8q_rotosolve_s2_20k__seed11111__ep12024__snap0	/home/ubuntu/NeurIPS2026/PSQASBench/results/crlqas/L3_CH2_Singlet_8q/Formal_EXP/L3_CH2_Singlet_8q_rotosolve_s2_20k/seed11111	12024	0	6	0.000623	0.000000	0.000000	0.000000	0.500000	6	2	4	4	2	33.33	rotosolve	CNOT(1->5)	RY(q=1) | RY(q=5) | RX(q=7) | CNOT(1->5)	RY(q=1,θ=+0.180) | RY(q=5,θ=-3.142) | RX(q=7,θ=+3.142) | CNOT(1->5)	"[""RY(q=1)"", ""RY(q=5)"", ""RX(q=7)"", ""CNOT(1->5)""]"
crlqas__L3_CH2_Singlet_8q__L3_CH2_Singlet_8q_rotosolve_s2_20k__seed11111__ep19888__snap0	/home/ubuntu/NeurIPS2026/PSQASBench/results/crlqas/L3_CH2_Singlet_8q/Formal_EXP/L3_CH2_Singlet_8q_rotosolve_s2_20k/seed11111	19888	0	6	0.000623	0.000000	0.000000	0.000000	0.500000	6	2	4	4	2	33.33	rotosolve	CNOT(1->5)	RY(q=1) | RX(q=7) | RY(q=5) | CNOT(1->5)	RY(q=1,θ=+0.180) | RX(q=7,θ=+3.142) | RY(q=5,θ=-3.142) | CNOT(1->5)	"[""RY(q=1)"", ""RX(q=7)"", ""RY(q=5)"", ""CNOT(1->5)""]"
crlqas__L3_CH2_Singlet_8q__L3_CH2_Singlet_8q_rotosolve_s2_20k__seed11111__ep12974__snap0	/home/ubuntu/NeurIPS2026/PSQASBench/results/crlqas/L3_CH2_Singlet_8q/Formal_EXP/L3_CH2_Singlet_8q_rotosolve_s2_20k/seed11111	12974	0	5	0.000623	0.000000	0.000000	0.000000	0.500000	5	2	3	4	1	20.00	rotosolve	CNOT(1->5)	RY(q=1) | RY(q=5) | RX(q=7) | CNOT(1->5)	RY(q=1,θ=+0.180) | RY(q=5,θ=-3.142) | RX(q=7,θ=+3.142) | CNOT(1->5)	"[""RY(q=1)"", ""RY(q=5)"", ""RX(q=7)"", ""CNOT(1->5)""]"
crlqas__L3_CH2_Singlet_8q__L3_CH2_Singlet_8q_rotosolve_s2_20k__seed11111__ep15215__snap0	/home/ubuntu/NeurIPS2026/PSQASBench/results/crlqas/L3_CH2_Singlet_8q/Formal_EXP/L3_CH2_Singlet_8q_rotosolve_s2_20k/seed11111	15215	0	5	0.000623	0.000000	0.000000	0.000000	0.500000	5	1	4	4	1	20.00	rotosolve	CNOT(1->5)	RY(q=5) | RY(q=1) | RY(q=7) | CNOT(1->5)	RY(q=5,θ=-3.142) | RY(q=1,θ=+0.180) | RY(q=7,θ=+3.142) | CNOT(1->5)	"[""RY(q=5)"", ""RY(q=1)"", ""RY(q=7)"", ""CNOT(1->5)""]"
crlqas__L3_CH2_Singlet_8q__L3_CH2_Singlet_8q_rotosolve_s2_20k__seed11111__ep16508__snap0	/home/ubuntu/NeurIPS2026/PSQASBench/results/crlqas/L3_CH2_Singlet_8q/Formal_EXP/L3_CH2_Singlet_8q_rotosolve_s2_20k/seed11111	16508	0	7	0.000623	0.000000	0.000000	0.000000	0.500000	7	1	6	4	3	42.86	rotosolve	CNOT(1->5)	RY(q=1) | RY(q=7) | RY(q=5) | CNOT(1->5)	RY(q=1,θ=+0.180) | RY(q=7,θ=+3.142) | RY(q=5,θ=-3.142) | CNOT(1->5)	"[""RY(q=1)"", ""RY(q=7)"", ""RY(q=5)"", ""CNOT(1->5)""]"
crlqas__L3_CH2_Singlet_8q__L3_CH2_Singlet_8q_rotosolve_s2_20k__seed11111__ep13651__snap0	/home/ubuntu/NeurIPS2026/PSQASBench/results/crlqas/L3_CH2_Singlet_8q/Formal_EXP/L3_CH2_Singlet_8q_rotosolve_s2_20k/seed11111	13651	0	8	0.000623	0.000000	0.000000	0.000000	0.500000	8	2	6	4	4	50.00	rotosolve	CNOT(1->5)	RY(q=1) | RY(q=5) | RX(q=7) | CNOT(1->5)	RY(q=1,θ=+0.180) | RY(q=5,θ=-3.142) | RX(q=7,θ=+3.142) | CNOT(1->5)	"[""RY(q=1)"", ""RY(q=5)"", ""RX(q=7)"", ""CNOT(1->5)""]"
crlqas__L3_CH2_Singlet_8q__L3_CH2_Singlet_8q_rotosolve_s2_20k__seed11111__ep15019__snap0	/home/ubuntu/NeurIPS2026/PSQASBench/results/crlqas/L3_CH2_Singlet_8q/Formal_EXP/L3_CH2_Singlet_8q_rotosolve_s2_20k/seed11111	15019	0	5	0.000623	0.000000	0.000000	0.000000	0.500000	5	2	3	4	1	20.00	rotosolve	CNOT(1->5)	RY(q=1) | RY(q=5) | RX(q=7) | CNOT(1->5)	RY(q=1,θ=+0.180) | RY(q=5,θ=-3.142) | RX(q=7,θ=+3.142) | CNOT(1->5)	"[""RY(q=1)"", ""RY(q=5)"", ""RX(q=7)"", ""CNOT(1->5)""]"
crlqas__L3_CH2_Singlet_8q__L3_CH2_Singlet_8q_rotosolve_s2_20k__seed11111__ep11620__snap0	/home/ubuntu/NeurIPS2026/PSQASBench/results/crlqas/L3_CH2_Singlet_8q/Formal_EXP/L3_CH2_Singlet_8q_rotosolve_s2_20k/seed11111	11620	0	5	0.000623	0.000000	0.000000	0.000000	0.500000	5	1	4	4	1	20.00	rotosolve	CNOT(1->5)	RY(q=1) | RY(q=5) | CNOT(5->7) | CNOT(1->5)	RY(q=1,θ=+0.180) | RY(q=5,θ=-3.142) | CNOT(5->7) | CNOT(1->5)	"[""RY(q=1)"", ""RY(q=5)"", ""CNOT(5->7)"", ""CNOT(1->5)""]"
crlqas__L3_CH2_Singlet_8q__L3_CH2_Singlet_8q_rotosolve_s2_20k__seed11111__ep15050__snap0	/home/ubuntu/NeurIPS2026/PSQASBench/results/crlqas/L3_CH2_Singlet_8q/Formal_EXP/L3_CH2_Singlet_8q_rotosolve_s2_20k/seed11111	15050	0	7	0.000623	0.000000	0.000000	0.000000	0.500000	7	1	6	4	3	42.86	rotosolve	CNOT(1->5)	RY(q=1) | RY(q=5) | RY(q=7) | CNOT(1->5)	RY(q=1,θ=+0.180) | RY(q=5,θ=-3.142) | RY(q=7,θ=+3.142) | CNOT(1->5)	"[""RY(q=1)"", ""RY(q=5)"", ""RY(q=7)"", ""CNOT(1->5)""]"
crlqas__L3_CH2_Singlet_8q__L3_CH2_Singlet_8q_rotosolve_s2_20k__seed11111__ep14916__snap0	/home/ubuntu/NeurIPS2026/PSQASBench/results/crlqas/L3_CH2_Singlet_8q/Formal_EXP/L3_CH2_Singlet_8q_rotosolve_s2_20k/seed11111	14916	0	4	0.000623	0.000000	0.000000	0.000000	0.500000	4	2	2	4	0	0.00	rotosolve	CNOT(1->5)	RY(q=5) | RY(q=1) | RX(q=7) | CNOT(1->5)	RY(q=5,θ=-3.142) | RY(q=1,θ=+0.180) | RX(q=7,θ=+3.142) | CNOT(1->5)	"[""RY(q=5)"", ""RY(q=1)"", ""RX(q=7)"", ""CNOT(1->5)""]"
crlqas__L3_CH2_Singlet_8q__L3_CH2_Singlet_8q_rotosolve_s2_20k__seed11111__ep13992__snap0	/home/ubuntu/NeurIPS2026/PSQASBench/results/crlqas/L3_CH2_Singlet_8q/Formal_EXP/L3_CH2_Singlet_8q_rotosolve_s2_20k/seed11111	13992	0	6	0.000623	0.000000	0.000000	0.000000	0.500000	6	2	4	4	2	33.33	rotosolve	CNOT(1->5)	RY(q=1) | RY(q=5) | RX(q=7) | CNOT(1->5)	RY(q=1,θ=+0.180) | RY(q=5,θ=-3.142) | RX(q=7,θ=+3.142) | CNOT(1->5)	"[""RY(q=1)"", ""RY(q=5)"", ""RX(q=7)"", ""CNOT(1->5)""]"
crlqas__L3_CH2_Singlet_8q__L3_CH2_Singlet_8q_rotosolve_s2_20k__seed11111__ep12213__snap0	/home/ubuntu/NeurIPS2026/PSQASBench/results/crlqas/L3_CH2_Singlet_8q/Formal_EXP/L3_CH2_Singlet_8q_rotosolve_s2_20k/seed11111	12213	0	5	0.000623	0.000000	0.000000	0.000000	0.500000	5	1	4	4	1	20.00	rotosolve	CNOT(1->5)	RY(q=1) | RY(q=5) | RY(q=7) | CNOT(1->5)	RY(q=1,θ=+0.180) | RY(q=5,θ=-3.142) | RY(q=7,θ=+3.142) | CNOT(1->5)	"[""RY(q=1)"", ""RY(q=5)"", ""RY(q=7)"", ""CNOT(1->5)""]"
crlqas__L3_CH2_Singlet_8q__L3_CH2_Singlet_8q_rotosolve_s2_20k__seed11111__ep12336__snap0	/home/ubuntu/NeurIPS2026/PSQASBench/results/crlqas/L3_CH2_Singlet_8q/Formal_EXP/L3_CH2_Singlet_8q_rotosolve_s2_20k/seed11111	12336	0	6	0.000623	0.000000	0.000000	0.000000	0.500000	6	2	4	4	2	33.33	rotosolve	CNOT(1->5)	RY(q=1) | RY(q=5) | RX(q=7) | CNOT(1->5)	RY(q=1,θ=+0.180) | RY(q=5,θ=-3.142) | RX(q=7,θ=+3.142) | CNOT(1->5)	"[""RY(q=1)"", ""RY(q=5)"", ""RX(q=7)"", ""CNOT(1->5)""]"
crlqas__L3_CH2_Singlet_8q__L3_CH2_Singlet_8q_rotosolve_s2_20k__seed11111__ep19287__snap0	/home/ubuntu/NeurIPS2026/PSQASBench/results/crlqas/L3_CH2_Singlet_8q/Formal_EXP/L3_CH2_Singlet_8q_rotosolve_s2_20k/seed11111	19287	0	11	0.000623	0.000000	0.000000	0.000000	0.500000	11	1	10	4	7	63.64	rotosolve	CNOT(1->5)	RY(q=1) | RY(q=5) | RY(q=7) | CNOT(1->5)	RY(q=1,θ=+0.180) | RY(q=5,θ=-3.142) | RY(q=7,θ=+3.142) | CNOT(1->5)	"[""RY(q=1)"", ""RY(q=5)"", ""RY(q=7)"", ""CNOT(1->5)""]"
crlqas__L3_CH2_Singlet_8q__L3_CH2_Singlet_8q_rotosolve_s2_20k__seed11111__ep13033__snap0	/home/ubuntu/NeurIPS2026/PSQASBench/results/crlqas/L3_CH2_Singlet_8q/Formal_EXP/L3_CH2_Singlet_8q_rotosolve_s2_20k/seed11111	13033	0	5	0.000623	0.000000	0.000000	0.000000	0.500000	5	1	4	4	1	20.00	rotosolve	CNOT(1->5)	RY(q=7) | RY(q=1) | RY(q=5) | CNOT(1->5)	RY(q=7,θ=+3.142) | RY(q=1,θ=+0.180) | RY(q=5,θ=-3.142) | CNOT(1->5)	"[""RY(q=7)"", ""RY(q=1)"", ""RY(q=5)"", ""CNOT(1->5)""]"
crlqas__L3_CH2_Singlet_8q__L3_CH2_Singlet_8q_rotosolve_s2_20k__seed11111__ep12450__snap0	/home/ubuntu/NeurIPS2026/PSQASBench/results/crlqas/L3_CH2_Singlet_8q/Formal_EXP/L3_CH2_Singlet_8q_rotosolve_s2_20k/seed11111	12450	0	8	0.000623	0.000000	0.000000	0.000000	0.500000	8	2	6	4	4	50.00	rotosolve	CNOT(1->5)	RY(q=1) | RY(q=5) | RX(q=7) | CNOT(1->5)	RY(q=1,θ=+0.180) | RY(q=5,θ=-3.142) | RX(q=7,θ=+3.142) | CNOT(1->5)	"[""RY(q=1)"", ""RY(q=5)"", ""RX(q=7)"", ""CNOT(1->5)""]"
crlqas__L3_CH2_Singlet_8q__L3_CH2_Singlet_8q_rotosolve_s2_20k__seed11111__ep19095__snap0	/home/ubuntu/NeurIPS2026/PSQASBench/results/crlqas/L3_CH2_Singlet_8q/Formal_EXP/L3_CH2_Singlet_8q_rotosolve_s2_20k/seed11111	19095	0	10	0.000623	0.000000	0.000000	0.000000	0.500000	10	1	9	4	6	60.00	rotosolve	CNOT(1->5)	RY(q=5) | RY(q=1) | CNOT(5->7) | CNOT(1->5)	RY(q=5,θ=-3.142) | RY(q=1,θ=+0.180) | CNOT(5->7) | CNOT(1->5)	"[""RY(q=5)"", ""RY(q=1)"", ""CNOT(5->7)"", ""CNOT(1->5)""]"
crlqas__L3_CH2_Singlet_8q__L3_CH2_Singlet_8q_rotosolve_s2_20k__seed11111__ep12808__snap0	/home/ubuntu/NeurIPS2026/PSQASBench/results/crlqas/L3_CH2_Singlet_8q/Formal_EXP/L3_CH2_Singlet_8q_rotosolve_s2_20k/seed11111	12808	0	5	0.000623	0.000000	0.000000	0.000000	0.500000	5	1	4	4	1	20.00	rotosolve	CNOT(0->4)	RX(q=6) | RY(q=0) | RY(q=4) | CNOT(0->4)	RX(q=6,θ=+3.142) | RY(q=0,θ=+0.180) | RY(q=4,θ=-3.142) | CNOT(0->4)	"[""RX(q=6)"", ""RY(q=0)"", ""RY(q=4)"", ""CNOT(0->4)""]"
crlqas__L3_CH2_Singlet_8q__L3_CH2_Singlet_8q_rotosolve_s2_20k__seed11111__ep12297__snap0	/home/ubuntu/NeurIPS2026/PSQASBench/results/crlqas/L3_CH2_Singlet_8q/Formal_EXP/L3_CH2_Singlet_8q_rotosolve_s2_20k/seed11111	12297	0	6	0.000623	0.000000	0.000000	0.000000	0.500000	6	2	4	4	2	33.33	rotosolve	CNOT(1->5)	RY(q=1) | RY(q=5) | RX(q=7) | CNOT(1->5)	RY(q=1,θ=+0.180) | RY(q=5,θ=-3.142) | RX(q=7,θ=+3.142) | CNOT(1->5)	"[""RY(q=1)"", ""RY(q=5)"", ""RX(q=7)"", ""CNOT(1->5)""]"
crlqas__L3_CH2_Singlet_8q__L3_CH2_Singlet_8q_rotosolve_s2_20k__seed11111__ep10771__snap0	/home/ubuntu/NeurIPS2026/PSQASBench/results/crlqas/L3_CH2_Singlet_8q/Formal_EXP/L3_CH2_Singlet_8q_rotosolve_s2_20k/seed11111	10771	0	7	0.000623	0.000000	0.000000	0.000000	0.500000	7	2	5	4	3	42.86	rotosolve	CNOT(1->5)	RY(q=5) | RY(q=1) | RX(q=7) | CNOT(1->5)	RY(q=5,θ=-3.142) | RY(q=1,θ=+0.180) | RX(q=7,θ=+3.142) | CNOT(1->5)	"[""RY(q=5)"", ""RY(q=1)"", ""RX(q=7)"", ""CNOT(1->5)""]"
crlqas__L3_CH2_Singlet_8q__L3_CH2_Singlet_8q_rotosolve_s2_20k__seed11111__ep12133__snap0	/home/ubuntu/NeurIPS2026/PSQASBench/results/crlqas/L3_CH2_Singlet_8q/Formal_EXP/L3_CH2_Singlet_8q_rotosolve_s2_20k/seed11111	12133	0	6	0.000623	0.000000	0.000000	0.000000	0.500000	6	2	4	4	2	33.33	rotosolve	CNOT(1->5)	RY(q=5) | RY(q=1) | RX(q=7) | CNOT(1->5)	RY(q=5,θ=-3.142) | RY(q=1,θ=+0.180) | RX(q=7,θ=+3.142) | CNOT(1->5)	"[""RY(q=5)"", ""RY(q=1)"", ""RX(q=7)"", ""CNOT(1->5)""]"
crlqas__L3_CH2_Singlet_8q__L3_CH2_Singlet_8q_rotosolve_s2_20k__seed11111__ep14374__snap0	/home/ubuntu/NeurIPS2026/PSQASBench/results/crlqas/L3_CH2_Singlet_8q/Formal_EXP/L3_CH2_Singlet_8q_rotosolve_s2_20k/seed11111	14374	0	5	0.000623	0.000000	0.000000	0.000000	0.500000	5	1	4	4	1	20.00	rotosolve	CNOT(0->4)	RX(q=6) | RY(q=0) | RY(q=4) | CNOT(0->4)	RX(q=6,θ=+3.142) | RY(q=0,θ=+0.180) | RY(q=4,θ=-3.142) | CNOT(0->4)	"[""RX(q=6)"", ""RY(q=0)"", ""RY(q=4)"", ""CNOT(0->4)""]"
crlqas__L3_CH2_Singlet_8q__L3_CH2_Singlet_8q_rotosolve_s2_20k__seed11111__ep10173__snap0	/home/ubuntu/NeurIPS2026/PSQASBench/results/crlqas/L3_CH2_Singlet_8q/Formal_EXP/L3_CH2_Singlet_8q_rotosolve_s2_20k/seed11111	10173	0	6	0.000623	0.000000	0.000000	0.000000	0.500000	6	2	4	4	2	33.33	rotosolve	CNOT(1->5)	RY(q=1) | RY(q=5) | RX(q=7) | CNOT(1->5)	RY(q=1,θ=+0.180) | RY(q=5,θ=-3.142) | RX(q=7,θ=+3.142) | CNOT(1->5)	"[""RY(q=1)"", ""RY(q=5)"", ""RX(q=7)"", ""CNOT(1->5)""]"
crlqas__L3_CH2_Singlet_8q__L3_CH2_Singlet_8q_rotosolve_s2_20k__seed11111__ep10315__snap0	/home/ubuntu/NeurIPS2026/PSQASBench/results/crlqas/L3_CH2_Singlet_8q/Formal_EXP/L3_CH2_Singlet_8q_rotosolve_s2_20k/seed11111	10315	0	7	0.000623	0.000000	0.000000	0.000000	0.500000	7	1	6	4	3	42.86	rotosolve	CNOT(1->5)	RY(q=1) | RY(q=5) | RY(q=7) | CNOT(1->5)	RY(q=1,θ=+0.180) | RY(q=5,θ=-3.142) | RY(q=7,θ=+3.142) | CNOT(1->5)	"[""RY(q=1)"", ""RY(q=5)"", ""RY(q=7)"", ""CNOT(1->5)""]"
crlqas__L3_CH2_Singlet_8q__L3_CH2_Singlet_8q_rotosolve_s2_20k__seed11111__ep18738__snap0	/home/ubuntu/NeurIPS2026/PSQASBench/results/crlqas/L3_CH2_Singlet_8q/Formal_EXP/L3_CH2_Singlet_8q_rotosolve_s2_20k/seed11111	18738	0	9	0.000623	0.000000	0.000000	0.000000	0.500000	9	1	8	4	5	55.56	rotosolve	CNOT(0->7)	RY(q=1) | RY(q=5) | RX(q=7) | CNOT(5->1)	RY(q=1,θ=+3.142) | RY(q=5,θ=+2.961) | RX(q=7,θ=+3.142) | CNOT(5->1)	"[""RY(q=1)"", ""RY(q=5)"", ""RX(q=7)"", ""CNOT(5->1)""]"
crlqas__L3_CH2_Singlet_8q__L3_CH2_Singlet_8q_rotosolve_s2_20k__seed11111__ep17567__snap0	/home/ubuntu/NeurIPS2026/PSQASBench/results/crlqas/L3_CH2_Singlet_8q/Formal_EXP/L3_CH2_Singlet_8q_rotosolve_s2_20k/seed11111	17567	0	7	0.000623	0.000000	0.000000	0.000000	0.500000	7	1	6	4	3	42.86	rotosolve	CNOT(1->5)	RY(q=1) | RY(q=5) | CNOT(5->7) | CNOT(1->5)	RY(q=1,θ=+0.180) | RY(q=5,θ=-3.142) | CNOT(5->7) | CNOT(1->5)	"[""RY(q=1)"", ""RY(q=5)"", ""CNOT(5->7)"", ""CNOT(1->5)""]"
crlqas__L3_CH2_Singlet_8q__L3_CH2_Singlet_8q_rotosolve_s2_20k__seed11111__ep17235__snap0	/home/ubuntu/NeurIPS2026/PSQASBench/results/crlqas/L3_CH2_Singlet_8q/Formal_EXP/L3_CH2_Singlet_8q_rotosolve_s2_20k/seed11111	17235	0	5	0.000623	0.000000	0.000000	0.000000	0.500000	5	2	3	4	1	20.00	rotosolve	CNOT(1->5)	RY(q=1) | RY(q=5) | RX(q=7) | CNOT(1->5)	RY(q=1,θ=+0.180) | RY(q=5,θ=-3.142) | RX(q=7,θ=+3.142) | CNOT(1->5)	"[""RY(q=1)"", ""RY(q=5)"", ""RX(q=7)"", ""CNOT(1->5)""]"
crlqas__L3_CH2_Singlet_8q__L3_CH2_Singlet_8q_rotosolve_s2_20k__seed11111__ep14495__snap0	/home/ubuntu/NeurIPS2026/PSQASBench/results/crlqas/L3_CH2_Singlet_8q/Formal_EXP/L3_CH2_Singlet_8q_rotosolve_s2_20k/seed11111	14495	0	8	0.000623	0.000000	0.000000	0.000000	0.500000	8	1	7	4	4	50.00	rotosolve	CNOT(1->5)	RY(q=1) | RY(q=5) | RY(q=7) | CNOT(1->5)	RY(q=1,θ=+0.180) | RY(q=5,θ=-3.142) | RY(q=7,θ=+3.142) | CNOT(1->5)	"[""RY(q=1)"", ""RY(q=5)"", ""RY(q=7)"", ""CNOT(1->5)""]"
crlqas__L3_CH2_Singlet_8q__L3_CH2_Singlet_8q_rotosolve_s2_20k__seed11111__ep17593__snap0	/home/ubuntu/NeurIPS2026/PSQASBench/results/crlqas/L3_CH2_Singlet_8q/Formal_EXP/L3_CH2_Singlet_8q_rotosolve_s2_20k/seed11111	17593	0	6	0.000623	0.000000	0.000000	0.000000	0.500000	6	1	5	4	2	33.33	rotosolve	CNOT(1->5)	RY(q=1) | RY(q=7) | RY(q=5) | CNOT(1->5)	RY(q=1,θ=+0.180) | RY(q=7,θ=+3.142) | RY(q=5,θ=-3.142) | CNOT(1->5)	"[""RY(q=1)"", ""RY(q=7)"", ""RY(q=5)"", ""CNOT(1->5)""]"
crlqas__L3_CH2_Singlet_8q__L3_CH2_Singlet_8q_rotosolve_s2_20k__seed11111__ep13030__snap0	/home/ubuntu/NeurIPS2026/PSQASBench/results/crlqas/L3_CH2_Singlet_8q/Formal_EXP/L3_CH2_Singlet_8q_rotosolve_s2_20k/seed11111	13030	0	5	0.000623	0.000000	0.000000	0.000000	0.500000	5	1	4	4	1	20.00	rotosolve	CNOT(1->5)	RY(q=1) | RY(q=5) | CNOT(5->7) | CNOT(1->5)	RY(q=1,θ=+0.180) | RY(q=5,θ=-3.142) | CNOT(5->7) | CNOT(1->5)	"[""RY(q=1)"", ""RY(q=5)"", ""CNOT(5->7)"", ""CNOT(1->5)""]"
crlqas__L3_CH2_Singlet_8q__L3_CH2_Singlet_8q_rotosolve_s2_20k__seed11111__ep13614__snap0	/home/ubuntu/NeurIPS2026/PSQASBench/results/crlqas/L3_CH2_Singlet_8q/Formal_EXP/L3_CH2_Singlet_8q_rotosolve_s2_20k/seed11111	13614	0	7	0.000623	0.000000	0.000000	0.000000	0.500000	7	2	5	4	3	42.86	rotosolve	CNOT(1->5)	RY(q=5) | RY(q=1) | RX(q=7) | CNOT(1->5)	RY(q=5,θ=-3.142) | RY(q=1,θ=+0.180) | RX(q=7,θ=+3.142) | CNOT(1->5)	"[""RY(q=5)"", ""RY(q=1)"", ""RX(q=7)"", ""CNOT(1->5)""]"
crlqas__L3_CH2_Singlet_8q__L3_CH2_Singlet_8q_rotosolve_s2_20k__seed11111__ep17280__snap0	/home/ubuntu/NeurIPS2026/PSQASBench/results/crlqas/L3_CH2_Singlet_8q/Formal_EXP/L3_CH2_Singlet_8q_rotosolve_s2_20k/seed11111	17280	0	5	0.000623	0.000000	0.000000	0.000000	0.500000	5	1	4	4	1	20.00	rotosolve	CNOT(1->5)	RY(q=1) | RY(q=7) | RY(q=5) | CNOT(1->5)	RY(q=1,θ=+0.180) | RY(q=7,θ=+3.142) | RY(q=5,θ=-3.142) | CNOT(1->5)	"[""RY(q=1)"", ""RY(q=7)"", ""RY(q=5)"", ""CNOT(1->5)""]"
crlqas__L3_CH2_Singlet_8q__L3_CH2_Singlet_8q_rotosolve_s2_20k__seed11111__ep16568__snap0	/home/ubuntu/NeurIPS2026/PSQASBench/results/crlqas/L3_CH2_Singlet_8q/Formal_EXP/L3_CH2_Singlet_8q_rotosolve_s2_20k/seed11111	16568	0	9	0.000623	0.000000	0.000000	0.000000	0.500000	9	1	8	4	5	55.56	rotosolve	CNOT(1->5)	RY(q=5) | RY(q=1) | RY(q=7) | CNOT(1->5)	RY(q=5,θ=-3.142) | RY(q=1,θ=+0.180) | RY(q=7,θ=+3.142) | CNOT(1->5)	"[""RY(q=5)"", ""RY(q=1)"", ""RY(q=7)"", ""CNOT(1->5)""]"
crlqas__L3_CH2_Singlet_8q__L3_CH2_Singlet_8q_rotosolve_s2_20k__seed11111__ep16891__snap0	/home/ubuntu/NeurIPS2026/PSQASBench/results/crlqas/L3_CH2_Singlet_8q/Formal_EXP/L3_CH2_Singlet_8q_rotosolve_s2_20k/seed11111	16891	0	5	0.000623	0.000000	0.000000	0.000000	0.500000	5	1	4	4	1	20.00	rotosolve	CNOT(1->5)	RY(q=1) | RY(q=5) | RY(q=7) | CNOT(1->5)	RY(q=1,θ=+0.180) | RY(q=5,θ=-3.142) | RY(q=7,θ=+3.142) | CNOT(1->5)	"[""RY(q=1)"", ""RY(q=5)"", ""RY(q=7)"", ""CNOT(1->5)""]"
crlqas__L3_CH2_Singlet_8q__L3_CH2_Singlet_8q_rotosolve_s2_20k__seed11111__ep11374__snap0	/home/ubuntu/NeurIPS2026/PSQASBench/results/crlqas/L3_CH2_Singlet_8q/Formal_EXP/L3_CH2_Singlet_8q_rotosolve_s2_20k/seed11111	11374	0	9	0.000623	0.000000	0.000000	0.000000	0.500000	9	2	7	4	5	55.56	rotosolve	CNOT(1->5)	RY(q=5) | RY(q=1) | RX(q=7) | CNOT(1->5)	RY(q=5,θ=-3.142) | RY(q=1,θ=+0.180) | RX(q=7,θ=+3.142) | CNOT(1->5)	"[""RY(q=5)"", ""RY(q=1)"", ""RX(q=7)"", ""CNOT(1->5)""]"
crlqas__L3_CH2_Singlet_8q__L3_CH2_Singlet_8q_rotosolve_s2_20k__seed11111__ep14171__snap0	/home/ubuntu/NeurIPS2026/PSQASBench/results/crlqas/L3_CH2_Singlet_8q/Formal_EXP/L3_CH2_Singlet_8q_rotosolve_s2_20k/seed11111	14171	0	7	0.000623	0.000000	0.000000	0.000000	0.500000	7	1	6	4	3	42.86	rotosolve	CNOT(1->5)	RY(q=1) | RY(q=7) | RY(q=5) | CNOT(1->5)	RY(q=1,θ=+0.180) | RY(q=7,θ=+3.142) | RY(q=5,θ=-3.142) | CNOT(1->5)	"[""RY(q=1)"", ""RY(q=7)"", ""RY(q=5)"", ""CNOT(1->5)""]"
crlqas__L3_CH2_Singlet_8q__L3_CH2_Singlet_8q_rotosolve_s2_20k__seed11111__ep10560__snap0	/home/ubuntu/NeurIPS2026/PSQASBench/results/crlqas/L3_CH2_Singlet_8q/Formal_EXP/L3_CH2_Singlet_8q_rotosolve_s2_20k/seed11111	10560	0	9	0.000623	0.000000	0.000000	0.000000	0.500000	9	2	7	4	5	55.56	rotosolve	CNOT(1->5)	RY(q=1) | RY(q=7) | RY(q=5) | CNOT(1->5)	RY(q=1,θ=+0.180) | RY(q=7,θ=+3.142) | RY(q=5,θ=-3.142) | CNOT(1->5)	"[""RY(q=1)"", ""RY(q=7)"", ""RY(q=5)"", ""CNOT(1->5)""]"
crlqas__L3_CH2_Singlet_8q__L3_CH2_Singlet_8q_rotosolve_s2_20k__seed11111__ep12262__snap0	/home/ubuntu/NeurIPS2026/PSQASBench/results/crlqas/L3_CH2_Singlet_8q/Formal_EXP/L3_CH2_Singlet_8q_rotosolve_s2_20k/seed11111	12262	0	9	0.000623	0.000000	0.000000	0.000000	0.500000	9	1	8	4	5	55.56	rotosolve	CNOT(1->5)	RY(q=5) | RY(q=7) | RY(q=1) | CNOT(1->5)	RY(q=5,θ=-3.142) | RY(q=7,θ=+3.142) | RY(q=1,θ=+0.180) | CNOT(1->5)	"[""RY(q=5)"", ""RY(q=7)"", ""RY(q=1)"", ""CNOT(1->5)""]"
crlqas__L3_CH2_Singlet_8q__L3_CH2_Singlet_8q_rotosolve_s2_20k__seed11111__ep18199__snap0	/home/ubuntu/NeurIPS2026/PSQASBench/results/crlqas/L3_CH2_Singlet_8q/Formal_EXP/L3_CH2_Singlet_8q_rotosolve_s2_20k/seed11111	18199	0	5	0.000623	0.000000	0.000000	0.000000	0.500000	5	2	3	4	1	20.00	rotosolve	CNOT(1->5)	RY(q=1) | RX(q=7) | RY(q=5) | CNOT(1->5)	RY(q=1,θ=+0.180) | RX(q=7,θ=+3.142) | RY(q=5,θ=-3.142) | CNOT(1->5)	"[""RY(q=1)"", ""RX(q=7)"", ""RY(q=5)"", ""CNOT(1->5)""]"
crlqas__L3_CH2_Singlet_8q__L3_CH2_Singlet_8q_rotosolve_s2_20k__seed11111__ep12819__snap0	/home/ubuntu/NeurIPS2026/PSQASBench/results/crlqas/L3_CH2_Singlet_8q/Formal_EXP/L3_CH2_Singlet_8q_rotosolve_s2_20k/seed11111	12819	0	8	0.000623	0.000000	0.000000	0.000000	0.500000	8	1	7	4	4	50.00	rotosolve	CNOT(1->5)	RY(q=1) | RY(q=7) | RY(q=5) | CNOT(1->5)	RY(q=1,θ=+0.180) | RY(q=7,θ=+3.142) | RY(q=5,θ=-3.142) | CNOT(1->5)	"[""RY(q=1)"", ""RY(q=7)"", ""RY(q=5)"", ""CNOT(1->5)""]"
crlqas__L3_CH2_Singlet_8q__L3_CH2_Singlet_8q_rotosolve_s2_20k__seed11111__ep17290__snap0	/home/ubuntu/NeurIPS2026/PSQASBench/results/crlqas/L3_CH2_Singlet_8q/Formal_EXP/L3_CH2_Singlet_8q_rotosolve_s2_20k/seed11111	17290	0	5	0.000623	0.000000	0.000000	0.000000	0.500000	5	2	3	4	1	20.00	rotosolve	CNOT(1->5)	RY(q=1) | RX(q=7) | RY(q=5) | CNOT(1->5)	RY(q=1,θ=+0.180) | RX(q=7,θ=+3.142) | RY(q=5,θ=-3.142) | CNOT(1->5)	"[""RY(q=1)"", ""RX(q=7)"", ""RY(q=5)"", ""CNOT(1->5)""]"
crlqas__L3_CH2_Singlet_8q__L3_CH2_Singlet_8q_rotosolve_s2_20k__seed11111__ep16436__snap0	/home/ubuntu/NeurIPS2026/PSQASBench/results/crlqas/L3_CH2_Singlet_8q/Formal_EXP/L3_CH2_Singlet_8q_rotosolve_s2_20k/seed11111	16436	0	6	0.000623	0.000000	0.000000	0.000000	0.500000	6	2	4	4	2	33.33	rotosolve	CNOT(1->5)	RY(q=1) | RY(q=5) | RX(q=7) | CNOT(1->5)	RY(q=1,θ=+0.180) | RY(q=5,θ=-3.142) | RX(q=7,θ=+3.142) | CNOT(1->5)	"[""RY(q=1)"", ""RY(q=5)"", ""RX(q=7)"", ""CNOT(1->5)""]"
crlqas__L3_CH2_Singlet_8q__L3_CH2_Singlet_8q_rotosolve_s2_20k__seed11111__ep16986__snap0	/home/ubuntu/NeurIPS2026/PSQASBench/results/crlqas/L3_CH2_Singlet_8q/Formal_EXP/L3_CH2_Singlet_8q_rotosolve_s2_20k/seed11111	16986	0	5	0.000623	0.000000	0.000000	0.000000	0.500000	5	1	4	4	1	20.00	rotosolve	CNOT(1->5)	RY(q=1) | RY(q=5) | CNOT(5->7) | CNOT(1->5)	RY(q=1,θ=+0.180) | RY(q=5,θ=-3.142) | CNOT(5->7) | CNOT(1->5)	"[""RY(q=1)"", ""RY(q=5)"", ""CNOT(5->7)"", ""CNOT(1->5)""]"
crlqas__L3_CH2_Singlet_8q__L3_CH2_Singlet_8q_rotosolve_s2_20k__seed11111__ep12274__snap0	/home/ubuntu/NeurIPS2026/PSQASBench/results/crlqas/L3_CH2_Singlet_8q/Formal_EXP/L3_CH2_Singlet_8q_rotosolve_s2_20k/seed11111	12274	0	13	0.000623	0.000000	0.000000	0.000000	0.500000	13	1	12	4	9	69.23	rotosolve	CNOT(1->5)	RY(q=5) | RY(q=1) | RY(q=7) | CNOT(1->5)	RY(q=5,θ=-3.142) | RY(q=1,θ=+0.180) | RY(q=7,θ=+3.142) | CNOT(1->5)	"[""RY(q=5)"", ""RY(q=1)"", ""RY(q=7)"", ""CNOT(1->5)""]"
crlqas__L3_CH2_Singlet_8q__L3_CH2_Singlet_8q_rotosolve_s2_20k__seed11111__ep15862__snap0	/home/ubuntu/NeurIPS2026/PSQASBench/results/crlqas/L3_CH2_Singlet_8q/Formal_EXP/L3_CH2_Singlet_8q_rotosolve_s2_20k/seed11111	15862	0	6	0.000623	0.000000	0.000000	0.000000	0.500000	6	2	4	4	2	33.33	rotosolve	CNOT(1->5)	RY(q=1) | RY(q=5) | RX(q=7) | CNOT(1->5)	RY(q=1,θ=+0.180) | RY(q=5,θ=-3.142) | RX(q=7,θ=+3.142) | CNOT(1->5)	"[""RY(q=1)"", ""RY(q=5)"", ""RX(q=7)"", ""CNOT(1->5)""]"
crlqas__L3_CH2_Singlet_8q__L3_CH2_Singlet_8q_rotosolve_s2_20k__seed11111__ep14399__snap0	/home/ubuntu/NeurIPS2026/PSQASBench/results/crlqas/L3_CH2_Singlet_8q/Formal_EXP/L3_CH2_Singlet_8q_rotosolve_s2_20k/seed11111	14399	0	9	0.000623	0.000000	0.000000	0.000000	0.500000	9	2	7	4	5	55.56	rotosolve	CNOT(1->5)	RY(q=1) | RY(q=5) | RX(q=7) | CNOT(1->5)	RY(q=1,θ=+0.180) | RY(q=5,θ=-3.142) | RX(q=7,θ=+3.142) | CNOT(1->5)	"[""RY(q=1)"", ""RY(q=5)"", ""RX(q=7)"", ""CNOT(1->5)""]"
crlqas__L3_CH2_Singlet_8q__L3_CH2_Singlet_8q_rotosolve_s2_20k__seed11111__ep12796__snap0	/home/ubuntu/NeurIPS2026/PSQASBench/results/crlqas/L3_CH2_Singlet_8q/Formal_EXP/L3_CH2_Singlet_8q_rotosolve_s2_20k/seed11111	12796	0	5	0.000623	0.000000	0.000000	0.000000	0.500000	5	2	3	4	1	20.00	rotosolve	CNOT(1->5)	RY(q=5) | RY(q=1) | RX(q=7) | CNOT(1->5)	RY(q=5,θ=-3.142) | RY(q=1,θ=+0.180) | RX(q=7,θ=+3.142) | CNOT(1->5)	"[""RY(q=5)"", ""RY(q=1)"", ""RX(q=7)"", ""CNOT(1->5)""]"
crlqas__L3_CH2_Singlet_8q__L3_CH2_Singlet_8q_rotosolve_s2_20k__seed11111__ep12793__snap0	/home/ubuntu/NeurIPS2026/PSQASBench/results/crlqas/L3_CH2_Singlet_8q/Formal_EXP/L3_CH2_Singlet_8q_rotosolve_s2_20k/seed11111	12793	0	6	0.000623	0.000000	0.000000	0.000000	0.500000	6	1	5	4	2	33.33	rotosolve	CNOT(1->5)	RY(q=1) | RY(q=7) | RY(q=5) | CNOT(1->5)	RY(q=1,θ=+0.180) | RY(q=7,θ=+3.142) | RY(q=5,θ=-3.142) | CNOT(1->5)	"[""RY(q=1)"", ""RY(q=7)"", ""RY(q=5)"", ""CNOT(1->5)""]"
crlqas__L3_CH2_Singlet_8q__L3_CH2_Singlet_8q_rotosolve_s2_20k__seed11111__ep12738__snap0	/home/ubuntu/NeurIPS2026/PSQASBench/results/crlqas/L3_CH2_Singlet_8q/Formal_EXP/L3_CH2_Singlet_8q_rotosolve_s2_20k/seed11111	12738	0	6	0.000623	0.000000	0.000000	0.000000	0.500000	6	1	5	4	2	33.33	rotosolve	CNOT(1->5)	RY(q=1) | RY(q=7) | RY(q=5) | CNOT(1->5)	RY(q=1,θ=+0.180) | RY(q=7,θ=+3.142) | RY(q=5,θ=-3.142) | CNOT(1->5)	"[""RY(q=1)"", ""RY(q=7)"", ""RY(q=5)"", ""CNOT(1->5)""]"
crlqas__L3_CH2_Singlet_8q__L3_CH2_Singlet_8q_rotosolve_s2_20k__seed11111__ep18292__snap0	/home/ubuntu/NeurIPS2026/PSQASBench/results/crlqas/L3_CH2_Singlet_8q/Formal_EXP/L3_CH2_Singlet_8q_rotosolve_s2_20k/seed11111	18292	0	5	0.000623	0.000000	0.000000	0.000000	0.500000	5	2	3	4	1	20.00	rotosolve	CNOT(1->5)	RY(q=1) | RX(q=7) | RY(q=5) | CNOT(1->5)	RY(q=1,θ=+0.180) | RX(q=7,θ=+3.142) | RY(q=5,θ=-3.142) | CNOT(1->5)	"[""RY(q=1)"", ""RX(q=7)"", ""RY(q=5)"", ""CNOT(1->5)""]"
crlqas__L3_CH2_Singlet_8q__L3_CH2_Singlet_8q_rotosolve_s2_20k__seed11111__ep10707__snap0	/home/ubuntu/NeurIPS2026/PSQASBench/results/crlqas/L3_CH2_Singlet_8q/Formal_EXP/L3_CH2_Singlet_8q_rotosolve_s2_20k/seed11111	10707	0	7	0.000623	0.000000	0.000000	0.000000	0.500000	7	1	6	4	3	42.86	rotosolve	RX(q=7)	RY(q=5) | RY(q=1) | CNOT(5->1) | RX(q=7)	RY(q=5,θ=+2.961) | RY(q=1,θ=+3.142) | CNOT(5->1) | RX(q=7,θ=+3.142)	"[""RY(q=5)"", ""RY(q=1)"", ""CNOT(5->1)"", ""RX(q=7)""]"
crlqas__L3_CH2_Singlet_8q__L3_CH2_Singlet_8q_rotosolve_s2_20k__seed11111__ep14720__snap0	/home/ubuntu/NeurIPS2026/PSQASBench/results/crlqas/L3_CH2_Singlet_8q/Formal_EXP/L3_CH2_Singlet_8q_rotosolve_s2_20k/seed11111	14720	0	8	0.000623	0.000000	0.000000	0.000000	0.500000	8	2	6	4	4	50.00	rotosolve	CNOT(1->5)	RY(q=1) | RY(q=5) | RX(q=7) | CNOT(1->5)	RY(q=1,θ=+0.180) | RY(q=5,θ=-3.142) | RX(q=7,θ=+3.142) | CNOT(1->5)	"[""RY(q=1)"", ""RY(q=5)"", ""RX(q=7)"", ""CNOT(1->5)""]"
crlqas__L3_CH2_Singlet_8q__L3_CH2_Singlet_8q_rotosolve_s2_20k__seed11111__ep10383__snap0	/home/ubuntu/NeurIPS2026/PSQASBench/results/crlqas/L3_CH2_Singlet_8q/Formal_EXP/L3_CH2_Singlet_8q_rotosolve_s2_20k/seed11111	10383	0	6	0.000623	0.000000	0.000000	0.000000	0.500000	6	1	5	4	2	33.33	rotosolve	CNOT(0->4)	RY(q=6) | RY(q=0) | RY(q=4) | CNOT(0->4)	RY(q=6,θ=+3.142) | RY(q=0,θ=+0.180) | RY(q=4,θ=-3.142) | CNOT(0->4)	"[""RY(q=6)"", ""RY(q=0)"", ""RY(q=4)"", ""CNOT(0->4)""]"
crlqas__L3_CH2_Singlet_8q__L3_CH2_Singlet_8q_rotosolve_s2_20k__seed11111__ep11751__snap0	/home/ubuntu/NeurIPS2026/PSQASBench/results/crlqas/L3_CH2_Singlet_8q/Formal_EXP/L3_CH2_Singlet_8q_rotosolve_s2_20k/seed11111	11751	0	6	0.000623	0.000000	0.000000	0.000000	0.500000	6	1	5	4	2	33.33	rotosolve	CNOT(6->4)	RY(q=0) | RX(q=6) | CNOT(0->4) | CNOT(6->4)	RY(q=0,θ=+0.180) | RX(q=6,θ=-3.142) | CNOT(0->4) | CNOT(6->4)	"[""RY(q=0)"", ""RX(q=6)"", ""CNOT(0->4)"", ""CNOT(6->4)""]"
crlqas__L3_CH2_Singlet_8q__L3_CH2_Singlet_8q_rotosolve_s2_20k__seed11111__ep18014__snap0	/home/ubuntu/NeurIPS2026/PSQASBench/results/crlqas/L3_CH2_Singlet_8q/Formal_EXP/L3_CH2_Singlet_8q_rotosolve_s2_20k/seed11111	18014	0	10	0.000623	0.000000	0.000000	0.000000	0.500000	10	2	8	4	6	60.00	rotosolve	RY(q=2)	RY(q=1) | RY(q=5) | RX(q=7) | CNOT(1->5)	RY(q=1,θ=+0.180) | RY(q=5,θ=-3.142) | RX(q=7,θ=+3.142) | CNOT(1->5)	"[""RY(q=1)"", ""RY(q=5)"", ""RX(q=7)"", ""CNOT(1->5)""]"
crlqas__L3_CH2_Singlet_8q__L3_CH2_Singlet_8q_rotosolve_s2_20k__seed11111__ep17520__snap0	/home/ubuntu/NeurIPS2026/PSQASBench/results/crlqas/L3_CH2_Singlet_8q/Formal_EXP/L3_CH2_Singlet_8q_rotosolve_s2_20k/seed11111	17520	0	6	0.000623	0.000000	0.000000	0.000000	0.500000	6	2	4	4	2	33.33	rotosolve	CNOT(1->5)	RY(q=1) | RX(q=7) | RY(q=5) | CNOT(1->5)	RY(q=1,θ=+0.180) | RX(q=7,θ=+3.142) | RY(q=5,θ=-3.142) | CNOT(1->5)	"[""RY(q=1)"", ""RX(q=7)"", ""RY(q=5)"", ""CNOT(1->5)""]"
crlqas__L3_CH2_Singlet_8q__L3_CH2_Singlet_8q_rotosolve_s2_20k__seed11111__ep17013__snap0	/home/ubuntu/NeurIPS2026/PSQASBench/results/crlqas/L3_CH2_Singlet_8q/Formal_EXP/L3_CH2_Singlet_8q_rotosolve_s2_20k/seed11111	17013	0	6	0.000623	0.000000	0.000000	0.000000	0.500000	6	1	5	4	2	33.33	rotosolve	CNOT(1->5)	RY(q=7) | RY(q=1) | RY(q=5) | CNOT(1->5)	RY(q=7,θ=+3.142) | RY(q=1,θ=+0.180) | RY(q=5,θ=-3.142) | CNOT(1->5)	"[""RY(q=7)"", ""RY(q=1)"", ""RY(q=5)"", ""CNOT(1->5)""]"
crlqas__L3_CH2_Singlet_8q__L3_CH2_Singlet_8q_rotosolve_s2_20k__seed11111__ep14494__snap0	/home/ubuntu/NeurIPS2026/PSQASBench/results/crlqas/L3_CH2_Singlet_8q/Formal_EXP/L3_CH2_Singlet_8q_rotosolve_s2_20k/seed11111	14494	0	8	0.000623	0.000000	0.000000	0.000000	0.500000	8	1	7	4	4	50.00	rotosolve	CNOT(1->5)	RY(q=1) | RY(q=5) | RY(q=7) | CNOT(1->5)	RY(q=1,θ=+0.180) | RY(q=5,θ=-3.142) | RY(q=7,θ=+3.142) | CNOT(1->5)	"[""RY(q=1)"", ""RY(q=5)"", ""RY(q=7)"", ""CNOT(1->5)""]"
crlqas__L3_CH2_Singlet_8q__L3_CH2_Singlet_8q_rotosolve_s2_20k__seed11111__ep18497__snap0	/home/ubuntu/NeurIPS2026/PSQASBench/results/crlqas/L3_CH2_Singlet_8q/Formal_EXP/L3_CH2_Singlet_8q_rotosolve_s2_20k/seed11111	18497	0	5	0.000623	0.000000	0.000000	0.000000	0.500000	5	2	3	4	1	20.00	rotosolve	CNOT(1->5)	RY(q=1) | RY(q=5) | RX(q=7) | CNOT(1->5)	RY(q=1,θ=+0.180) | RY(q=5,θ=-3.142) | RX(q=7,θ=+3.142) | CNOT(1->5)	"[""RY(q=1)"", ""RY(q=5)"", ""RX(q=7)"", ""CNOT(1->5)""]"
crlqas__L3_CH2_Singlet_8q__L3_CH2_Singlet_8q_rotosolve_s2_20k__seed11111__ep11923__snap0	/home/ubuntu/NeurIPS2026/PSQASBench/results/crlqas/L3_CH2_Singlet_8q/Formal_EXP/L3_CH2_Singlet_8q_rotosolve_s2_20k/seed11111	11923	0	10	0.000623	0.000000	0.000000	0.000000	0.500000	10	1	9	4	6	60.00	rotosolve	CNOT(1->5)	RY(q=1) | RY(q=5) | RY(q=7) | CNOT(1->5)	RY(q=1,θ=+0.180) | RY(q=5,θ=-3.142) | RY(q=7,θ=+3.142) | CNOT(1->5)	"[""RY(q=1)"", ""RY(q=5)"", ""RY(q=7)"", ""CNOT(1->5)""]"
crlqas__L3_CH2_Singlet_8q__L3_CH2_Singlet_8q_rotosolve_s2_20k__seed11111__ep12577__snap0	/home/ubuntu/NeurIPS2026/PSQASBench/results/crlqas/L3_CH2_Singlet_8q/Formal_EXP/L3_CH2_Singlet_8q_rotosolve_s2_20k/seed11111	12577	0	5	0.000623	0.000000	0.000000	0.000000	0.500000	5	2	3	4	1	20.00	rotosolve	CNOT(1->5)	RY(q=1) | RY(q=5) | RX(q=7) | CNOT(1->5)	RY(q=1,θ=+0.180) | RY(q=5,θ=-3.142) | RX(q=7,θ=+3.142) | CNOT(1->5)	"[""RY(q=1)"", ""RY(q=5)"", ""RX(q=7)"", ""CNOT(1->5)""]"
crlqas__L3_CH2_Singlet_8q__L3_CH2_Singlet_8q_rotosolve_s2_20k__seed11111__ep17326__snap0	/home/ubuntu/NeurIPS2026/PSQASBench/results/crlqas/L3_CH2_Singlet_8q/Formal_EXP/L3_CH2_Singlet_8q_rotosolve_s2_20k/seed11111	17326	0	8	0.000623	0.000000	0.000000	0.000000	0.500000	8	1	7	4	4	50.00	rotosolve	CNOT(1->5)	RY(q=1) | RY(q=5) | CNOT(5->7) | CNOT(1->5)	RY(q=1,θ=+0.180) | RY(q=5,θ=-3.142) | CNOT(5->7) | CNOT(1->5)	"[""RY(q=1)"", ""RY(q=5)"", ""CNOT(5->7)"", ""CNOT(1->5)""]"
crlqas__L3_CH2_Singlet_8q__L3_CH2_Singlet_8q_rotosolve_s2_20k__seed11111__ep14661__snap0	/home/ubuntu/NeurIPS2026/PSQASBench/results/crlqas/L3_CH2_Singlet_8q/Formal_EXP/L3_CH2_Singlet_8q_rotosolve_s2_20k/seed11111	14661	0	6	0.000623	0.000000	0.000000	0.000000	0.500000	6	2	4	4	2	33.33	rotosolve	CNOT(1->5)	RY(q=1) | RY(q=5) | RX(q=7) | CNOT(1->5)	RY(q=1,θ=+0.180) | RY(q=5,θ=-3.142) | RX(q=7,θ=+3.142) | CNOT(1->5)	"[""RY(q=1)"", ""RY(q=5)"", ""RX(q=7)"", ""CNOT(1->5)""]"
crlqas__L3_CH2_Singlet_8q__L3_CH2_Singlet_8q_rotosolve_s2_20k__seed11111__ep17961__snap0	/home/ubuntu/NeurIPS2026/PSQASBench/results/crlqas/L3_CH2_Singlet_8q/Formal_EXP/L3_CH2_Singlet_8q_rotosolve_s2_20k/seed11111	17961	0	7	0.000623	0.000000	0.000000	0.000000	0.500000	7	1	6	4	3	42.86	rotosolve	CNOT(1->5)	RY(q=5) | RY(q=1) | RY(q=7) | CNOT(1->5)	RY(q=5,θ=-3.142) | RY(q=1,θ=+0.180) | RY(q=7,θ=+3.142) | CNOT(1->5)	"[""RY(q=5)"", ""RY(q=1)"", ""RY(q=7)"", ""CNOT(1->5)""]"
crlqas__L3_CH2_Singlet_8q__L3_CH2_Singlet_8q_rotosolve_s2_20k__seed11111__ep13237__snap0	/home/ubuntu/NeurIPS2026/PSQASBench/results/crlqas/L3_CH2_Singlet_8q/Formal_EXP/L3_CH2_Singlet_8q_rotosolve_s2_20k/seed11111	13237	0	9	0.000623	0.000000	0.000000	0.000000	0.500000	9	2	7	4	5	55.56	rotosolve	CNOT(1->5)	RY(q=1) | RY(q=5) | RX(q=7) | CNOT(1->5)	RY(q=1,θ=+0.180) | RY(q=5,θ=-3.142) | RX(q=7,θ=+3.142) | CNOT(1->5)	"[""RY(q=1)"", ""RY(q=5)"", ""RX(q=7)"", ""CNOT(1->5)""]"
crlqas__L3_CH2_Singlet_8q__L3_CH2_Singlet_8q_rotosolve_s2_20k__seed11111__ep18004__snap0	/home/ubuntu/NeurIPS2026/PSQASBench/results/crlqas/L3_CH2_Singlet_8q/Formal_EXP/L3_CH2_Singlet_8q_rotosolve_s2_20k/seed11111	18004	0	5	0.000623	0.000000	0.000000	0.000000	0.500000	5	2	3	4	1	20.00	rotosolve	CNOT(1->5)	RY(q=1) | RX(q=7) | RY(q=5) | CNOT(1->5)	RY(q=1,θ=+0.180) | RX(q=7,θ=+3.142) | RY(q=5,θ=-3.142) | CNOT(1->5)	"[""RY(q=1)"", ""RX(q=7)"", ""RY(q=5)"", ""CNOT(1->5)""]"
crlqas__L3_CH2_Singlet_8q__L3_CH2_Singlet_8q_rotosolve_s2_20k__seed11111__ep18634__snap0	/home/ubuntu/NeurIPS2026/PSQASBench/results/crlqas/L3_CH2_Singlet_8q/Formal_EXP/L3_CH2_Singlet_8q_rotosolve_s2_20k/seed11111	18634	0	5	0.000623	0.000000	0.000000	0.000000	0.500000	5	2	3	4	1	20.00	rotosolve	CNOT(1->5)	RX(q=5) | RY(q=1) | RX(q=7) | CNOT(1->5)	RX(q=5,θ=-3.142) | RY(q=1,θ=+0.180) | RX(q=7,θ=+3.142) | CNOT(1->5)	"[""RX(q=5)"", ""RY(q=1)"", ""RX(q=7)"", ""CNOT(1->5)""]"
crlqas__L3_CH2_Singlet_8q__L3_CH2_Singlet_8q_rotosolve_s2_20k__seed11111__ep13455__snap0	/home/ubuntu/NeurIPS2026/PSQASBench/results/crlqas/L3_CH2_Singlet_8q/Formal_EXP/L3_CH2_Singlet_8q_rotosolve_s2_20k/seed11111	13455	0	5	0.000623	0.000000	0.000000	0.000000	0.500000	5	1	4	4	1	20.00	rotosolve	CNOT(0->4)	RY(q=0) | RY(q=4) | RX(q=6) | CNOT(0->4)	RY(q=0,θ=+0.180) | RY(q=4,θ=-3.142) | RX(q=6,θ=+3.142) | CNOT(0->4)	"[""RY(q=0)"", ""RY(q=4)"", ""RX(q=6)"", ""CNOT(0->4)""]"
crlqas__L3_CH2_Singlet_8q__L3_CH2_Singlet_8q_rotosolve_s2_20k__seed11111__ep12162__snap0	/home/ubuntu/NeurIPS2026/PSQASBench/results/crlqas/L3_CH2_Singlet_8q/Formal_EXP/L3_CH2_Singlet_8q_rotosolve_s2_20k/seed11111	12162	0	7	0.000623	0.000000	0.000000	0.000000	0.500000	7	2	5	4	3	42.86	rotosolve	CNOT(1->5)	RY(q=1) | RY(q=5) | RX(q=7) | CNOT(1->5)	RY(q=1,θ=+0.180) | RY(q=5,θ=-3.142) | RX(q=7,θ=+3.142) | CNOT(1->5)	"[""RY(q=1)"", ""RY(q=5)"", ""RX(q=7)"", ""CNOT(1->5)""]"
crlqas__L3_CH2_Singlet_8q__L3_CH2_Singlet_8q_rotosolve_s2_20k__seed11111__ep16940__snap0	/home/ubuntu/NeurIPS2026/PSQASBench/results/crlqas/L3_CH2_Singlet_8q/Formal_EXP/L3_CH2_Singlet_8q_rotosolve_s2_20k/seed11111	16940	0	6	0.000623	0.000000	0.000000	0.000000	0.500000	6	2	4	4	2	33.33	rotosolve	CNOT(1->5)	RY(q=1) | RY(q=5) | RX(q=7) | CNOT(1->5)	RY(q=1,θ=+0.180) | RY(q=5,θ=-3.142) | RX(q=7,θ=+3.142) | CNOT(1->5)	"[""RY(q=1)"", ""RY(q=5)"", ""RX(q=7)"", ""CNOT(1->5)""]"
crlqas__L3_CH2_Singlet_8q__L3_CH2_Singlet_8q_rotosolve_s2_20k__seed11111__ep13855__snap0	/home/ubuntu/NeurIPS2026/PSQASBench/results/crlqas/L3_CH2_Singlet_8q/Formal_EXP/L3_CH2_Singlet_8q_rotosolve_s2_20k/seed11111	13855	0	5	0.000623	0.000000	0.000000	0.000000	0.500000	5	2	3	4	1	20.00	rotosolve	CNOT(1->5)	RY(q=1) | RY(q=5) | RX(q=7) | CNOT(1->5)	RY(q=1,θ=+0.180) | RY(q=5,θ=-3.142) | RX(q=7,θ=+3.142) | CNOT(1->5)	"[""RY(q=1)"", ""RY(q=5)"", ""RX(q=7)"", ""CNOT(1->5)""]"
crlqas__L3_CH2_Singlet_8q__L3_CH2_Singlet_8q_rotosolve_s2_20k__seed11111__ep13157__snap0	/home/ubuntu/NeurIPS2026/PSQASBench/results/crlqas/L3_CH2_Singlet_8q/Formal_EXP/L3_CH2_Singlet_8q_rotosolve_s2_20k/seed11111	13157	0	8	0.000623	0.000000	0.000000	0.000000	0.500000	8	1	7	4	4	50.00	rotosolve	CNOT(1->5)	RY(q=1) | RY(q=5) | CNOT(5->7) | CNOT(1->5)	RY(q=1,θ=+0.180) | RY(q=5,θ=-3.142) | CNOT(5->7) | CNOT(1->5)	"[""RY(q=1)"", ""RY(q=5)"", ""CNOT(5->7)"", ""CNOT(1->5)""]"
crlqas__L3_CH2_Singlet_8q__L3_CH2_Singlet_8q_rotosolve_s2_20k__seed11111__ep16596__snap0	/home/ubuntu/NeurIPS2026/PSQASBench/results/crlqas/L3_CH2_Singlet_8q/Formal_EXP/L3_CH2_Singlet_8q_rotosolve_s2_20k/seed11111	16596	0	6	0.000623	0.000000	0.000000	0.000000	0.500000	6	2	4	4	2	33.33	rotosolve	CNOT(1->5)	RY(q=5) | RX(q=7) | RY(q=1) | CNOT(1->5)	RY(q=5,θ=-3.142) | RX(q=7,θ=+3.142) | RY(q=1,θ=+0.180) | CNOT(1->5)	"[""RY(q=5)"", ""RX(q=7)"", ""RY(q=1)"", ""CNOT(1->5)""]"
crlqas__L3_CH2_Singlet_8q__L3_CH2_Singlet_8q_rotosolve_s2_20k__seed11111__ep15089__snap0	/home/ubuntu/NeurIPS2026/PSQASBench/results/crlqas/L3_CH2_Singlet_8q/Formal_EXP/L3_CH2_Singlet_8q_rotosolve_s2_20k/seed11111	15089	0	6	0.000623	0.000000	0.000000	0.000000	0.500000	6	1	5	4	2	33.33	rotosolve	CNOT(1->5)	RY(q=1) | RY(q=5) | CNOT(5->7) | CNOT(1->5)	RY(q=1,θ=+0.180) | RY(q=5,θ=-3.142) | CNOT(5->7) | CNOT(1->5)	"[""RY(q=1)"", ""RY(q=5)"", ""CNOT(5->7)"", ""CNOT(1->5)""]"
crlqas__L3_CH2_Singlet_8q__L3_CH2_Singlet_8q_rotosolve_s2_20k__seed11111__ep12406__snap0	/home/ubuntu/NeurIPS2026/PSQASBench/results/crlqas/L3_CH2_Singlet_8q/Formal_EXP/L3_CH2_Singlet_8q_rotosolve_s2_20k/seed11111	12406	0	6	0.000623	0.000000	0.000000	0.000000	0.500000	6	2	4	4	2	33.33	rotosolve	CNOT(1->5)	RY(q=1) | RY(q=5) | RX(q=7) | CNOT(1->5)	RY(q=1,θ=+0.180) | RY(q=5,θ=-3.142) | RX(q=7,θ=+3.142) | CNOT(1->5)	"[""RY(q=1)"", ""RY(q=5)"", ""RX(q=7)"", ""CNOT(1->5)""]"
crlqas__L3_CH2_Singlet_8q__L3_CH2_Singlet_8q_rotosolve_s2_20k__seed11111__ep19393__snap0	/home/ubuntu/NeurIPS2026/PSQASBench/results/crlqas/L3_CH2_Singlet_8q/Formal_EXP/L3_CH2_Singlet_8q_rotosolve_s2_20k/seed11111	19393	0	5	0.000623	0.000000	0.000000	0.000000	0.500000	5	2	3	4	1	20.00	rotosolve	CNOT(1->5)	RY(q=1) | RX(q=7) | RY(q=5) | CNOT(1->5)	RY(q=1,θ=+0.180) | RX(q=7,θ=+3.142) | RY(q=5,θ=-3.142) | CNOT(1->5)	"[""RY(q=1)"", ""RX(q=7)"", ""RY(q=5)"", ""CNOT(1->5)""]"
crlqas__L3_CH2_Singlet_8q__L3_CH2_Singlet_8q_rotosolve_s2_20k__seed11111__ep16885__snap0	/home/ubuntu/NeurIPS2026/PSQASBench/results/crlqas/L3_CH2_Singlet_8q/Formal_EXP/L3_CH2_Singlet_8q_rotosolve_s2_20k/seed11111	16885	0	6	0.000623	0.000000	0.000000	0.000000	0.500000	6	2	4	4	2	33.33	rotosolve	CNOT(1->5)	RY(q=1) | RY(q=5) | RX(q=7) | CNOT(1->5)	RY(q=1,θ=+0.180) | RY(q=5,θ=-3.142) | RX(q=7,θ=+3.142) | CNOT(1->5)	"[""RY(q=1)"", ""RY(q=5)"", ""RX(q=7)"", ""CNOT(1->5)""]"
crlqas__L3_CH2_Singlet_8q__L3_CH2_Singlet_8q_rotosolve_s2_20k__seed11111__ep15658__snap0	/home/ubuntu/NeurIPS2026/PSQASBench/results/crlqas/L3_CH2_Singlet_8q/Formal_EXP/L3_CH2_Singlet_8q_rotosolve_s2_20k/seed11111	15658	0	9	0.000623	0.000000	0.000000	0.000000	0.500000	9	1	8	4	5	55.56	rotosolve	CNOT(1->5)	RY(q=1) | RY(q=5) | RY(q=7) | CNOT(1->5)	RY(q=1,θ=+0.180) | RY(q=5,θ=-3.142) | RY(q=7,θ=+3.142) | CNOT(1->5)	"[""RY(q=1)"", ""RY(q=5)"", ""RY(q=7)"", ""CNOT(1->5)""]"
crlqas__L3_CH2_Singlet_8q__L3_CH2_Singlet_8q_rotosolve_s2_20k__seed11111__ep18975__snap0	/home/ubuntu/NeurIPS2026/PSQASBench/results/crlqas/L3_CH2_Singlet_8q/Formal_EXP/L3_CH2_Singlet_8q_rotosolve_s2_20k/seed11111	18975	0	5	0.000623	0.000000	0.000000	0.000000	0.500000	5	2	3	4	1	20.00	rotosolve	CNOT(1->5)	RY(q=1) | RX(q=7) | RY(q=5) | CNOT(1->5)	RY(q=1,θ=+0.180) | RX(q=7,θ=+3.142) | RY(q=5,θ=-3.142) | CNOT(1->5)	"[""RY(q=1)"", ""RX(q=7)"", ""RY(q=5)"", ""CNOT(1->5)""]"
crlqas__L3_CH2_Singlet_8q__L3_CH2_Singlet_8q_rotosolve_s2_20k__seed11111__ep15999__snap0	/home/ubuntu/NeurIPS2026/PSQASBench/results/crlqas/L3_CH2_Singlet_8q/Formal_EXP/L3_CH2_Singlet_8q_rotosolve_s2_20k/seed11111	15999	0	6	0.000623	0.000000	0.000000	0.000000	0.500000	6	1	5	4	2	33.33	rotosolve	CNOT(1->5)	RY(q=1) | RY(q=7) | RY(q=5) | CNOT(1->5)	RY(q=1,θ=+0.180) | RY(q=7,θ=+3.142) | RY(q=5,θ=-3.142) | CNOT(1->5)	"[""RY(q=1)"", ""RY(q=7)"", ""RY(q=5)"", ""CNOT(1->5)""]"
crlqas__L3_CH2_Singlet_8q__L3_CH2_Singlet_8q_rotosolve_s2_20k__seed11111__ep14604__snap0	/home/ubuntu/NeurIPS2026/PSQASBench/results/crlqas/L3_CH2_Singlet_8q/Formal_EXP/L3_CH2_Singlet_8q_rotosolve_s2_20k/seed11111	14604	0	5	0.000623	0.000000	0.000000	0.000000	0.500000	5	2	3	4	1	20.00	rotosolve	CNOT(1->5)	RY(q=1) | RY(q=5) | RX(q=7) | CNOT(1->5)	RY(q=1,θ=+0.180) | RY(q=5,θ=-3.142) | RX(q=7,θ=+3.142) | CNOT(1->5)	"[""RY(q=1)"", ""RY(q=5)"", ""RX(q=7)"", ""CNOT(1->5)""]"
crlqas__L3_CH2_Singlet_8q__L3_CH2_Singlet_8q_rotosolve_s2_20k__seed11111__ep18202__snap0	/home/ubuntu/NeurIPS2026/PSQASBench/results/crlqas/L3_CH2_Singlet_8q/Formal_EXP/L3_CH2_Singlet_8q_rotosolve_s2_20k/seed11111	18202	0	9	0.000623	0.000000	0.000000	0.000000	0.500000	9	1	8	4	5	55.56	rotosolve	CNOT(1->5)	RY(q=7) | RY(q=1) | RY(q=5) | CNOT(1->5)	RY(q=7,θ=+3.142) | RY(q=1,θ=+0.180) | RY(q=5,θ=-3.142) | CNOT(1->5)	"[""RY(q=7)"", ""RY(q=1)"", ""RY(q=5)"", ""CNOT(1->5)""]"
crlqas__L3_CH2_Singlet_8q__L3_CH2_Singlet_8q_rotosolve_s2_20k__seed11111__ep18291__snap0	/home/ubuntu/NeurIPS2026/PSQASBench/results/crlqas/L3_CH2_Singlet_8q/Formal_EXP/L3_CH2_Singlet_8q_rotosolve_s2_20k/seed11111	18291	0	5	0.000623	0.000000	0.000000	0.000000	0.500000	5	1	4	4	1	20.00	rotosolve	CNOT(1->5)	RY(q=1) | RY(q=5) | RY(q=7) | CNOT(1->5)	RY(q=1,θ=+0.180) | RY(q=5,θ=-3.142) | RY(q=7,θ=+3.142) | CNOT(1->5)	"[""RY(q=1)"", ""RY(q=5)"", ""RY(q=7)"", ""CNOT(1->5)""]"
crlqas__L3_CH2_Singlet_8q__L3_CH2_Singlet_8q_rotosolve_s2_20k__seed11111__ep14641__snap0	/home/ubuntu/NeurIPS2026/PSQASBench/results/crlqas/L3_CH2_Singlet_8q/Formal_EXP/L3_CH2_Singlet_8q_rotosolve_s2_20k/seed11111	14641	0	5	0.000623	0.000000	0.000000	0.000000	0.500000	5	2	3	4	1	20.00	rotosolve	CNOT(1->5)	RY(q=1) | RX(q=7) | RY(q=5) | CNOT(1->5)	RY(q=1,θ=+0.180) | RX(q=7,θ=+3.142) | RY(q=5,θ=-3.142) | CNOT(1->5)	"[""RY(q=1)"", ""RX(q=7)"", ""RY(q=5)"", ""CNOT(1->5)""]"
crlqas__L3_CH2_Singlet_8q__L3_CH2_Singlet_8q_rotosolve_s2_20k__seed11111__ep19106__snap0	/home/ubuntu/NeurIPS2026/PSQASBench/results/crlqas/L3_CH2_Singlet_8q/Formal_EXP/L3_CH2_Singlet_8q_rotosolve_s2_20k/seed11111	19106	0	5	0.000623	0.000000	0.000000	0.000000	0.500000	5	2	3	4	1	20.00	rotosolve	CNOT(1->5)	RY(q=5) | RY(q=1) | RX(q=7) | CNOT(1->5)	RY(q=5,θ=-3.142) | RY(q=1,θ=+0.180) | RX(q=7,θ=+3.142) | CNOT(1->5)	"[""RY(q=5)"", ""RY(q=1)"", ""RX(q=7)"", ""CNOT(1->5)""]"
crlqas__L3_CH2_Singlet_8q__L3_CH2_Singlet_8q_rotosolve_s2_20k__seed11111__ep13194__snap0	/home/ubuntu/NeurIPS2026/PSQASBench/results/crlqas/L3_CH2_Singlet_8q/Formal_EXP/L3_CH2_Singlet_8q_rotosolve_s2_20k/seed11111	13194	0	6	0.000623	0.000000	0.000000	0.000000	0.500000	6	1	5	4	2	33.33	rotosolve	CNOT(1->5)	RY(q=1) | RY(q=7) | RY(q=5) | CNOT(1->5)	RY(q=1,θ=+0.180) | RY(q=7,θ=+3.142) | RY(q=5,θ=-3.142) | CNOT(1->5)	"[""RY(q=1)"", ""RY(q=7)"", ""RY(q=5)"", ""CNOT(1->5)""]"
crlqas__L3_CH2_Singlet_8q__L3_CH2_Singlet_8q_rotosolve_s2_20k__seed11111__ep11993__snap0	/home/ubuntu/NeurIPS2026/PSQASBench/results/crlqas/L3_CH2_Singlet_8q/Formal_EXP/L3_CH2_Singlet_8q_rotosolve_s2_20k/seed11111	11993	0	7	0.000623	0.000000	0.000000	0.000000	0.500000	7	2	5	4	3	42.86	rotosolve	CNOT(1->5)	RY(q=1) | RY(q=5) | RY(q=7) | CNOT(1->5)	RY(q=1,θ=+0.180) | RY(q=5,θ=-3.142) | RY(q=7,θ=+3.142) | CNOT(1->5)	"[""RY(q=1)"", ""RY(q=5)"", ""RY(q=7)"", ""CNOT(1->5)""]"
crlqas__L3_CH2_Singlet_8q__L3_CH2_Singlet_8q_rotosolve_s2_20k__seed11111__ep14236__snap0	/home/ubuntu/NeurIPS2026/PSQASBench/results/crlqas/L3_CH2_Singlet_8q/Formal_EXP/L3_CH2_Singlet_8q_rotosolve_s2_20k/seed11111	14236	0	5	0.000623	0.000000	0.000000	0.000000	0.500000	5	1	4	4	1	20.00	rotosolve	CNOT(0->4)	RY(q=0) | RX(q=6) | RY(q=4) | CNOT(0->4)	RY(q=0,θ=+0.180) | RX(q=6,θ=+3.142) | RY(q=4,θ=-3.142) | CNOT(0->4)	"[""RY(q=0)"", ""RX(q=6)"", ""RY(q=4)"", ""CNOT(0->4)""]"
crlqas__L3_CH2_Singlet_8q__L3_CH2_Singlet_8q_rotosolve_s2_20k__seed11111__ep15979__snap0	/home/ubuntu/NeurIPS2026/PSQASBench/results/crlqas/L3_CH2_Singlet_8q/Formal_EXP/L3_CH2_Singlet_8q_rotosolve_s2_20k/seed11111	15979	0	6	0.000623	0.000000	0.000000	0.000000	0.500000	6	1	5	4	2	33.33	rotosolve	CNOT(1->5)	RY(q=1) | RY(q=5) | RY(q=7) | CNOT(1->5)	RY(q=1,θ=+0.180) | RY(q=5,θ=-3.142) | RY(q=7,θ=+3.142) | CNOT(1->5)	"[""RY(q=1)"", ""RY(q=5)"", ""RY(q=7)"", ""CNOT(1->5)""]"
crlqas__L3_CH2_Singlet_8q__L3_CH2_Singlet_8q_rotosolve_s2_20k__seed11111__ep15946__snap0	/home/ubuntu/NeurIPS2026/PSQASBench/results/crlqas/L3_CH2_Singlet_8q/Formal_EXP/L3_CH2_Singlet_8q_rotosolve_s2_20k/seed11111	15946	0	7	0.000623	0.000000	0.000000	0.000000	0.500000	7	2	5	4	3	42.86	rotosolve	CNOT(1->5)	RY(q=1) | RY(q=5) | RX(q=7) | CNOT(1->5)	RY(q=1,θ=+0.180) | RY(q=5,θ=-3.142) | RX(q=7,θ=+3.142) | CNOT(1->5)	"[""RY(q=1)"", ""RY(q=5)"", ""RX(q=7)"", ""CNOT(1->5)""]"
crlqas__L3_CH2_Singlet_8q__L3_CH2_Singlet_8q_rotosolve_s2_20k__seed11111__ep17248__snap0	/home/ubuntu/NeurIPS2026/PSQASBench/results/crlqas/L3_CH2_Singlet_8q/Formal_EXP/L3_CH2_Singlet_8q_rotosolve_s2_20k/seed11111	17248	0	7	0.000623	0.000000	0.000000	0.000000	0.500000	7	2	5	4	3	42.86	rotosolve	CNOT(1->5)	RY(q=1) | RY(q=7) | RY(q=5) | CNOT(1->5)	RY(q=1,θ=+0.180) | RY(q=7,θ=+3.142) | RY(q=5,θ=-3.142) | CNOT(1->5)	"[""RY(q=1)"", ""RY(q=7)"", ""RY(q=5)"", ""CNOT(1->5)""]"
crlqas__L3_CH2_Singlet_8q__L3_CH2_Singlet_8q_rotosolve_s2_20k__seed11111__ep11576__snap0	/home/ubuntu/NeurIPS2026/PSQASBench/results/crlqas/L3_CH2_Singlet_8q/Formal_EXP/L3_CH2_Singlet_8q_rotosolve_s2_20k/seed11111	11576	0	7	0.000623	0.000000	0.000000	0.000000	0.500000	7	1	6	4	3	42.86	rotosolve	CNOT(1->5)	RY(q=1) | RY(q=7) | RY(q=5) | CNOT(1->5)	RY(q=1,θ=+0.180) | RY(q=7,θ=+3.142) | RY(q=5,θ=-3.142) | CNOT(1->5)	"[""RY(q=1)"", ""RY(q=7)"", ""RY(q=5)"", ""CNOT(1->5)""]"
crlqas__L3_CH2_Singlet_8q__L3_CH2_Singlet_8q_rotosolve_s2_20k__seed11111__ep16703__snap0	/home/ubuntu/NeurIPS2026/PSQASBench/results/crlqas/L3_CH2_Singlet_8q/Formal_EXP/L3_CH2_Singlet_8q_rotosolve_s2_20k/seed11111	16703	0	7	0.000623	0.000000	0.000000	0.000000	0.500000	7	1	6	4	3	42.86	rotosolve	CNOT(1->5)	RY(q=5) | RY(q=1) | RY(q=7) | CNOT(1->5)	RY(q=5,θ=-3.142) | RY(q=1,θ=+0.180) | RY(q=7,θ=+3.142) | CNOT(1->5)	"[""RY(q=5)"", ""RY(q=1)"", ""RY(q=7)"", ""CNOT(1->5)""]"
crlqas__L3_CH2_Singlet_8q__L3_CH2_Singlet_8q_rotosolve_s2_20k__seed11111__ep19040__snap0	/home/ubuntu/NeurIPS2026/PSQASBench/results/crlqas/L3_CH2_Singlet_8q/Formal_EXP/L3_CH2_Singlet_8q_rotosolve_s2_20k/seed11111	19040	0	7	0.000623	0.000000	0.000000	0.000000	0.500000	7	1	6	4	3	42.86	rotosolve	CNOT(1->5)	RY(q=1) | RY(q=5) | RY(q=7) | CNOT(1->5)	RY(q=1,θ=+0.180) | RY(q=5,θ=-3.142) | RY(q=7,θ=+3.142) | CNOT(1->5)	"[""RY(q=1)"", ""RY(q=5)"", ""RY(q=7)"", ""CNOT(1->5)""]"
crlqas__L3_CH2_Singlet_8q__L3_CH2_Singlet_8q_rotosolve_s2_20k__seed11111__ep16235__snap0	/home/ubuntu/NeurIPS2026/PSQASBench/results/crlqas/L3_CH2_Singlet_8q/Formal_EXP/L3_CH2_Singlet_8q_rotosolve_s2_20k/seed11111	16235	0	6	0.000623	0.000000	0.000000	0.000000	0.500000	6	1	5	4	2	33.33	rotosolve	CNOT(1->5)	RY(q=7) | RY(q=1) | RY(q=5) | CNOT(1->5)	RY(q=7,θ=+3.142) | RY(q=1,θ=+0.180) | RY(q=5,θ=-3.142) | CNOT(1->5)	"[""RY(q=7)"", ""RY(q=1)"", ""RY(q=5)"", ""CNOT(1->5)""]"
crlqas__L3_CH2_Singlet_8q__L3_CH2_Singlet_8q_rotosolve_s2_20k__seed11111__ep19179__snap0	/home/ubuntu/NeurIPS2026/PSQASBench/results/crlqas/L3_CH2_Singlet_8q/Formal_EXP/L3_CH2_Singlet_8q_rotosolve_s2_20k/seed11111	19179	0	5	0.000623	0.000000	0.000000	0.000000	0.500000	5	2	3	4	1	20.00	rotosolve	CNOT(1->5)	RY(q=1) | RY(q=5) | RX(q=7) | CNOT(1->5)	RY(q=1,θ=+0.180) | RY(q=5,θ=-3.142) | RX(q=7,θ=+3.142) | CNOT(1->5)	"[""RY(q=1)"", ""RY(q=5)"", ""RX(q=7)"", ""CNOT(1->5)""]"
crlqas__L3_CH2_Singlet_8q__L3_CH2_Singlet_8q_rotosolve_s2_20k__seed11111__ep15415__snap0	/home/ubuntu/NeurIPS2026/PSQASBench/results/crlqas/L3_CH2_Singlet_8q/Formal_EXP/L3_CH2_Singlet_8q_rotosolve_s2_20k/seed11111	15415	0	10	0.000623	0.000000	0.000000	0.000000	0.500000	10	1	9	4	6	60.00	rotosolve	CNOT(1->5)	RY(q=5) | RY(q=1) | RY(q=7) | CNOT(1->5)	RY(q=5,θ=-3.142) | RY(q=1,θ=+0.180) | RY(q=7,θ=+3.142) | CNOT(1->5)	"[""RY(q=5)"", ""RY(q=1)"", ""RY(q=7)"", ""CNOT(1->5)""]"
crlqas__L3_CH2_Singlet_8q__L3_CH2_Singlet_8q_rotosolve_s2_20k__seed11111__ep11806__snap0	/home/ubuntu/NeurIPS2026/PSQASBench/results/crlqas/L3_CH2_Singlet_8q/Formal_EXP/L3_CH2_Singlet_8q_rotosolve_s2_20k/seed11111	11806	0	5	0.000623	0.000000	0.000000	0.000000	0.500000	5	1	4	4	1	20.00	rotosolve	CNOT(1->5)	RY(q=1) | RY(q=7) | RY(q=5) | CNOT(1->5)	RY(q=1,θ=+0.180) | RY(q=7,θ=+3.142) | RY(q=5,θ=-3.142) | CNOT(1->5)	"[""RY(q=1)"", ""RY(q=7)"", ""RY(q=5)"", ""CNOT(1->5)""]"
crlqas__L3_CH2_Singlet_8q__L3_CH2_Singlet_8q_rotosolve_s2_20k__seed11111__ep14703__snap0	/home/ubuntu/NeurIPS2026/PSQASBench/results/crlqas/L3_CH2_Singlet_8q/Formal_EXP/L3_CH2_Singlet_8q_rotosolve_s2_20k/seed11111	14703	0	5	0.000623	0.000000	0.000000	0.000000	0.500000	5	1	4	4	1	20.00	rotosolve	CNOT(0->4)	RY(q=0) | RX(q=6) | RY(q=4) | CNOT(0->4)	RY(q=0,θ=+0.180) | RX(q=6,θ=+3.142) | RY(q=4,θ=-3.142) | CNOT(0->4)	"[""RY(q=0)"", ""RX(q=6)"", ""RY(q=4)"", ""CNOT(0->4)""]"
crlqas__L3_CH2_Singlet_8q__L3_CH2_Singlet_8q_rotosolve_s2_20k__seed11111__ep13246__snap0	/home/ubuntu/NeurIPS2026/PSQASBench/results/crlqas/L3_CH2_Singlet_8q/Formal_EXP/L3_CH2_Singlet_8q_rotosolve_s2_20k/seed11111	13246	0	7	0.000623	0.000000	0.000000	0.000000	0.500000	7	1	6	4	3	42.86	rotosolve	CNOT(0->4)	RX(q=6) | RY(q=4) | RY(q=0) | CNOT(0->4)	RX(q=6,θ=+3.142) | RY(q=4,θ=-3.142) | RY(q=0,θ=+0.180) | CNOT(0->4)	"[""RX(q=6)"", ""RY(q=4)"", ""RY(q=0)"", ""CNOT(0->4)""]"
crlqas__L3_CH2_Singlet_8q__L3_CH2_Singlet_8q_rotosolve_s2_20k__seed11111__ep12243__snap0	/home/ubuntu/NeurIPS2026/PSQASBench/results/crlqas/L3_CH2_Singlet_8q/Formal_EXP/L3_CH2_Singlet_8q_rotosolve_s2_20k/seed11111	12243	0	5	0.000623	0.000000	0.000000	0.000000	0.500000	5	1	4	4	1	20.00	rotosolve	CNOT(1->5)	RY(q=1) | RY(q=5) | RY(q=7) | CNOT(1->5)	RY(q=1,θ=+0.180) | RY(q=5,θ=-3.142) | RY(q=7,θ=+3.142) | CNOT(1->5)	"[""RY(q=1)"", ""RY(q=5)"", ""RY(q=7)"", ""CNOT(1->5)""]"
crlqas__L3_CH2_Singlet_8q__L3_CH2_Singlet_8q_rotosolve_s2_20k__seed11111__ep12873__snap0	/home/ubuntu/NeurIPS2026/PSQASBench/results/crlqas/L3_CH2_Singlet_8q/Formal_EXP/L3_CH2_Singlet_8q_rotosolve_s2_20k/seed11111	12873	0	6	0.000623	0.000000	0.000000	0.000000	0.500000	6	1	5	4	2	33.33	rotosolve	CNOT(0->4)	RX(q=6) | RY(q=4) | RY(q=0) | CNOT(0->4)	RX(q=6,θ=+3.142) | RY(q=4,θ=-3.142) | RY(q=0,θ=+0.180) | CNOT(0->4)	"[""RX(q=6)"", ""RY(q=4)"", ""RY(q=0)"", ""CNOT(0->4)""]"
crlqas__L3_CH2_Singlet_8q__L3_CH2_Singlet_8q_rotosolve_s2_20k__seed11111__ep16305__snap0	/home/ubuntu/NeurIPS2026/PSQASBench/results/crlqas/L3_CH2_Singlet_8q/Formal_EXP/L3_CH2_Singlet_8q_rotosolve_s2_20k/seed11111	16305	0	13	0.000623	0.000000	0.000000	0.000000	0.500000	13	1	12	4	9	69.23	rotosolve	CNOT(1->5)	RY(q=1) | RY(q=5) | RY(q=7) | CNOT(1->5)	RY(q=1,θ=+0.180) | RY(q=5,θ=-3.142) | RY(q=7,θ=+3.142) | CNOT(1->5)	"[""RY(q=1)"", ""RY(q=5)"", ""RY(q=7)"", ""CNOT(1->5)""]"
crlqas__L3_CH2_Singlet_8q__L3_CH2_Singlet_8q_rotosolve_s2_20k__seed11111__ep14772__snap0	/home/ubuntu/NeurIPS2026/PSQASBench/results/crlqas/L3_CH2_Singlet_8q/Formal_EXP/L3_CH2_Singlet_8q_rotosolve_s2_20k/seed11111	14772	0	5	0.000623	0.000000	0.000000	0.000000	0.500000	5	2	3	4	1	20.00	rotosolve	CNOT(1->5)	RY(q=1) | RY(q=5) | RX(q=7) | CNOT(1->5)	RY(q=1,θ=+0.180) | RY(q=5,θ=-3.142) | RX(q=7,θ=+3.142) | CNOT(1->5)	"[""RY(q=1)"", ""RY(q=5)"", ""RX(q=7)"", ""CNOT(1->5)""]"
crlqas__L3_CH2_Singlet_8q__L3_CH2_Singlet_8q_rotosolve_s2_20k__seed11111__ep15004__snap0	/home/ubuntu/NeurIPS2026/PSQASBench/results/crlqas/L3_CH2_Singlet_8q/Formal_EXP/L3_CH2_Singlet_8q_rotosolve_s2_20k/seed11111	15004	0	8	0.000623	0.000000	0.000000	0.000000	0.500000	8	2	6	4	4	50.00	rotosolve	CNOT(1->5)	RY(q=1) | RY(q=5) | RX(q=7) | CNOT(1->5)	RY(q=1,θ=+0.180) | RY(q=5,θ=-3.142) | RX(q=7,θ=+3.142) | CNOT(1->5)	"[""RY(q=1)"", ""RY(q=5)"", ""RX(q=7)"", ""CNOT(1->5)""]"
crlqas__L3_CH2_Singlet_8q__L3_CH2_Singlet_8q_rotosolve_s2_20k__seed11111__ep18277__snap0	/home/ubuntu/NeurIPS2026/PSQASBench/results/crlqas/L3_CH2_Singlet_8q/Formal_EXP/L3_CH2_Singlet_8q_rotosolve_s2_20k/seed11111	18277	0	6	0.000623	0.000000	0.000000	0.000000	0.500000	6	2	4	4	2	33.33	rotosolve	CNOT(1->5)	RY(q=1) | RX(q=7) | RY(q=5) | CNOT(1->5)	RY(q=1,θ=+0.180) | RX(q=7,θ=+3.142) | RY(q=5,θ=-3.142) | CNOT(1->5)	"[""RY(q=1)"", ""RX(q=7)"", ""RY(q=5)"", ""CNOT(1->5)""]"
crlqas__L3_CH2_Singlet_8q__L3_CH2_Singlet_8q_rotosolve_s2_20k__seed11111__ep10244__snap0	/home/ubuntu/NeurIPS2026/PSQASBench/results/crlqas/L3_CH2_Singlet_8q/Formal_EXP/L3_CH2_Singlet_8q_rotosolve_s2_20k/seed11111	10244	0	6	0.000623	0.000000	0.000000	0.000000	0.500000	6	3	3	4	2	33.33	rotosolve	CNOT(1->5)	RY(q=1) | RY(q=5) | RX(q=7) | CNOT(1->5)	RY(q=1,θ=+0.180) | RY(q=5,θ=-3.142) | RX(q=7,θ=+3.142) | CNOT(1->5)	"[""RY(q=1)"", ""RY(q=5)"", ""RX(q=7)"", ""CNOT(1->5)""]"
crlqas__L3_CH2_Singlet_8q__L3_CH2_Singlet_8q_rotosolve_s2_20k__seed11111__ep16684__snap0	/home/ubuntu/NeurIPS2026/PSQASBench/results/crlqas/L3_CH2_Singlet_8q/Formal_EXP/L3_CH2_Singlet_8q_rotosolve_s2_20k/seed11111	16684	0	9	0.000623	0.000000	0.000000	0.000000	0.500000	9	2	7	4	5	55.56	rotosolve	CNOT(1->5)	RY(q=1) | RX(q=7) | RY(q=5) | CNOT(1->5)	RY(q=1,θ=+0.180) | RX(q=7,θ=+3.142) | RY(q=5,θ=-3.142) | CNOT(1->5)	"[""RY(q=1)"", ""RX(q=7)"", ""RY(q=5)"", ""CNOT(1->5)""]"
crlqas__L3_CH2_Singlet_8q__L3_CH2_Singlet_8q_rotosolve_s2_20k__seed11111__ep10568__snap0	/home/ubuntu/NeurIPS2026/PSQASBench/results/crlqas/L3_CH2_Singlet_8q/Formal_EXP/L3_CH2_Singlet_8q_rotosolve_s2_20k/seed11111	10568	0	8	0.000623	0.000000	0.000000	0.000000	0.500000	8	2	6	4	4	50.00	rotosolve	CNOT(1->5)	RY(q=1) | RY(q=5) | CNOT(5->7) | CNOT(1->5)	RY(q=1,θ=+0.180) | RY(q=5,θ=-3.142) | CNOT(5->7) | CNOT(1->5)	"[""RY(q=1)"", ""RY(q=5)"", ""CNOT(5->7)"", ""CNOT(1->5)""]"
crlqas__L3_CH2_Singlet_8q__L3_CH2_Singlet_8q_rotosolve_s2_20k__seed11111__ep14711__snap0	/home/ubuntu/NeurIPS2026/PSQASBench/results/crlqas/L3_CH2_Singlet_8q/Formal_EXP/L3_CH2_Singlet_8q_rotosolve_s2_20k/seed11111	14711	0	6	0.000623	0.000000	0.000000	0.000000	0.500000	6	2	4	4	2	33.33	rotosolve	CNOT(0->4)	RY(q=4) | RY(q=0) | RY(q=6) | CNOT(0->4)	RY(q=4,θ=-3.142) | RY(q=0,θ=+0.180) | RY(q=6,θ=+3.142) | CNOT(0->4)	"[""RY(q=4)"", ""RY(q=0)"", ""RY(q=6)"", ""CNOT(0->4)""]"
crlqas__L3_CH2_Singlet_8q__L3_CH2_Singlet_8q_rotosolve_s2_20k__seed11111__ep16212__snap0	/home/ubuntu/NeurIPS2026/PSQASBench/results/crlqas/L3_CH2_Singlet_8q/Formal_EXP/L3_CH2_Singlet_8q_rotosolve_s2_20k/seed11111	16212	0	5	0.000623	0.000000	0.000000	0.000000	0.500000	5	2	3	4	1	20.00	rotosolve	CNOT(1->5)	RY(q=1) | RY(q=5) | RX(q=7) | CNOT(1->5)	RY(q=1,θ=+0.180) | RY(q=5,θ=-3.142) | RX(q=7,θ=+3.142) | CNOT(1->5)	"[""RY(q=1)"", ""RY(q=5)"", ""RX(q=7)"", ""CNOT(1->5)""]"
crlqas__L3_CH2_Singlet_8q__L3_CH2_Singlet_8q_rotosolve_s2_20k__seed11111__ep14195__snap0	/home/ubuntu/NeurIPS2026/PSQASBench/results/crlqas/L3_CH2_Singlet_8q/Formal_EXP/L3_CH2_Singlet_8q_rotosolve_s2_20k/seed11111	14195	0	6	0.000623	0.000000	0.000000	0.000000	0.500000	6	2	4	4	2	33.33	rotosolve	CNOT(1->5)	RY(q=1) | RY(q=5) | RX(q=7) | CNOT(1->5)	RY(q=1,θ=+0.180) | RY(q=5,θ=-3.142) | RX(q=7,θ=+3.142) | CNOT(1->5)	"[""RY(q=1)"", ""RY(q=5)"", ""RX(q=7)"", ""CNOT(1->5)""]"
crlqas__L3_CH2_Singlet_8q__L3_CH2_Singlet_8q_rotosolve_s2_20k__seed11111__ep13623__snap0	/home/ubuntu/NeurIPS2026/PSQASBench/results/crlqas/L3_CH2_Singlet_8q/Formal_EXP/L3_CH2_Singlet_8q_rotosolve_s2_20k/seed11111	13623	0	5	0.000623	0.000000	0.000000	0.000000	0.500000	5	1	4	4	1	20.00	rotosolve	CNOT(1->5)	RY(q=1) | RY(q=7) | RY(q=5) | CNOT(1->5)	RY(q=1,θ=+0.180) | RY(q=7,θ=+3.142) | RY(q=5,θ=-3.142) | CNOT(1->5)	"[""RY(q=1)"", ""RY(q=7)"", ""RY(q=5)"", ""CNOT(1->5)""]"
crlqas__L3_CH2_Singlet_8q__L3_CH2_Singlet_8q_rotosolve_s2_20k__seed11111__ep16284__snap0	/home/ubuntu/NeurIPS2026/PSQASBench/results/crlqas/L3_CH2_Singlet_8q/Formal_EXP/L3_CH2_Singlet_8q_rotosolve_s2_20k/seed11111	16284	0	5	0.000623	0.000000	0.000000	0.000000	0.500000	5	1	4	4	1	20.00	rotosolve	CNOT(0->4)	RY(q=4) | RX(q=6) | RY(q=0) | CNOT(0->4)	RY(q=4,θ=-3.142) | RX(q=6,θ=+3.142) | RY(q=0,θ=+0.180) | CNOT(0->4)	"[""RY(q=4)"", ""RX(q=6)"", ""RY(q=0)"", ""CNOT(0->4)""]"
crlqas__L3_CH2_Singlet_8q__L3_CH2_Singlet_8q_rotosolve_s2_20k__seed11111__ep10285__snap0	/home/ubuntu/NeurIPS2026/PSQASBench/results/crlqas/L3_CH2_Singlet_8q/Formal_EXP/L3_CH2_Singlet_8q_rotosolve_s2_20k/seed11111	10285	0	6	0.000623	0.000000	0.000000	0.000000	0.500000	6	2	4	4	2	33.33	rotosolve	CNOT(1->5)	RY(q=1) | RY(q=5) | RX(q=7) | CNOT(1->5)	RY(q=1,θ=+0.180) | RY(q=5,θ=-3.142) | RX(q=7,θ=+3.142) | CNOT(1->5)	"[""RY(q=1)"", ""RY(q=5)"", ""RX(q=7)"", ""CNOT(1->5)""]"
crlqas__L3_CH2_Singlet_8q__L3_CH2_Singlet_8q_rotosolve_s2_20k__seed11111__ep18107__snap0	/home/ubuntu/NeurIPS2026/PSQASBench/results/crlqas/L3_CH2_Singlet_8q/Formal_EXP/L3_CH2_Singlet_8q_rotosolve_s2_20k/seed11111	18107	0	7	0.000623	0.000000	0.000000	0.000000	0.500000	7	1	6	4	3	42.86	rotosolve	CNOT(1->5)	RY(q=1) | RY(q=5) | CNOT(5->7) | CNOT(1->5)	RY(q=1,θ=+0.180) | RY(q=5,θ=-3.142) | CNOT(5->7) | CNOT(1->5)	"[""RY(q=1)"", ""RY(q=5)"", ""CNOT(5->7)"", ""CNOT(1->5)""]"
crlqas__L3_CH2_Singlet_8q__L3_CH2_Singlet_8q_rotosolve_s2_20k__seed11111__ep10569__snap0	/home/ubuntu/NeurIPS2026/PSQASBench/results/crlqas/L3_CH2_Singlet_8q/Formal_EXP/L3_CH2_Singlet_8q_rotosolve_s2_20k/seed11111	10569	0	8	0.000623	0.000000	0.000000	0.000000	0.500000	8	1	7	4	4	50.00	rotosolve	CNOT(1->5)	RY(q=1) | RY(q=5) | CNOT(5->7) | CNOT(1->5)	RY(q=1,θ=+0.180) | RY(q=5,θ=-3.142) | CNOT(5->7) | CNOT(1->5)	"[""RY(q=1)"", ""RY(q=5)"", ""CNOT(5->7)"", ""CNOT(1->5)""]"
crlqas__L3_CH2_Singlet_8q__L3_CH2_Singlet_8q_rotosolve_s2_20k__seed11111__ep17038__snap0	/home/ubuntu/NeurIPS2026/PSQASBench/results/crlqas/L3_CH2_Singlet_8q/Formal_EXP/L3_CH2_Singlet_8q_rotosolve_s2_20k/seed11111	17038	0	7	0.000623	0.000000	0.000000	0.000000	0.500000	7	2	5	4	3	42.86	rotosolve	CNOT(1->5)	RY(q=1) | RY(q=5) | RX(q=7) | CNOT(1->5)	RY(q=1,θ=+0.180) | RY(q=5,θ=-3.142) | RX(q=7,θ=+3.142) | CNOT(1->5)	"[""RY(q=1)"", ""RY(q=5)"", ""RX(q=7)"", ""CNOT(1->5)""]"
crlqas__L3_CH2_Singlet_8q__L3_CH2_Singlet_8q_rotosolve_s2_20k__seed11111__ep17635__snap0	/home/ubuntu/NeurIPS2026/PSQASBench/results/crlqas/L3_CH2_Singlet_8q/Formal_EXP/L3_CH2_Singlet_8q_rotosolve_s2_20k/seed11111	17635	0	6	0.000623	0.000000	0.000000	0.000000	0.500000	6	1	5	4	2	33.33	rotosolve	CNOT(1->5)	RY(q=7) | RY(q=1) | RY(q=5) | CNOT(1->5)	RY(q=7,θ=+3.142) | RY(q=1,θ=+0.180) | RY(q=5,θ=-3.142) | CNOT(1->5)	"[""RY(q=7)"", ""RY(q=1)"", ""RY(q=5)"", ""CNOT(1->5)""]"
crlqas__L3_CH2_Singlet_8q__L3_CH2_Singlet_8q_rotosolve_s2_20k__seed11111__ep14208__snap0	/home/ubuntu/NeurIPS2026/PSQASBench/results/crlqas/L3_CH2_Singlet_8q/Formal_EXP/L3_CH2_Singlet_8q_rotosolve_s2_20k/seed11111	14208	0	5	0.000623	0.000000	0.000000	0.000000	0.500000	5	2	3	4	1	20.00	rotosolve	CNOT(1->5)	RY(q=1) | RY(q=5) | RX(q=7) | CNOT(1->5)	RY(q=1,θ=+0.180) | RY(q=5,θ=-3.142) | RX(q=7,θ=+3.142) | CNOT(1->5)	"[""RY(q=1)"", ""RY(q=5)"", ""RX(q=7)"", ""CNOT(1->5)""]"
crlqas__L3_CH2_Singlet_8q__L3_CH2_Singlet_8q_rotosolve_s2_20k__seed11111__ep18770__snap0	/home/ubuntu/NeurIPS2026/PSQASBench/results/crlqas/L3_CH2_Singlet_8q/Formal_EXP/L3_CH2_Singlet_8q_rotosolve_s2_20k/seed11111	18770	0	6	0.000623	0.000000	0.000000	0.000000	0.500000	6	2	4	4	2	33.33	rotosolve	CNOT(1->5)	RY(q=1) | RX(q=5) | RX(q=7) | CNOT(1->5)	RY(q=1,θ=+0.180) | RX(q=5,θ=-3.142) | RX(q=7,θ=+3.142) | CNOT(1->5)	"[""RY(q=1)"", ""RX(q=5)"", ""RX(q=7)"", ""CNOT(1->5)""]"
crlqas__L3_CH2_Singlet_8q__L3_CH2_Singlet_8q_rotosolve_s2_20k__seed11111__ep13043__snap0	/home/ubuntu/NeurIPS2026/PSQASBench/results/crlqas/L3_CH2_Singlet_8q/Formal_EXP/L3_CH2_Singlet_8q_rotosolve_s2_20k/seed11111	13043	0	5	0.000623	0.000000	0.000000	0.000000	0.500000	5	1	4	4	1	20.00	rotosolve	CNOT(1->5)	RY(q=5) | RY(q=1) | CNOT(5->7) | CNOT(1->5)	RY(q=5,θ=-3.142) | RY(q=1,θ=+0.180) | CNOT(5->7) | CNOT(1->5)	"[""RY(q=5)"", ""RY(q=1)"", ""CNOT(5->7)"", ""CNOT(1->5)""]"
crlqas__L3_CH2_Singlet_8q__L3_CH2_Singlet_8q_rotosolve_s2_20k__seed11111__ep17054__snap0	/home/ubuntu/NeurIPS2026/PSQASBench/results/crlqas/L3_CH2_Singlet_8q/Formal_EXP/L3_CH2_Singlet_8q_rotosolve_s2_20k/seed11111	17054	0	7	0.000623	0.000000	0.000000	0.000000	0.500000	7	2	5	4	3	42.86	rotosolve	CNOT(1->5)	RY(q=1) | RY(q=5) | RX(q=7) | CNOT(1->5)	RY(q=1,θ=+0.180) | RY(q=5,θ=-3.142) | RX(q=7,θ=+3.142) | CNOT(1->5)	"[""RY(q=1)"", ""RY(q=5)"", ""RX(q=7)"", ""CNOT(1->5)""]"
crlqas__L3_CH2_Singlet_8q__L3_CH2_Singlet_8q_rotosolve_s2_20k__seed11111__ep15657__snap0	/home/ubuntu/NeurIPS2026/PSQASBench/results/crlqas/L3_CH2_Singlet_8q/Formal_EXP/L3_CH2_Singlet_8q_rotosolve_s2_20k/seed11111	15657	0	5	0.000623	0.000000	0.000000	0.000000	0.500000	5	1	4	4	1	20.00	rotosolve	CNOT(1->5)	RY(q=1) | RY(q=5) | CNOT(5->7) | CNOT(1->5)	RY(q=1,θ=+0.180) | RY(q=5,θ=-3.142) | CNOT(5->7) | CNOT(1->5)	"[""RY(q=1)"", ""RY(q=5)"", ""CNOT(5->7)"", ""CNOT(1->5)""]"
crlqas__L3_CH2_Singlet_8q__L3_CH2_Singlet_8q_rotosolve_s2_20k__seed11111__ep12814__snap0	/home/ubuntu/NeurIPS2026/PSQASBench/results/crlqas/L3_CH2_Singlet_8q/Formal_EXP/L3_CH2_Singlet_8q_rotosolve_s2_20k/seed11111	12814	0	4	0.000623	0.000000	0.000000	0.000000	0.500000	4	1	3	4	0	0.00	rotosolve	CNOT(1->5)	RY(q=1) | RY(q=5) | CNOT(5->7) | CNOT(1->5)	RY(q=1,θ=+0.180) | RY(q=5,θ=-3.142) | CNOT(5->7) | CNOT(1->5)	"[""RY(q=1)"", ""RY(q=5)"", ""CNOT(5->7)"", ""CNOT(1->5)""]"
crlqas__L3_CH2_Singlet_8q__L3_CH2_Singlet_8q_rotosolve_s2_20k__seed11111__ep18721__snap0	/home/ubuntu/NeurIPS2026/PSQASBench/results/crlqas/L3_CH2_Singlet_8q/Formal_EXP/L3_CH2_Singlet_8q_rotosolve_s2_20k/seed11111	18721	0	6	0.000623	0.000000	0.000000	0.000000	0.500000	6	1	5	4	2	33.33	rotosolve	CNOT(1->5)	RY(q=1) | RY(q=5) | RY(q=7) | CNOT(1->5)	RY(q=1,θ=+0.180) | RY(q=5,θ=-3.142) | RY(q=7,θ=+3.142) | CNOT(1->5)	"[""RY(q=1)"", ""RY(q=5)"", ""RY(q=7)"", ""CNOT(1->5)""]"
crlqas__L3_CH2_Singlet_8q__L3_CH2_Singlet_8q_rotosolve_s2_20k__seed11111__ep10208__snap0	/home/ubuntu/NeurIPS2026/PSQASBench/results/crlqas/L3_CH2_Singlet_8q/Formal_EXP/L3_CH2_Singlet_8q_rotosolve_s2_20k/seed11111	10208	0	7	0.000623	0.000000	0.000000	0.000000	0.500000	7	1	6	4	3	42.86	rotosolve	CNOT(1->5)	RY(q=7) | RY(q=1) | RY(q=5) | CNOT(1->5)	RY(q=7,θ=+3.142) | RY(q=1,θ=+0.180) | RY(q=5,θ=-3.142) | CNOT(1->5)	"[""RY(q=7)"", ""RY(q=1)"", ""RY(q=5)"", ""CNOT(1->5)""]"
crlqas__L3_CH2_Singlet_8q__L3_CH2_Singlet_8q_rotosolve_s2_20k__seed11111__ep12074__snap0	/home/ubuntu/NeurIPS2026/PSQASBench/results/crlqas/L3_CH2_Singlet_8q/Formal_EXP/L3_CH2_Singlet_8q_rotosolve_s2_20k/seed11111	12074	0	8	0.000623	0.000000	0.000000	0.000000	0.500000	8	2	6	4	4	50.00	rotosolve	CNOT(1->5)	RY(q=1) | RY(q=5) | RX(q=7) | CNOT(1->5)	RY(q=1,θ=+0.180) | RY(q=5,θ=-3.142) | RX(q=7,θ=+3.142) | CNOT(1->5)	"[""RY(q=1)"", ""RY(q=5)"", ""RX(q=7)"", ""CNOT(1->5)""]"
crlqas__L3_CH2_Singlet_8q__L3_CH2_Singlet_8q_rotosolve_s2_20k__seed11111__ep18900__snap0	/home/ubuntu/NeurIPS2026/PSQASBench/results/crlqas/L3_CH2_Singlet_8q/Formal_EXP/L3_CH2_Singlet_8q_rotosolve_s2_20k/seed11111	18900	0	4	0.000623	0.000000	0.000000	0.000000	0.500000	4	2	2	4	0	0.00	rotosolve	CNOT(1->5)	RY(q=5) | RY(q=1) | RX(q=7) | CNOT(1->5)	RY(q=5,θ=-3.142) | RY(q=1,θ=+0.180) | RX(q=7,θ=+3.142) | CNOT(1->5)	"[""RY(q=5)"", ""RY(q=1)"", ""RX(q=7)"", ""CNOT(1->5)""]"
crlqas__L3_CH2_Singlet_8q__L3_CH2_Singlet_8q_rotosolve_s2_20k__seed11111__ep18538__snap0	/home/ubuntu/NeurIPS2026/PSQASBench/results/crlqas/L3_CH2_Singlet_8q/Formal_EXP/L3_CH2_Singlet_8q_rotosolve_s2_20k/seed11111	18538	0	5	0.000623	0.000000	0.000000	0.000000	0.500000	5	1	4	4	1	20.00	rotosolve	CNOT(1->5)	RY(q=1) | RY(q=5) | CNOT(5->7) | CNOT(1->5)	RY(q=1,θ=+0.180) | RY(q=5,θ=-3.142) | CNOT(5->7) | CNOT(1->5)	"[""RY(q=1)"", ""RY(q=5)"", ""CNOT(5->7)"", ""CNOT(1->5)""]"
crlqas__L3_CH2_Singlet_8q__L3_CH2_Singlet_8q_rotosolve_s2_20k__seed11111__ep19516__snap0	/home/ubuntu/NeurIPS2026/PSQASBench/results/crlqas/L3_CH2_Singlet_8q/Formal_EXP/L3_CH2_Singlet_8q_rotosolve_s2_20k/seed11111	19516	0	5	0.000623	0.000000	0.000000	0.000000	0.500000	5	2	3	4	1	20.00	rotosolve	CNOT(1->5)	RY(q=1) | RX(q=7) | RY(q=5) | CNOT(1->5)	RY(q=1,θ=+0.180) | RX(q=7,θ=+3.142) | RY(q=5,θ=-3.142) | CNOT(1->5)	"[""RY(q=1)"", ""RX(q=7)"", ""RY(q=5)"", ""CNOT(1->5)""]"
crlqas__L3_CH2_Singlet_8q__L3_CH2_Singlet_8q_rotosolve_s2_20k__seed11111__ep12257__snap0	/home/ubuntu/NeurIPS2026/PSQASBench/results/crlqas/L3_CH2_Singlet_8q/Formal_EXP/L3_CH2_Singlet_8q_rotosolve_s2_20k/seed11111	12257	0	5	0.000623	0.000000	0.000000	0.000000	0.500000	5	1	4	4	1	20.00	rotosolve	CNOT(0->4)	RY(q=6) | RY(q=0) | RX(q=4) | CNOT(0->4)	RY(q=6,θ=+3.142) | RY(q=0,θ=+0.180) | RX(q=4,θ=-3.142) | CNOT(0->4)	"[""RY(q=6)"", ""RY(q=0)"", ""RX(q=4)"", ""CNOT(0->4)""]"
crlqas__L3_CH2_Singlet_8q__L3_CH2_Singlet_8q_rotosolve_s2_20k__seed11111__ep18386__snap0	/home/ubuntu/NeurIPS2026/PSQASBench/results/crlqas/L3_CH2_Singlet_8q/Formal_EXP/L3_CH2_Singlet_8q_rotosolve_s2_20k/seed11111	18386	0	5	0.000623	0.000000	0.000000	0.000000	0.500000	5	1	4	4	1	20.00	rotosolve	CNOT(1->5)	RY(q=1) | RY(q=5) | CNOT(5->7) | CNOT(1->5)	RY(q=1,θ=+0.180) | RY(q=5,θ=-3.142) | CNOT(5->7) | CNOT(1->5)	"[""RY(q=1)"", ""RY(q=5)"", ""CNOT(5->7)"", ""CNOT(1->5)""]"
crlqas__L3_CH2_Singlet_8q__L3_CH2_Singlet_8q_rotosolve_s2_20k__seed11111__ep11283__snap0	/home/ubuntu/NeurIPS2026/PSQASBench/results/crlqas/L3_CH2_Singlet_8q/Formal_EXP/L3_CH2_Singlet_8q_rotosolve_s2_20k/seed11111	11283	0	9	0.000623	0.000000	0.000000	0.000000	0.500000	9	2	7	4	5	55.56	rotosolve	CNOT(1->5)	RY(q=5) | RY(q=1) | RX(q=7) | CNOT(1->5)	RY(q=5,θ=-3.142) | RY(q=1,θ=+0.180) | RX(q=7,θ=+3.142) | CNOT(1->5)	"[""RY(q=5)"", ""RY(q=1)"", ""RX(q=7)"", ""CNOT(1->5)""]"
crlqas__L3_CH2_Singlet_8q__L3_CH2_Singlet_8q_rotosolve_s2_20k__seed11111__ep12953__snap0	/home/ubuntu/NeurIPS2026/PSQASBench/results/crlqas/L3_CH2_Singlet_8q/Formal_EXP/L3_CH2_Singlet_8q_rotosolve_s2_20k/seed11111	12953	0	6	0.000623	0.000000	0.000000	0.000000	0.500000	6	2	4	4	2	33.33	rotosolve	CNOT(0->4)	RY(q=4) | RY(q=0) | RY(q=6) | CNOT(0->4)	RY(q=4,θ=-3.142) | RY(q=0,θ=+0.180) | RY(q=6,θ=+3.142) | CNOT(0->4)	"[""RY(q=4)"", ""RY(q=0)"", ""RY(q=6)"", ""CNOT(0->4)""]"
crlqas__L3_CH2_Singlet_8q__L3_CH2_Singlet_8q_rotosolve_s2_20k__seed11111__ep10670__snap0	/home/ubuntu/NeurIPS2026/PSQASBench/results/crlqas/L3_CH2_Singlet_8q/Formal_EXP/L3_CH2_Singlet_8q_rotosolve_s2_20k/seed11111	10670	0	4	0.000623	0.000000	0.000000	0.000000	0.500000	4	1	3	4	0	0.00	rotosolve	CNOT(1->5)	RY(q=7) | RY(q=1) | RY(q=5) | CNOT(1->5)	RY(q=7,θ=-3.142) | RY(q=1,θ=+0.180) | RY(q=5,θ=-3.142) | CNOT(1->5)	"[""RY(q=7)"", ""RY(q=1)"", ""RY(q=5)"", ""CNOT(1->5)""]"
crlqas__L3_CH2_Singlet_8q__L3_CH2_Singlet_8q_rotosolve_s2_20k__seed11111__ep14060__snap0	/home/ubuntu/NeurIPS2026/PSQASBench/results/crlqas/L3_CH2_Singlet_8q/Formal_EXP/L3_CH2_Singlet_8q_rotosolve_s2_20k/seed11111	14060	0	6	0.000623	0.000000	0.000000	0.000000	0.500000	6	1	5	4	2	33.33	rotosolve	CNOT(1->5)	RY(q=5) | RY(q=1) | RY(q=7) | CNOT(1->5)	RY(q=5,θ=-3.142) | RY(q=1,θ=+0.180) | RY(q=7,θ=+3.142) | CNOT(1->5)	"[""RY(q=5)"", ""RY(q=1)"", ""RY(q=7)"", ""CNOT(1->5)""]"
crlqas__L3_CH2_Singlet_8q__L3_CH2_Singlet_8q_rotosolve_s2_20k__seed11111__ep13006__snap0	/home/ubuntu/NeurIPS2026/PSQASBench/results/crlqas/L3_CH2_Singlet_8q/Formal_EXP/L3_CH2_Singlet_8q_rotosolve_s2_20k/seed11111	13006	0	6	0.000623	0.000000	0.000000	0.000000	0.500000	6	1	5	4	2	33.33	rotosolve	CNOT(1->5)	RY(q=1) | RY(q=7) | RY(q=5) | CNOT(1->5)	RY(q=1,θ=+0.180) | RY(q=7,θ=+3.142) | RY(q=5,θ=-3.142) | CNOT(1->5)	"[""RY(q=1)"", ""RY(q=7)"", ""RY(q=5)"", ""CNOT(1->5)""]"
crlqas__L3_CH2_Singlet_8q__L3_CH2_Singlet_8q_rotosolve_s2_20k__seed11111__ep17928__snap0	/home/ubuntu/NeurIPS2026/PSQASBench/results/crlqas/L3_CH2_Singlet_8q/Formal_EXP/L3_CH2_Singlet_8q_rotosolve_s2_20k/seed11111	17928	0	10	0.000623	0.000000	0.000000	0.000000	0.500000	10	2	8	4	6	60.00	rotosolve	CNOT(1->5)	RY(q=5) | RY(q=1) | RX(q=7) | CNOT(1->5)	RY(q=5,θ=-3.142) | RY(q=1,θ=+0.180) | RX(q=7,θ=+3.142) | CNOT(1->5)	"[""RY(q=5)"", ""RY(q=1)"", ""RX(q=7)"", ""CNOT(1->5)""]"
crlqas__L3_CH2_Singlet_8q__L3_CH2_Singlet_8q_rotosolve_s2_20k__seed11111__ep12942__snap0	/home/ubuntu/NeurIPS2026/PSQASBench/results/crlqas/L3_CH2_Singlet_8q/Formal_EXP/L3_CH2_Singlet_8q_rotosolve_s2_20k/seed11111	12942	0	7	0.000623	0.000000	0.000000	0.000000	0.500000	7	1	6	4	3	42.86	rotosolve	CNOT(1->5)	RY(q=7) | RY(q=1) | RY(q=5) | CNOT(1->5)	RY(q=7,θ=+3.142) | RY(q=1,θ=+0.180) | RY(q=5,θ=-3.142) | CNOT(1->5)	"[""RY(q=7)"", ""RY(q=1)"", ""RY(q=5)"", ""CNOT(1->5)""]"
crlqas__L3_CH2_Singlet_8q__L3_CH2_Singlet_8q_rotosolve_s2_20k__seed11111__ep11744__snap0	/home/ubuntu/NeurIPS2026/PSQASBench/results/crlqas/L3_CH2_Singlet_8q/Formal_EXP/L3_CH2_Singlet_8q_rotosolve_s2_20k/seed11111	11744	0	8	0.000623	0.000000	0.000000	0.000000	0.500000	8	1	7	4	4	50.00	rotosolve	CNOT(1->5)	RY(q=1) | RY(q=5) | CNOT(5->7) | CNOT(1->5)	RY(q=1,θ=+0.180) | RY(q=5,θ=-3.142) | CNOT(5->7) | CNOT(1->5)	"[""RY(q=1)"", ""RY(q=5)"", ""CNOT(5->7)"", ""CNOT(1->5)""]"
crlqas__L3_CH2_Singlet_8q__L3_CH2_Singlet_8q_rotosolve_s2_20k__seed11111__ep15943__snap0	/home/ubuntu/NeurIPS2026/PSQASBench/results/crlqas/L3_CH2_Singlet_8q/Formal_EXP/L3_CH2_Singlet_8q_rotosolve_s2_20k/seed11111	15943	0	6	0.000623	0.000000	0.000000	0.000000	0.500000	6	1	5	4	2	33.33	rotosolve	CNOT(1->5)	RY(q=7) | RY(q=1) | RY(q=5) | CNOT(1->5)	RY(q=7,θ=+3.142) | RY(q=1,θ=+0.180) | RY(q=5,θ=-3.142) | CNOT(1->5)	"[""RY(q=7)"", ""RY(q=1)"", ""RY(q=5)"", ""CNOT(1->5)""]"
crlqas__L3_CH2_Singlet_8q__L3_CH2_Singlet_8q_rotosolve_s2_20k__seed11111__ep15671__snap0	/home/ubuntu/NeurIPS2026/PSQASBench/results/crlqas/L3_CH2_Singlet_8q/Formal_EXP/L3_CH2_Singlet_8q_rotosolve_s2_20k/seed11111	15671	0	5	0.000623	0.000000	0.000000	0.000000	0.500000	5	2	3	4	1	20.00	rotosolve	CNOT(1->5)	RY(q=1) | RY(q=5) | RX(q=7) | CNOT(1->5)	RY(q=1,θ=+0.180) | RY(q=5,θ=-3.142) | RX(q=7,θ=+3.142) | CNOT(1->5)	"[""RY(q=1)"", ""RY(q=5)"", ""RX(q=7)"", ""CNOT(1->5)""]"
crlqas__L3_CH2_Singlet_8q__L3_CH2_Singlet_8q_rotosolve_s2_20k__seed11111__ep12423__snap0	/home/ubuntu/NeurIPS2026/PSQASBench/results/crlqas/L3_CH2_Singlet_8q/Formal_EXP/L3_CH2_Singlet_8q_rotosolve_s2_20k/seed11111	12423	0	5	0.000623	0.000000	0.000000	0.000000	0.500000	5	1	4	4	1	20.00	rotosolve	CNOT(0->4)	RX(q=4) | RX(q=6) | RY(q=0) | CNOT(0->4)	RX(q=4,θ=-3.142) | RX(q=6,θ=+3.142) | RY(q=0,θ=+0.180) | CNOT(0->4)	"[""RX(q=4)"", ""RX(q=6)"", ""RY(q=0)"", ""CNOT(0->4)""]"
crlqas__L3_CH2_Singlet_8q__L3_CH2_Singlet_8q_rotosolve_s2_20k__seed11111__ep16744__snap0	/home/ubuntu/NeurIPS2026/PSQASBench/results/crlqas/L3_CH2_Singlet_8q/Formal_EXP/L3_CH2_Singlet_8q_rotosolve_s2_20k/seed11111	16744	0	7	0.000623	0.000000	0.000000	0.000000	0.500000	7	1	6	4	3	42.86	rotosolve	CNOT(1->5)	RY(q=1) | RY(q=7) | RY(q=5) | CNOT(1->5)	RY(q=1,θ=+0.180) | RY(q=7,θ=+3.142) | RY(q=5,θ=-3.142) | CNOT(1->5)	"[""RY(q=1)"", ""RY(q=7)"", ""RY(q=5)"", ""CNOT(1->5)""]"
crlqas__L3_CH2_Singlet_8q__L3_CH2_Singlet_8q_rotosolve_s2_20k__seed11111__ep13269__snap0	/home/ubuntu/NeurIPS2026/PSQASBench/results/crlqas/L3_CH2_Singlet_8q/Formal_EXP/L3_CH2_Singlet_8q_rotosolve_s2_20k/seed11111	13269	0	9	0.000623	0.000000	0.000000	0.000000	0.500000	9	2	7	4	5	55.56	rotosolve	CNOT(1->5)	RY(q=1) | RX(q=5) | RX(q=7) | CNOT(1->5)	RY(q=1,θ=+0.180) | RX(q=5,θ=-3.142) | RX(q=7,θ=+3.142) | CNOT(1->5)	"[""RY(q=1)"", ""RX(q=5)"", ""RX(q=7)"", ""CNOT(1->5)""]"
crlqas__L3_CH2_Singlet_8q__L3_CH2_Singlet_8q_rotosolve_s2_20k__seed11111__ep19839__snap0	/home/ubuntu/NeurIPS2026/PSQASBench/results/crlqas/L3_CH2_Singlet_8q/Formal_EXP/L3_CH2_Singlet_8q_rotosolve_s2_20k/seed11111	19839	0	7	0.000623	0.000000	0.000000	0.000000	0.500000	7	1	6	4	3	42.86	rotosolve	CNOT(1->5)	RY(q=1) | RY(q=5) | RY(q=7) | CNOT(1->5)	RY(q=1,θ=+0.180) | RY(q=5,θ=-3.142) | RY(q=7,θ=+3.142) | CNOT(1->5)	"[""RY(q=1)"", ""RY(q=5)"", ""RY(q=7)"", ""CNOT(1->5)""]"
crlqas__L3_CH2_Singlet_8q__L3_CH2_Singlet_8q_rotosolve_s2_20k__seed11111__ep18193__snap0	/home/ubuntu/NeurIPS2026/PSQASBench/results/crlqas/L3_CH2_Singlet_8q/Formal_EXP/L3_CH2_Singlet_8q_rotosolve_s2_20k/seed11111	18193	0	8	0.000623	0.000000	0.000000	0.000000	0.500000	8	1	7	4	4	50.00	rotosolve	CNOT(1->5)	RY(q=5) | RY(q=1) | CNOT(5->7) | CNOT(1->5)	RY(q=5,θ=-3.142) | RY(q=1,θ=+0.180) | CNOT(5->7) | CNOT(1->5)	"[""RY(q=5)"", ""RY(q=1)"", ""CNOT(5->7)"", ""CNOT(1->5)""]"
crlqas__L3_CH2_Singlet_8q__L3_CH2_Singlet_8q_rotosolve_s2_20k__seed11111__ep12604__snap0	/home/ubuntu/NeurIPS2026/PSQASBench/results/crlqas/L3_CH2_Singlet_8q/Formal_EXP/L3_CH2_Singlet_8q_rotosolve_s2_20k/seed11111	12604	0	7	0.000623	0.000000	0.000000	0.000000	0.500000	7	2	5	4	3	42.86	rotosolve	CNOT(1->5)	RY(q=1) | RY(q=5) | RX(q=7) | CNOT(1->5)	RY(q=1,θ=+0.180) | RY(q=5,θ=-3.142) | RX(q=7,θ=+3.142) | CNOT(1->5)	"[""RY(q=1)"", ""RY(q=5)"", ""RX(q=7)"", ""CNOT(1->5)""]"
crlqas__L3_CH2_Singlet_8q__L3_CH2_Singlet_8q_rotosolve_s2_20k__seed11111__ep12525__snap0	/home/ubuntu/NeurIPS2026/PSQASBench/results/crlqas/L3_CH2_Singlet_8q/Formal_EXP/L3_CH2_Singlet_8q_rotosolve_s2_20k/seed11111	12525	0	5	0.000623	0.000000	0.000000	0.000000	0.500000	5	1	4	4	1	20.00	rotosolve	CNOT(1->5)	RY(q=5) | RY(q=1) | CNOT(5->7) | CNOT(1->5)	RY(q=5,θ=-3.142) | RY(q=1,θ=+0.180) | CNOT(5->7) | CNOT(1->5)	"[""RY(q=5)"", ""RY(q=1)"", ""CNOT(5->7)"", ""CNOT(1->5)""]"
crlqas__L3_CH2_Singlet_8q__L3_CH2_Singlet_8q_rotosolve_s2_20k__seed11111__ep19367__snap0	/home/ubuntu/NeurIPS2026/PSQASBench/results/crlqas/L3_CH2_Singlet_8q/Formal_EXP/L3_CH2_Singlet_8q_rotosolve_s2_20k/seed11111	19367	0	6	0.000623	0.000000	0.000000	0.000000	0.500000	6	1	5	4	2	33.33	rotosolve	CNOT(1->5)	RY(q=1) | RY(q=5) | RY(q=7) | CNOT(1->5)	RY(q=1,θ=+0.180) | RY(q=5,θ=-3.142) | RY(q=7,θ=+3.142) | CNOT(1->5)	"[""RY(q=1)"", ""RY(q=5)"", ""RY(q=7)"", ""CNOT(1->5)""]"
crlqas__L3_CH2_Singlet_8q__L3_CH2_Singlet_8q_rotosolve_s2_20k__seed11111__ep16017__snap0	/home/ubuntu/NeurIPS2026/PSQASBench/results/crlqas/L3_CH2_Singlet_8q/Formal_EXP/L3_CH2_Singlet_8q_rotosolve_s2_20k/seed11111	16017	0	5	0.000623	0.000000	0.000000	0.000000	0.500000	5	1	4	4	1	20.00	rotosolve	CNOT(0->4)	RY(q=0) | RY(q=4) | RX(q=6) | CNOT(0->4)	RY(q=0,θ=+0.180) | RY(q=4,θ=-3.142) | RX(q=6,θ=+3.142) | CNOT(0->4)	"[""RY(q=0)"", ""RY(q=4)"", ""RX(q=6)"", ""CNOT(0->4)""]"
crlqas__L3_CH2_Singlet_8q__L3_CH2_Singlet_8q_rotosolve_s2_20k__seed11111__ep14967__snap0	/home/ubuntu/NeurIPS2026/PSQASBench/results/crlqas/L3_CH2_Singlet_8q/Formal_EXP/L3_CH2_Singlet_8q_rotosolve_s2_20k/seed11111	14967	0	5	0.000623	0.000000	0.000000	0.000000	0.500000	5	1	4	4	1	20.00	rotosolve	CNOT(1->5)	RY(q=1) | RY(q=7) | RY(q=5) | CNOT(1->5)	RY(q=1,θ=+0.180) | RY(q=7,θ=+3.142) | RY(q=5,θ=-3.142) | CNOT(1->5)	"[""RY(q=1)"", ""RY(q=7)"", ""RY(q=5)"", ""CNOT(1->5)""]"
crlqas__L3_CH2_Singlet_8q__L3_CH2_Singlet_8q_rotosolve_s2_20k__seed11111__ep12456__snap0	/home/ubuntu/NeurIPS2026/PSQASBench/results/crlqas/L3_CH2_Singlet_8q/Formal_EXP/L3_CH2_Singlet_8q_rotosolve_s2_20k/seed11111	12456	0	7	0.000623	0.000000	0.000000	0.000000	0.500000	7	1	6	4	3	42.86	rotosolve	CNOT(1->5)	RY(q=1) | RY(q=7) | RY(q=5) | CNOT(1->5)	RY(q=1,θ=+0.180) | RY(q=7,θ=+3.142) | RY(q=5,θ=-3.142) | CNOT(1->5)	"[""RY(q=1)"", ""RY(q=7)"", ""RY(q=5)"", ""CNOT(1->5)""]"
crlqas__L3_CH2_Singlet_8q__L3_CH2_Singlet_8q_rotosolve_s2_20k__seed11111__ep11147__snap0	/home/ubuntu/NeurIPS2026/PSQASBench/results/crlqas/L3_CH2_Singlet_8q/Formal_EXP/L3_CH2_Singlet_8q_rotosolve_s2_20k/seed11111	11147	0	5	0.000623	0.000000	0.000000	0.000000	0.500000	5	2	3	4	1	20.00	rotosolve	CNOT(1->5)	RY(q=1) | RY(q=5) | RX(q=7) | CNOT(1->5)	RY(q=1,θ=+0.180) | RY(q=5,θ=-3.142) | RX(q=7,θ=+3.142) | CNOT(1->5)	"[""RY(q=1)"", ""RY(q=5)"", ""RX(q=7)"", ""CNOT(1->5)""]"
crlqas__L3_CH2_Singlet_8q__L3_CH2_Singlet_8q_rotosolve_s2_20k__seed11111__ep15672__snap0	/home/ubuntu/NeurIPS2026/PSQASBench/results/crlqas/L3_CH2_Singlet_8q/Formal_EXP/L3_CH2_Singlet_8q_rotosolve_s2_20k/seed11111	15672	0	5	0.000623	0.000000	0.000000	0.000000	0.500000	5	1	4	4	1	20.00	rotosolve	CNOT(1->5)	RY(q=5) | RY(q=1) | CNOT(5->7) | CNOT(1->5)	RY(q=5,θ=-3.142) | RY(q=1,θ=+0.180) | CNOT(5->7) | CNOT(1->5)	"[""RY(q=5)"", ""RY(q=1)"", ""CNOT(5->7)"", ""CNOT(1->5)""]"
crlqas__L3_CH2_Singlet_8q__L3_CH2_Singlet_8q_rotosolve_s2_20k__seed11111__ep13512__snap0	/home/ubuntu/NeurIPS2026/PSQASBench/results/crlqas/L3_CH2_Singlet_8q/Formal_EXP/L3_CH2_Singlet_8q_rotosolve_s2_20k/seed11111	13512	0	7	0.000623	0.000000	0.000000	0.000000	0.500000	7	1	6	4	3	42.86	rotosolve	CNOT(1->5)	RY(q=1) | RY(q=5) | RY(q=7) | CNOT(1->5)	RY(q=1,θ=+0.180) | RY(q=5,θ=-3.142) | RY(q=7,θ=+3.142) | CNOT(1->5)	"[""RY(q=1)"", ""RY(q=5)"", ""RY(q=7)"", ""CNOT(1->5)""]"
crlqas__L3_CH2_Singlet_8q__L3_CH2_Singlet_8q_rotosolve_s2_20k__seed11111__ep18339__snap0	/home/ubuntu/NeurIPS2026/PSQASBench/results/crlqas/L3_CH2_Singlet_8q/Formal_EXP/L3_CH2_Singlet_8q_rotosolve_s2_20k/seed11111	18339	0	6	0.000623	0.000000	0.000000	0.000000	0.500000	6	2	4	4	2	33.33	rotosolve	CNOT(1->5)	RY(q=1) | RY(q=5) | RX(q=7) | CNOT(1->5)	RY(q=1,θ=+0.180) | RY(q=5,θ=-3.142) | RX(q=7,θ=+3.142) | CNOT(1->5)	"[""RY(q=1)"", ""RY(q=5)"", ""RX(q=7)"", ""CNOT(1->5)""]"
crlqas__L3_CH2_Singlet_8q__L3_CH2_Singlet_8q_rotosolve_s2_20k__seed11111__ep17916__snap0	/home/ubuntu/NeurIPS2026/PSQASBench/results/crlqas/L3_CH2_Singlet_8q/Formal_EXP/L3_CH2_Singlet_8q_rotosolve_s2_20k/seed11111	17916	0	7	0.000623	0.000000	0.000000	0.000000	0.500000	7	1	6	4	3	42.86	rotosolve	CNOT(1->5)	RY(q=1) | RY(q=5) | CNOT(5->7) | CNOT(1->5)	RY(q=1,θ=+0.180) | RY(q=5,θ=-3.142) | CNOT(5->7) | CNOT(1->5)	"[""RY(q=1)"", ""RY(q=5)"", ""CNOT(5->7)"", ""CNOT(1->5)""]"
crlqas__L3_CH2_Singlet_8q__L3_CH2_Singlet_8q_rotosolve_s2_20k__seed11111__ep14741__snap0	/home/ubuntu/NeurIPS2026/PSQASBench/results/crlqas/L3_CH2_Singlet_8q/Formal_EXP/L3_CH2_Singlet_8q_rotosolve_s2_20k/seed11111	14741	0	7	0.000623	0.000000	0.000000	0.000000	0.500000	7	1	6	4	3	42.86	rotosolve	CNOT(1->5)	RY(q=1) | RY(q=5) | RY(q=7) | CNOT(1->5)	RY(q=1,θ=+0.180) | RY(q=5,θ=-3.142) | RY(q=7,θ=+3.142) | CNOT(1->5)	"[""RY(q=1)"", ""RY(q=5)"", ""RY(q=7)"", ""CNOT(1->5)""]"
crlqas__L3_CH2_Singlet_8q__L3_CH2_Singlet_8q_rotosolve_s2_20k__seed11111__ep14613__snap0	/home/ubuntu/NeurIPS2026/PSQASBench/results/crlqas/L3_CH2_Singlet_8q/Formal_EXP/L3_CH2_Singlet_8q_rotosolve_s2_20k/seed11111	14613	0	6	0.000623	0.000000	0.000000	0.000000	0.500000	6	2	4	4	2	33.33	rotosolve	CNOT(1->5)	RY(q=1) | RY(q=5) | RX(q=7) | CNOT(1->5)	RY(q=1,θ=+0.180) | RY(q=5,θ=-3.142) | RX(q=7,θ=+3.142) | CNOT(1->5)	"[""RY(q=1)"", ""RY(q=5)"", ""RX(q=7)"", ""CNOT(1->5)""]"
crlqas__L3_CH2_Singlet_8q__L3_CH2_Singlet_8q_rotosolve_s2_20k__seed11111__ep11834__snap0	/home/ubuntu/NeurIPS2026/PSQASBench/results/crlqas/L3_CH2_Singlet_8q/Formal_EXP/L3_CH2_Singlet_8q_rotosolve_s2_20k/seed11111	11834	0	9	0.000623	0.000000	0.000000	0.000000	0.500000	9	1	8	4	5	55.56	rotosolve	CNOT(1->5)	RY(q=1) | RY(q=7) | RY(q=5) | CNOT(1->5)	RY(q=1,θ=+0.180) | RY(q=7,θ=+3.142) | RY(q=5,θ=-3.142) | CNOT(1->5)	"[""RY(q=1)"", ""RY(q=7)"", ""RY(q=5)"", ""CNOT(1->5)""]"
crlqas__L3_CH2_Singlet_8q__L3_CH2_Singlet_8q_rotosolve_s2_20k__seed11111__ep10084__snap0	/home/ubuntu/NeurIPS2026/PSQASBench/results/crlqas/L3_CH2_Singlet_8q/Formal_EXP/L3_CH2_Singlet_8q_rotosolve_s2_20k/seed11111	10084	0	10	0.000623	0.000000	0.000000	0.000000	0.500000	10	1	9	4	6	60.00	rotosolve	CNOT(1->5)	RY(q=1) | RY(q=5) | CNOT(5->7) | CNOT(1->5)	RY(q=1,θ=+0.180) | RY(q=5,θ=-3.142) | CNOT(5->7) | CNOT(1->5)	"[""RY(q=1)"", ""RY(q=5)"", ""CNOT(5->7)"", ""CNOT(1->5)""]"
crlqas__L3_CH2_Singlet_8q__L3_CH2_Singlet_8q_rotosolve_s2_20k__seed11111__ep10644__snap0	/home/ubuntu/NeurIPS2026/PSQASBench/results/crlqas/L3_CH2_Singlet_8q/Formal_EXP/L3_CH2_Singlet_8q_rotosolve_s2_20k/seed11111	10644	0	7	0.000623	0.000000	0.000000	0.000000	0.500000	7	1	6	4	3	42.86	rotosolve	CNOT(0->4)	RY(q=1) | RY(q=7) | RY(q=5) | CNOT(5->1)	RY(q=1,θ=+3.142) | RY(q=7,θ=+3.142) | RY(q=5,θ=+2.961) | CNOT(5->1)	"[""RY(q=1)"", ""RY(q=7)"", ""RY(q=5)"", ""CNOT(5->1)""]"
crlqas__L3_CH2_Singlet_8q__L3_CH2_Singlet_8q_rotosolve_s2_20k__seed11111__ep12679__snap0	/home/ubuntu/NeurIPS2026/PSQASBench/results/crlqas/L3_CH2_Singlet_8q/Formal_EXP/L3_CH2_Singlet_8q_rotosolve_s2_20k/seed11111	12679	0	8	0.000623	0.000000	0.000000	0.000000	0.500000	8	1	7	4	4	50.00	rotosolve	CNOT(1->5)	RY(q=7) | RY(q=1) | RY(q=5) | CNOT(1->5)	RY(q=7,θ=+3.142) | RY(q=1,θ=+0.180) | RY(q=5,θ=-3.142) | CNOT(1->5)	"[""RY(q=7)"", ""RY(q=1)"", ""RY(q=5)"", ""CNOT(1->5)""]"
crlqas__L3_CH2_Singlet_8q__L3_CH2_Singlet_8q_rotosolve_s2_20k__seed11111__ep10054__snap0	/home/ubuntu/NeurIPS2026/PSQASBench/results/crlqas/L3_CH2_Singlet_8q/Formal_EXP/L3_CH2_Singlet_8q_rotosolve_s2_20k/seed11111	10054	0	5	0.000623	0.000000	0.000000	0.000000	0.500000	5	2	3	4	1	20.00	rotosolve	CNOT(1->5)	RY(q=1) | RY(q=5) | RX(q=7) | CNOT(1->5)	RY(q=1,θ=+0.180) | RY(q=5,θ=-3.142) | RX(q=7,θ=+3.142) | CNOT(1->5)	"[""RY(q=1)"", ""RY(q=5)"", ""RX(q=7)"", ""CNOT(1->5)""]"
crlqas__L3_CH2_Singlet_8q__L3_CH2_Singlet_8q_rotosolve_s2_20k__seed11111__ep12658__snap0	/home/ubuntu/NeurIPS2026/PSQASBench/results/crlqas/L3_CH2_Singlet_8q/Formal_EXP/L3_CH2_Singlet_8q_rotosolve_s2_20k/seed11111	12658	0	5	0.000623	0.000000	0.000000	0.000000	0.500000	5	1	4	4	1	20.00	rotosolve	CNOT(1->5)	RY(q=1) | RY(q=5) | RY(q=7) | CNOT(1->5)	RY(q=1,θ=+0.180) | RY(q=5,θ=-3.142) | RY(q=7,θ=+3.142) | CNOT(1->5)	"[""RY(q=1)"", ""RY(q=5)"", ""RY(q=7)"", ""CNOT(1->5)""]"
crlqas__L3_CH2_Singlet_8q__L3_CH2_Singlet_8q_rotosolve_s2_20k__seed11111__ep17395__snap0	/home/ubuntu/NeurIPS2026/PSQASBench/results/crlqas/L3_CH2_Singlet_8q/Formal_EXP/L3_CH2_Singlet_8q_rotosolve_s2_20k/seed11111	17395	0	5	0.000623	0.000000	0.000000	0.000000	0.500000	5	2	3	4	1	20.00	rotosolve	CNOT(1->5)	RY(q=1) | RY(q=5) | RX(q=7) | CNOT(1->5)	RY(q=1,θ=+0.180) | RY(q=5,θ=-3.142) | RX(q=7,θ=+3.142) | CNOT(1->5)	"[""RY(q=1)"", ""RY(q=5)"", ""RX(q=7)"", ""CNOT(1->5)""]"
crlqas__L3_CH2_Singlet_8q__L3_CH2_Singlet_8q_rotosolve_s2_20k__seed11111__ep19665__snap0	/home/ubuntu/NeurIPS2026/PSQASBench/results/crlqas/L3_CH2_Singlet_8q/Formal_EXP/L3_CH2_Singlet_8q_rotosolve_s2_20k/seed11111	19665	0	7	0.000623	0.000000	0.000000	0.000000	0.500000	7	1	6	4	3	42.86	rotosolve	CNOT(1->5)	RY(q=1) | RY(q=7) | RY(q=5) | CNOT(1->5)	RY(q=1,θ=+0.180) | RY(q=7,θ=+3.142) | RY(q=5,θ=-3.142) | CNOT(1->5)	"[""RY(q=1)"", ""RY(q=7)"", ""RY(q=5)"", ""CNOT(1->5)""]"
crlqas__L3_CH2_Singlet_8q__L3_CH2_Singlet_8q_rotosolve_s2_20k__seed11111__ep11248__snap0	/home/ubuntu/NeurIPS2026/PSQASBench/results/crlqas/L3_CH2_Singlet_8q/Formal_EXP/L3_CH2_Singlet_8q_rotosolve_s2_20k/seed11111	11248	0	7	0.000623	0.000000	0.000000	0.000000	0.500000	7	2	5	4	3	42.86	rotosolve	CNOT(1->5)	RY(q=1) | RX(q=7) | RY(q=5) | CNOT(1->5)	RY(q=1,θ=+0.180) | RX(q=7,θ=+3.142) | RY(q=5,θ=-3.142) | CNOT(1->5)	"[""RY(q=1)"", ""RX(q=7)"", ""RY(q=5)"", ""CNOT(1->5)""]"
crlqas__L3_CH2_Singlet_8q__L3_CH2_Singlet_8q_rotosolve_s2_20k__seed11111__ep12535__snap0	/home/ubuntu/NeurIPS2026/PSQASBench/results/crlqas/L3_CH2_Singlet_8q/Formal_EXP/L3_CH2_Singlet_8q_rotosolve_s2_20k/seed11111	12535	0	6	0.000623	0.000000	0.000000	0.000000	0.500000	6	1	5	4	2	33.33	rotosolve	CNOT(1->5)	RY(q=1) | RY(q=7) | RY(q=5) | CNOT(1->5)	RY(q=1,θ=+0.180) | RY(q=7,θ=+3.142) | RY(q=5,θ=-3.142) | CNOT(1->5)	"[""RY(q=1)"", ""RY(q=7)"", ""RY(q=5)"", ""CNOT(1->5)""]"
crlqas__L3_CH2_Singlet_8q__L3_CH2_Singlet_8q_rotosolve_s2_20k__seed11111__ep10509__snap0	/home/ubuntu/NeurIPS2026/PSQASBench/results/crlqas/L3_CH2_Singlet_8q/Formal_EXP/L3_CH2_Singlet_8q_rotosolve_s2_20k/seed11111	10509	0	7	0.000623	0.000000	0.000000	0.000000	0.500000	7	2	5	4	3	42.86	rotosolve	CNOT(1->5)	RY(q=5) | RY(q=1) | RX(q=7) | CNOT(1->5)	RY(q=5,θ=-3.142) | RY(q=1,θ=+0.180) | RX(q=7,θ=+3.142) | CNOT(1->5)	"[""RY(q=5)"", ""RY(q=1)"", ""RX(q=7)"", ""CNOT(1->5)""]"
crlqas__L3_CH2_Singlet_8q__L3_CH2_Singlet_8q_rotosolve_s2_20k__seed11111__ep18811__snap0	/home/ubuntu/NeurIPS2026/PSQASBench/results/crlqas/L3_CH2_Singlet_8q/Formal_EXP/L3_CH2_Singlet_8q_rotosolve_s2_20k/seed11111	18811	0	5	0.000623	0.000000	0.000000	0.000000	0.500000	5	2	3	4	1	20.00	rotosolve	CNOT(1->5)	RY(q=1) | RY(q=5) | RX(q=7) | CNOT(1->5)	RY(q=1,θ=+0.180) | RY(q=5,θ=-3.142) | RX(q=7,θ=+3.142) | CNOT(1->5)	"[""RY(q=1)"", ""RY(q=5)"", ""RX(q=7)"", ""CNOT(1->5)""]"
crlqas__L3_CH2_Singlet_8q__L3_CH2_Singlet_8q_rotosolve_s2_20k__seed11111__ep17312__snap0	/home/ubuntu/NeurIPS2026/PSQASBench/results/crlqas/L3_CH2_Singlet_8q/Formal_EXP/L3_CH2_Singlet_8q_rotosolve_s2_20k/seed11111	17312	0	6	0.000623	0.000000	0.000000	0.000000	0.500000	6	1	5	4	2	33.33	rotosolve	CNOT(1->5)	RY(q=7) | RY(q=1) | RY(q=5) | CNOT(1->5)	RY(q=7,θ=+3.142) | RY(q=1,θ=+0.180) | RY(q=5,θ=-3.142) | CNOT(1->5)	"[""RY(q=7)"", ""RY(q=1)"", ""RY(q=5)"", ""CNOT(1->5)""]"
crlqas__L3_CH2_Singlet_8q__L3_CH2_Singlet_8q_rotosolve_s2_20k__seed11111__ep15028__snap0	/home/ubuntu/NeurIPS2026/PSQASBench/results/crlqas/L3_CH2_Singlet_8q/Formal_EXP/L3_CH2_Singlet_8q_rotosolve_s2_20k/seed11111	15028	0	8	0.000623	0.000000	0.000000	0.000000	0.500000	8	2	6	4	4	50.00	rotosolve	CNOT(1->5)	RY(q=1) | RY(q=5) | RX(q=7) | CNOT(1->5)	RY(q=1,θ=+0.180) | RY(q=5,θ=-3.142) | RX(q=7,θ=+3.142) | CNOT(1->5)	"[""RY(q=1)"", ""RY(q=5)"", ""RX(q=7)"", ""CNOT(1->5)""]"
crlqas__L3_CH2_Singlet_8q__L3_CH2_Singlet_8q_rotosolve_s2_20k__seed11111__ep14062__snap0	/home/ubuntu/NeurIPS2026/PSQASBench/results/crlqas/L3_CH2_Singlet_8q/Formal_EXP/L3_CH2_Singlet_8q_rotosolve_s2_20k/seed11111	14062	0	7	0.000623	0.000000	0.000000	0.000000	0.500000	7	1	6	4	3	42.86	rotosolve	CNOT(1->5)	RY(q=1) | RY(q=7) | RY(q=5) | CNOT(1->5)	RY(q=1,θ=+0.180) | RY(q=7,θ=+3.142) | RY(q=5,θ=-3.142) | CNOT(1->5)	"[""RY(q=1)"", ""RY(q=7)"", ""RY(q=5)"", ""CNOT(1->5)""]"
crlqas__L3_CH2_Singlet_8q__L3_CH2_Singlet_8q_rotosolve_s2_20k__seed11111__ep17738__snap0	/home/ubuntu/NeurIPS2026/PSQASBench/results/crlqas/L3_CH2_Singlet_8q/Formal_EXP/L3_CH2_Singlet_8q_rotosolve_s2_20k/seed11111	17738	0	5	0.000623	0.000000	0.000000	0.000000	0.500000	5	1	4	4	1	20.00	rotosolve	CNOT(0->4)	RY(q=6) | RX(q=4) | RY(q=0) | CNOT(0->4)	RY(q=6,θ=+3.142) | RX(q=4,θ=-3.142) | RY(q=0,θ=+0.180) | CNOT(0->4)	"[""RY(q=6)"", ""RX(q=4)"", ""RY(q=0)"", ""CNOT(0->4)""]"
crlqas__L3_CH2_Singlet_8q__L3_CH2_Singlet_8q_rotosolve_s2_20k__seed11111__ep11990__snap0	/home/ubuntu/NeurIPS2026/PSQASBench/results/crlqas/L3_CH2_Singlet_8q/Formal_EXP/L3_CH2_Singlet_8q_rotosolve_s2_20k/seed11111	11990	0	5	0.000623	0.000000	0.000000	0.000000	0.500000	5	1	4	4	1	20.00	rotosolve	CNOT(1->5)	RY(q=1) | RY(q=5) | CNOT(5->7) | CNOT(1->5)	RY(q=1,θ=+0.180) | RY(q=5,θ=-3.142) | CNOT(5->7) | CNOT(1->5)	"[""RY(q=1)"", ""RY(q=5)"", ""CNOT(5->7)"", ""CNOT(1->5)""]"
crlqas__L3_CH2_Singlet_8q__L3_CH2_Singlet_8q_rotosolve_s2_20k__seed11111__ep10019__snap0	/home/ubuntu/NeurIPS2026/PSQASBench/results/crlqas/L3_CH2_Singlet_8q/Formal_EXP/L3_CH2_Singlet_8q_rotosolve_s2_20k/seed11111	10019	0	7	0.000623	0.000000	0.000000	0.000000	0.500000	7	3	4	4	3	42.86	rotosolve	CNOT(1->5)	RY(q=1) | RY(q=5) | RX(q=7) | CNOT(1->5)	RY(q=1,θ=+0.180) | RY(q=5,θ=-3.142) | RX(q=7,θ=+3.142) | CNOT(1->5)	"[""RY(q=1)"", ""RY(q=5)"", ""RX(q=7)"", ""CNOT(1->5)""]"
crlqas__L3_CH2_Singlet_8q__L3_CH2_Singlet_8q_rotosolve_s2_20k__seed11111__ep11960__snap0	/home/ubuntu/NeurIPS2026/PSQASBench/results/crlqas/L3_CH2_Singlet_8q/Formal_EXP/L3_CH2_Singlet_8q_rotosolve_s2_20k/seed11111	11960	0	5	0.000623	0.000000	0.000000	0.000000	0.500000	5	1	4	4	1	20.00	rotosolve	CNOT(1->5)	RY(q=7) | RY(q=1) | RY(q=5) | CNOT(1->5)	RY(q=7,θ=+3.142) | RY(q=1,θ=+0.180) | RY(q=5,θ=-3.142) | CNOT(1->5)	"[""RY(q=7)"", ""RY(q=1)"", ""RY(q=5)"", ""CNOT(1->5)""]"
crlqas__L3_CH2_Singlet_8q__L3_CH2_Singlet_8q_rotosolve_s2_20k__seed11111__ep10035__snap0	/home/ubuntu/NeurIPS2026/PSQASBench/results/crlqas/L3_CH2_Singlet_8q/Formal_EXP/L3_CH2_Singlet_8q_rotosolve_s2_20k/seed11111	10035	0	8	0.000623	0.000000	0.000000	0.000000	0.500000	8	3	5	4	4	50.00	rotosolve	CNOT(1->5)	RY(q=1) | RY(q=5) | RX(q=7) | CNOT(1->5)	RY(q=1,θ=+0.180) | RY(q=5,θ=-3.142) | RX(q=7,θ=+3.142) | CNOT(1->5)	"[""RY(q=1)"", ""RY(q=5)"", ""RX(q=7)"", ""CNOT(1->5)""]"
crlqas__L3_CH2_Singlet_8q__L3_CH2_Singlet_8q_rotosolve_s2_20k__seed11111__ep12600__snap0	/home/ubuntu/NeurIPS2026/PSQASBench/results/crlqas/L3_CH2_Singlet_8q/Formal_EXP/L3_CH2_Singlet_8q_rotosolve_s2_20k/seed11111	12600	0	6	0.000623	0.000000	0.000000	0.000000	0.500000	6	2	4	4	2	33.33	rotosolve	CNOT(1->5)	RY(q=1) | RY(q=5) | RX(q=7) | CNOT(1->5)	RY(q=1,θ=+0.180) | RY(q=5,θ=-3.142) | RX(q=7,θ=+3.142) | CNOT(1->5)	"[""RY(q=1)"", ""RY(q=5)"", ""RX(q=7)"", ""CNOT(1->5)""]"
crlqas__L3_CH2_Singlet_8q__L3_CH2_Singlet_8q_rotosolve_s2_20k__seed11111__ep17688__snap0	/home/ubuntu/NeurIPS2026/PSQASBench/results/crlqas/L3_CH2_Singlet_8q/Formal_EXP/L3_CH2_Singlet_8q_rotosolve_s2_20k/seed11111	17688	0	6	0.000623	0.000000	0.000000	0.000000	0.500000	6	1	5	4	2	33.33	rotosolve	CNOT(1->5)	RY(q=1) | RY(q=5) | RY(q=7) | CNOT(1->5)	RY(q=1,θ=+0.180) | RY(q=5,θ=-3.142) | RY(q=7,θ=+3.142) | CNOT(1->5)	"[""RY(q=1)"", ""RY(q=5)"", ""RY(q=7)"", ""CNOT(1->5)""]"
crlqas__L3_CH2_Singlet_8q__L3_CH2_Singlet_8q_rotosolve_s2_20k__seed11111__ep18772__snap0	/home/ubuntu/NeurIPS2026/PSQASBench/results/crlqas/L3_CH2_Singlet_8q/Formal_EXP/L3_CH2_Singlet_8q_rotosolve_s2_20k/seed11111	18772	0	6	0.000623	0.000000	0.000000	0.000000	0.500000	6	1	5	4	2	33.33	rotosolve	CNOT(1->5)	RY(q=7) | RY(q=1) | RY(q=5) | CNOT(1->5)	RY(q=7,θ=+3.142) | RY(q=1,θ=+0.180) | RY(q=5,θ=-3.142) | CNOT(1->5)	"[""RY(q=7)"", ""RY(q=1)"", ""RY(q=5)"", ""CNOT(1->5)""]"
crlqas__L3_CH2_Singlet_8q__L3_CH2_Singlet_8q_rotosolve_s2_20k__seed11111__ep19528__snap0	/home/ubuntu/NeurIPS2026/PSQASBench/results/crlqas/L3_CH2_Singlet_8q/Formal_EXP/L3_CH2_Singlet_8q_rotosolve_s2_20k/seed11111	19528	0	6	0.000623	0.000000	0.000000	0.000000	0.500000	6	2	4	4	2	33.33	rotosolve	CNOT(1->5)	RY(q=1) | RY(q=5) | RX(q=7) | CNOT(1->5)	RY(q=1,θ=+0.180) | RY(q=5,θ=-3.142) | RX(q=7,θ=+3.142) | CNOT(1->5)	"[""RY(q=1)"", ""RY(q=5)"", ""RX(q=7)"", ""CNOT(1->5)""]"
crlqas__L3_CH2_Singlet_8q__L3_CH2_Singlet_8q_rotosolve_s2_20k__seed11111__ep19993__snap0	/home/ubuntu/NeurIPS2026/PSQASBench/results/crlqas/L3_CH2_Singlet_8q/Formal_EXP/L3_CH2_Singlet_8q_rotosolve_s2_20k/seed11111	19993	0	5	0.000623	0.000000	0.000000	0.000000	0.500000	5	1	4	4	1	20.00	rotosolve	CNOT(1->5)	RY(q=1) | RY(q=7) | RY(q=5) | CNOT(1->5)	RY(q=1,θ=+0.180) | RY(q=7,θ=+3.142) | RY(q=5,θ=-3.142) | CNOT(1->5)	"[""RY(q=1)"", ""RY(q=7)"", ""RY(q=5)"", ""CNOT(1->5)""]"
crlqas__L3_CH2_Singlet_8q__L3_CH2_Singlet_8q_rotosolve_s2_20k__seed11111__ep17825__snap0	/home/ubuntu/NeurIPS2026/PSQASBench/results/crlqas/L3_CH2_Singlet_8q/Formal_EXP/L3_CH2_Singlet_8q_rotosolve_s2_20k/seed11111	17825	0	5	0.000623	0.000000	0.000000	0.000000	0.500000	5	1	4	4	1	20.00	rotosolve	CNOT(1->5)	RY(q=1) | RY(q=7) | RY(q=5) | CNOT(1->5)	RY(q=1,θ=+0.180) | RY(q=7,θ=+3.142) | RY(q=5,θ=-3.142) | CNOT(1->5)	"[""RY(q=1)"", ""RY(q=7)"", ""RY(q=5)"", ""CNOT(1->5)""]"
crlqas__L3_CH2_Singlet_8q__L3_CH2_Singlet_8q_rotosolve_s2_20k__seed11111__ep19062__snap0	/home/ubuntu/NeurIPS2026/PSQASBench/results/crlqas/L3_CH2_Singlet_8q/Formal_EXP/L3_CH2_Singlet_8q_rotosolve_s2_20k/seed11111	19062	0	5	0.000623	0.000000	0.000000	0.000000	0.500000	5	1	4	4	1	20.00	rotosolve	CNOT(1->5)	RY(q=1) | RY(q=5) | CNOT(5->7) | CNOT(1->5)	RY(q=1,θ=+0.180) | RY(q=5,θ=-3.142) | CNOT(5->7) | CNOT(1->5)	"[""RY(q=1)"", ""RY(q=5)"", ""CNOT(5->7)"", ""CNOT(1->5)""]"
crlqas__L3_CH2_Singlet_8q__L3_CH2_Singlet_8q_rotosolve_s2_20k__seed11111__ep16643__snap0	/home/ubuntu/NeurIPS2026/PSQASBench/results/crlqas/L3_CH2_Singlet_8q/Formal_EXP/L3_CH2_Singlet_8q_rotosolve_s2_20k/seed11111	16643	0	5	0.000623	0.000000	0.000000	0.000000	0.500000	5	2	3	4	1	20.00	rotosolve	CNOT(1->5)	RY(q=1) | RY(q=5) | RX(q=7) | CNOT(1->5)	RY(q=1,θ=+0.180) | RY(q=5,θ=-3.142) | RX(q=7,θ=+3.142) | CNOT(1->5)	"[""RY(q=1)"", ""RY(q=5)"", ""RX(q=7)"", ""CNOT(1->5)""]"
crlqas__L3_CH2_Singlet_8q__L3_CH2_Singlet_8q_rotosolve_s2_20k__seed11111__ep14109__snap0	/home/ubuntu/NeurIPS2026/PSQASBench/results/crlqas/L3_CH2_Singlet_8q/Formal_EXP/L3_CH2_Singlet_8q_rotosolve_s2_20k/seed11111	14109	0	5	0.000623	0.000000	0.000000	0.000000	0.500000	5	1	4	4	1	20.00	rotosolve	CNOT(0->4)	RX(q=6) | RY(q=0) | RY(q=4) | CNOT(0->4)	RX(q=6,θ=+3.142) | RY(q=0,θ=+0.180) | RY(q=4,θ=-3.142) | CNOT(0->4)	"[""RX(q=6)"", ""RY(q=0)"", ""RY(q=4)"", ""CNOT(0->4)""]"
crlqas__L3_CH2_Singlet_8q__L3_CH2_Singlet_8q_rotosolve_s2_20k__seed11111__ep16542__snap0	/home/ubuntu/NeurIPS2026/PSQASBench/results/crlqas/L3_CH2_Singlet_8q/Formal_EXP/L3_CH2_Singlet_8q_rotosolve_s2_20k/seed11111	16542	0	6	0.000623	0.000000	0.000000	0.000000	0.500000	6	1	5	4	2	33.33	rotosolve	CNOT(0->4)	RY(q=4) | RX(q=6) | RY(q=0) | CNOT(0->4)	RY(q=4,θ=-3.142) | RX(q=6,θ=+3.142) | RY(q=0,θ=+0.180) | CNOT(0->4)	"[""RY(q=4)"", ""RX(q=6)"", ""RY(q=0)"", ""CNOT(0->4)""]"
crlqas__L3_CH2_Singlet_8q__L3_CH2_Singlet_8q_rotosolve_s2_20k__seed11111__ep11962__snap0	/home/ubuntu/NeurIPS2026/PSQASBench/results/crlqas/L3_CH2_Singlet_8q/Formal_EXP/L3_CH2_Singlet_8q_rotosolve_s2_20k/seed11111	11962	0	7	0.000623	0.000000	0.000000	0.000000	0.500000	7	2	5	4	3	42.86	rotosolve	CNOT(1->5)	RY(q=1) | RY(q=5) | RX(q=7) | CNOT(1->5)	RY(q=1,θ=+0.180) | RY(q=5,θ=-3.142) | RX(q=7,θ=+3.142) | CNOT(1->5)	"[""RY(q=1)"", ""RY(q=5)"", ""RX(q=7)"", ""CNOT(1->5)""]"
crlqas__L3_CH2_Singlet_8q__L3_CH2_Singlet_8q_rotosolve_s2_20k__seed11111__ep11887__snap0	/home/ubuntu/NeurIPS2026/PSQASBench/results/crlqas/L3_CH2_Singlet_8q/Formal_EXP/L3_CH2_Singlet_8q_rotosolve_s2_20k/seed11111	11887	0	5	0.000623	0.000000	0.000000	0.000000	0.500000	5	2	3	4	1	20.00	rotosolve	CNOT(1->5)	RY(q=1) | RY(q=5) | RX(q=7) | CNOT(1->5)	RY(q=1,θ=+0.180) | RY(q=5,θ=-3.142) | RX(q=7,θ=+3.142) | CNOT(1->5)	"[""RY(q=1)"", ""RY(q=5)"", ""RX(q=7)"", ""CNOT(1->5)""]"
crlqas__L3_CH2_Singlet_8q__L3_CH2_Singlet_8q_rotosolve_s2_20k__seed11111__ep15419__snap0	/home/ubuntu/NeurIPS2026/PSQASBench/results/crlqas/L3_CH2_Singlet_8q/Formal_EXP/L3_CH2_Singlet_8q_rotosolve_s2_20k/seed11111	15419	0	4	0.000623	0.000000	0.000000	0.000000	0.500000	4	1	3	4	0	0.00	rotosolve	CNOT(1->5)	RY(q=5) | RY(q=1) | CNOT(5->7) | CNOT(1->5)	RY(q=5,θ=-3.142) | RY(q=1,θ=+0.180) | CNOT(5->7) | CNOT(1->5)	"[""RY(q=5)"", ""RY(q=1)"", ""CNOT(5->7)"", ""CNOT(1->5)""]"
crlqas__L3_CH2_Singlet_8q__L3_CH2_Singlet_8q_rotosolve_s2_20k__seed11111__ep18764__snap0	/home/ubuntu/NeurIPS2026/PSQASBench/results/crlqas/L3_CH2_Singlet_8q/Formal_EXP/L3_CH2_Singlet_8q_rotosolve_s2_20k/seed11111	18764	0	6	0.000623	0.000000	0.000000	0.000000	0.500000	6	1	5	4	2	33.33	rotosolve	CNOT(1->5)	RY(q=1) | RY(q=5) | RY(q=7) | CNOT(1->5)	RY(q=1,θ=+0.180) | RY(q=5,θ=-3.142) | RY(q=7,θ=+3.142) | CNOT(1->5)	"[""RY(q=1)"", ""RY(q=5)"", ""RY(q=7)"", ""CNOT(1->5)""]"
crlqas__L3_CH2_Singlet_8q__L3_CH2_Singlet_8q_rotosolve_s2_20k__seed11111__ep16814__snap0	/home/ubuntu/NeurIPS2026/PSQASBench/results/crlqas/L3_CH2_Singlet_8q/Formal_EXP/L3_CH2_Singlet_8q_rotosolve_s2_20k/seed11111	16814	0	7	0.000623	0.000000	0.000000	0.000000	0.500000	7	2	5	4	3	42.86	rotosolve	CNOT(1->5)	RY(q=5) | RY(q=1) | RX(q=7) | CNOT(1->5)	RY(q=5,θ=-3.142) | RY(q=1,θ=+0.180) | RX(q=7,θ=+3.142) | CNOT(1->5)	"[""RY(q=5)"", ""RY(q=1)"", ""RX(q=7)"", ""CNOT(1->5)""]"
crlqas__L3_CH2_Singlet_8q__L3_CH2_Singlet_8q_rotosolve_s2_20k__seed11111__ep11344__snap0	/home/ubuntu/NeurIPS2026/PSQASBench/results/crlqas/L3_CH2_Singlet_8q/Formal_EXP/L3_CH2_Singlet_8q_rotosolve_s2_20k/seed11111	11344	0	8	0.000623	0.000000	0.000000	0.000000	0.500000	8	1	7	4	4	50.00	rotosolve	CNOT(0->4)	RY(q=4) | RX(q=6) | RY(q=0) | CNOT(0->4)	RY(q=4,θ=-3.142) | RX(q=6,θ=+3.142) | RY(q=0,θ=+0.180) | CNOT(0->4)	"[""RY(q=4)"", ""RX(q=6)"", ""RY(q=0)"", ""CNOT(0->4)""]"
crlqas__L3_CH2_Singlet_8q__L3_CH2_Singlet_8q_rotosolve_s2_20k__seed11111__ep19093__snap0	/home/ubuntu/NeurIPS2026/PSQASBench/results/crlqas/L3_CH2_Singlet_8q/Formal_EXP/L3_CH2_Singlet_8q_rotosolve_s2_20k/seed11111	19093	0	6	0.000623	0.000000	0.000000	0.000000	0.500000	6	1	5	4	2	33.33	rotosolve	CNOT(1->5)	RY(q=1) | RY(q=7) | RY(q=5) | CNOT(1->5)	RY(q=1,θ=+0.180) | RY(q=7,θ=+3.142) | RY(q=5,θ=-3.142) | CNOT(1->5)	"[""RY(q=1)"", ""RY(q=7)"", ""RY(q=5)"", ""CNOT(1->5)""]"
crlqas__L3_CH2_Singlet_8q__L3_CH2_Singlet_8q_rotosolve_s2_20k__seed11111__ep19723__snap0	/home/ubuntu/NeurIPS2026/PSQASBench/results/crlqas/L3_CH2_Singlet_8q/Formal_EXP/L3_CH2_Singlet_8q_rotosolve_s2_20k/seed11111	19723	0	5	0.000623	0.000000	0.000000	0.000000	0.500000	5	1	4	4	1	20.00	rotosolve	CNOT(1->5)	RY(q=1) | RY(q=5) | RY(q=7) | CNOT(1->5)	RY(q=1,θ=+0.180) | RY(q=5,θ=-3.142) | RY(q=7,θ=+3.142) | CNOT(1->5)	"[""RY(q=1)"", ""RY(q=5)"", ""RY(q=7)"", ""CNOT(1->5)""]"
crlqas__L3_CH2_Singlet_8q__L3_CH2_Singlet_8q_rotosolve_s2_20k__seed11111__ep17721__snap0	/home/ubuntu/NeurIPS2026/PSQASBench/results/crlqas/L3_CH2_Singlet_8q/Formal_EXP/L3_CH2_Singlet_8q_rotosolve_s2_20k/seed11111	17721	0	5	0.000623	0.000000	0.000000	0.000000	0.500000	5	2	3	4	1	20.00	rotosolve	CNOT(1->5)	RY(q=1) | RX(q=7) | RY(q=5) | CNOT(1->5)	RY(q=1,θ=+0.180) | RX(q=7,θ=+3.142) | RY(q=5,θ=-3.142) | CNOT(1->5)	"[""RY(q=1)"", ""RX(q=7)"", ""RY(q=5)"", ""CNOT(1->5)""]"
crlqas__L3_CH2_Singlet_8q__L3_CH2_Singlet_8q_rotosolve_s2_20k__seed11111__ep17638__snap0	/home/ubuntu/NeurIPS2026/PSQASBench/results/crlqas/L3_CH2_Singlet_8q/Formal_EXP/L3_CH2_Singlet_8q_rotosolve_s2_20k/seed11111	17638	0	4	0.000623	0.000000	0.000000	0.000000	0.500000	4	2	2	4	0	0.00	rotosolve	CNOT(1->5)	RX(q=7) | RY(q=1) | RY(q=5) | CNOT(1->5)	RX(q=7,θ=-3.142) | RY(q=1,θ=+0.180) | RY(q=5,θ=-3.142) | CNOT(1->5)	"[""RX(q=7)"", ""RY(q=1)"", ""RY(q=5)"", ""CNOT(1->5)""]"
crlqas__L3_CH2_Singlet_8q__L3_CH2_Singlet_8q_rotosolve_s2_20k__seed11111__ep15829__snap0	/home/ubuntu/NeurIPS2026/PSQASBench/results/crlqas/L3_CH2_Singlet_8q/Formal_EXP/L3_CH2_Singlet_8q_rotosolve_s2_20k/seed11111	15829	0	7	0.000623	0.000000	0.000000	0.000000	0.500000	7	1	6	4	3	42.86	rotosolve	CNOT(1->5)	RY(q=1) | RY(q=5) | RY(q=7) | CNOT(1->5)	RY(q=1,θ=+0.180) | RY(q=5,θ=-3.142) | RY(q=7,θ=+3.142) | CNOT(1->5)	"[""RY(q=1)"", ""RY(q=5)"", ""RY(q=7)"", ""CNOT(1->5)""]"
crlqas__L3_CH2_Singlet_8q__L3_CH2_Singlet_8q_rotosolve_s2_20k__seed11111__ep16224__snap0	/home/ubuntu/NeurIPS2026/PSQASBench/results/crlqas/L3_CH2_Singlet_8q/Formal_EXP/L3_CH2_Singlet_8q_rotosolve_s2_20k/seed11111	16224	0	5	0.000623	0.000000	0.000000	0.000000	0.500000	5	2	3	4	1	20.00	rotosolve	CNOT(1->5)	RY(q=1) | RY(q=5) | RX(q=7) | CNOT(1->5)	RY(q=1,θ=+0.180) | RY(q=5,θ=-3.142) | RX(q=7,θ=+3.142) | CNOT(1->5)	"[""RY(q=1)"", ""RY(q=5)"", ""RX(q=7)"", ""CNOT(1->5)""]"
crlqas__L3_CH2_Singlet_8q__L3_CH2_Singlet_8q_rotosolve_s2_20k__seed11111__ep13009__snap0	/home/ubuntu/NeurIPS2026/PSQASBench/results/crlqas/L3_CH2_Singlet_8q/Formal_EXP/L3_CH2_Singlet_8q_rotosolve_s2_20k/seed11111	13009	0	5	0.000623	0.000000	0.000000	0.000000	0.500000	5	2	3	4	1	20.00	rotosolve	CNOT(1->5)	RY(q=1) | RY(q=5) | RX(q=7) | CNOT(1->5)	RY(q=1,θ=+0.180) | RY(q=5,θ=-3.142) | RX(q=7,θ=+3.142) | CNOT(1->5)	"[""RY(q=1)"", ""RY(q=5)"", ""RX(q=7)"", ""CNOT(1->5)""]"
crlqas__L3_CH2_Singlet_8q__L3_CH2_Singlet_8q_rotosolve_s2_20k__seed11111__ep14949__snap0	/home/ubuntu/NeurIPS2026/PSQASBench/results/crlqas/L3_CH2_Singlet_8q/Formal_EXP/L3_CH2_Singlet_8q_rotosolve_s2_20k/seed11111	14949	0	5	0.000623	0.000000	0.000000	0.000000	0.500000	5	2	3	4	1	20.00	rotosolve	CNOT(1->5)	RY(q=1) | RY(q=5) | RX(q=7) | CNOT(1->5)	RY(q=1,θ=+0.180) | RY(q=5,θ=-3.142) | RX(q=7,θ=+3.142) | CNOT(1->5)	"[""RY(q=1)"", ""RY(q=5)"", ""RX(q=7)"", ""CNOT(1->5)""]"
crlqas__L3_CH2_Singlet_8q__L3_CH2_Singlet_8q_rotosolve_s2_20k__seed11111__ep10522__snap0	/home/ubuntu/NeurIPS2026/PSQASBench/results/crlqas/L3_CH2_Singlet_8q/Formal_EXP/L3_CH2_Singlet_8q_rotosolve_s2_20k/seed11111	10522	0	8	0.000623	0.000000	0.000000	0.000000	0.500000	8	2	6	4	4	50.00	rotosolve	CNOT(1->5)	RY(q=1) | RY(q=5) | RX(q=7) | CNOT(1->5)	RY(q=1,θ=+0.180) | RY(q=5,θ=-3.142) | RX(q=7,θ=+3.142) | CNOT(1->5)	"[""RY(q=1)"", ""RY(q=5)"", ""RX(q=7)"", ""CNOT(1->5)""]"
crlqas__L3_CH2_Singlet_8q__L3_CH2_Singlet_8q_rotosolve_s2_20k__seed11111__ep16835__snap0	/home/ubuntu/NeurIPS2026/PSQASBench/results/crlqas/L3_CH2_Singlet_8q/Formal_EXP/L3_CH2_Singlet_8q_rotosolve_s2_20k/seed11111	16835	0	5	0.000623	0.000000	0.000000	0.000000	0.500000	5	2	3	4	1	20.00	rotosolve	CNOT(1->5)	RY(q=1) | RY(q=5) | RX(q=7) | CNOT(1->5)	RY(q=1,θ=+0.180) | RY(q=5,θ=-3.142) | RX(q=7,θ=+3.142) | CNOT(1->5)	"[""RY(q=1)"", ""RY(q=5)"", ""RX(q=7)"", ""CNOT(1->5)""]"
crlqas__L3_CH2_Singlet_8q__L3_CH2_Singlet_8q_rotosolve_s2_20k__seed11111__ep16651__snap0	/home/ubuntu/NeurIPS2026/PSQASBench/results/crlqas/L3_CH2_Singlet_8q/Formal_EXP/L3_CH2_Singlet_8q_rotosolve_s2_20k/seed11111	16651	0	6	0.000623	0.000000	0.000000	0.000000	0.500000	6	1	5	4	2	33.33	rotosolve	CNOT(1->5)	RY(q=1) | RY(q=7) | RY(q=5) | CNOT(1->5)	RY(q=1,θ=+0.180) | RY(q=7,θ=+3.142) | RY(q=5,θ=-3.142) | CNOT(1->5)	"[""RY(q=1)"", ""RY(q=7)"", ""RY(q=5)"", ""CNOT(1->5)""]"
crlqas__L3_CH2_Singlet_8q__L3_CH2_Singlet_8q_rotosolve_s2_20k__seed11111__ep14041__snap0	/home/ubuntu/NeurIPS2026/PSQASBench/results/crlqas/L3_CH2_Singlet_8q/Formal_EXP/L3_CH2_Singlet_8q_rotosolve_s2_20k/seed11111	14041	0	7	0.000623	0.000000	0.000000	0.000000	0.500000	7	1	6	4	3	42.86	rotosolve	CNOT(1->5)	RY(q=7) | RY(q=1) | RY(q=5) | CNOT(1->5)	RY(q=7,θ=+3.142) | RY(q=1,θ=+0.180) | RY(q=5,θ=-3.142) | CNOT(1->5)	"[""RY(q=7)"", ""RY(q=1)"", ""RY(q=5)"", ""CNOT(1->5)""]"
crlqas__L3_CH2_Singlet_8q__L3_CH2_Singlet_8q_rotosolve_s2_20k__seed11111__ep18711__snap0	/home/ubuntu/NeurIPS2026/PSQASBench/results/crlqas/L3_CH2_Singlet_8q/Formal_EXP/L3_CH2_Singlet_8q_rotosolve_s2_20k/seed11111	18711	0	5	0.000623	0.000000	0.000000	0.000000	0.500000	5	1	4	4	1	20.00	rotosolve	CNOT(0->4)	RY(q=6) | RY(q=0) | RY(q=4) | CNOT(0->4)	RY(q=6,θ=+3.142) | RY(q=0,θ=+0.180) | RY(q=4,θ=-3.142) | CNOT(0->4)	"[""RY(q=6)"", ""RY(q=0)"", ""RY(q=4)"", ""CNOT(0->4)""]"
crlqas__L3_CH2_Singlet_8q__L3_CH2_Singlet_8q_rotosolve_s2_20k__seed11111__ep15443__snap0	/home/ubuntu/NeurIPS2026/PSQASBench/results/crlqas/L3_CH2_Singlet_8q/Formal_EXP/L3_CH2_Singlet_8q_rotosolve_s2_20k/seed11111	15443	0	6	0.000623	0.000000	0.000000	0.000000	0.500000	6	2	4	4	2	33.33	rotosolve	CNOT(1->5)	RY(q=1) | RX(q=7) | RY(q=5) | CNOT(1->5)	RY(q=1,θ=+0.180) | RX(q=7,θ=+3.142) | RY(q=5,θ=-3.142) | CNOT(1->5)	"[""RY(q=1)"", ""RX(q=7)"", ""RY(q=5)"", ""CNOT(1->5)""]"
crlqas__L3_CH2_Singlet_8q__L3_CH2_Singlet_8q_rotosolve_s2_20k__seed11111__ep14256__snap0	/home/ubuntu/NeurIPS2026/PSQASBench/results/crlqas/L3_CH2_Singlet_8q/Formal_EXP/L3_CH2_Singlet_8q_rotosolve_s2_20k/seed11111	14256	0	6	0.000623	0.000000	0.000000	0.000000	0.500000	6	2	4	4	2	33.33	rotosolve	CNOT(1->5)	RY(q=1) | RY(q=5) | RX(q=7) | CNOT(1->5)	RY(q=1,θ=+0.180) | RY(q=5,θ=-3.142) | RX(q=7,θ=+3.142) | CNOT(1->5)	"[""RY(q=1)"", ""RY(q=5)"", ""RX(q=7)"", ""CNOT(1->5)""]"
crlqas__L3_CH2_Singlet_8q__L3_CH2_Singlet_8q_rotosolve_s2_20k__seed11111__ep14853__snap0	/home/ubuntu/NeurIPS2026/PSQASBench/results/crlqas/L3_CH2_Singlet_8q/Formal_EXP/L3_CH2_Singlet_8q_rotosolve_s2_20k/seed11111	14853	0	6	0.000623	0.000000	0.000000	0.000000	0.500000	6	1	5	4	2	33.33	rotosolve	CNOT(1->5)	RY(q=1) | RY(q=7) | RY(q=5) | CNOT(1->5)	RY(q=1,θ=+0.180) | RY(q=7,θ=+3.142) | RY(q=5,θ=-3.142) | CNOT(1->5)	"[""RY(q=1)"", ""RY(q=7)"", ""RY(q=5)"", ""CNOT(1->5)""]"
crlqas__L3_CH2_Singlet_8q__L3_CH2_Singlet_8q_rotosolve_s2_20k__seed11111__ep19124__snap0	/home/ubuntu/NeurIPS2026/PSQASBench/results/crlqas/L3_CH2_Singlet_8q/Formal_EXP/L3_CH2_Singlet_8q_rotosolve_s2_20k/seed11111	19124	0	6	0.000623	0.000000	0.000000	0.000000	0.500000	6	1	5	4	2	33.33	rotosolve	CNOT(1->5)	RY(q=1) | RY(q=7) | RY(q=5) | CNOT(1->5)	RY(q=1,θ=+0.180) | RY(q=7,θ=+3.142) | RY(q=5,θ=-3.142) | CNOT(1->5)	"[""RY(q=1)"", ""RY(q=7)"", ""RY(q=5)"", ""CNOT(1->5)""]"
crlqas__L3_CH2_Singlet_8q__L3_CH2_Singlet_8q_rotosolve_s2_20k__seed11111__ep10593__snap0	/home/ubuntu/NeurIPS2026/PSQASBench/results/crlqas/L3_CH2_Singlet_8q/Formal_EXP/L3_CH2_Singlet_8q_rotosolve_s2_20k/seed11111	10593	0	5	0.000623	0.000000	0.000000	0.000000	0.500000	5	2	3	4	1	20.00	rotosolve	CNOT(1->5)	RY(q=1) | RY(q=5) | RX(q=7) | CNOT(1->5)	RY(q=1,θ=+0.180) | RY(q=5,θ=-3.142) | RX(q=7,θ=+3.142) | CNOT(1->5)	"[""RY(q=1)"", ""RY(q=5)"", ""RX(q=7)"", ""CNOT(1->5)""]"
crlqas__L3_CH2_Singlet_8q__L3_CH2_Singlet_8q_rotosolve_s2_20k__seed11111__ep12032__snap0	/home/ubuntu/NeurIPS2026/PSQASBench/results/crlqas/L3_CH2_Singlet_8q/Formal_EXP/L3_CH2_Singlet_8q_rotosolve_s2_20k/seed11111	12032	0	5	0.000623	0.000000	0.000000	0.000000	0.500000	5	1	4	4	1	20.00	rotosolve	CNOT(1->5)	RY(q=5) | RY(q=1) | CNOT(5->7) | CNOT(1->5)	RY(q=5,θ=-3.142) | RY(q=1,θ=+0.180) | CNOT(5->7) | CNOT(1->5)	"[""RY(q=5)"", ""RY(q=1)"", ""CNOT(5->7)"", ""CNOT(1->5)""]"
crlqas__L3_CH2_Singlet_8q__L3_CH2_Singlet_8q_rotosolve_s2_20k__seed11111__ep10143__snap0	/home/ubuntu/NeurIPS2026/PSQASBench/results/crlqas/L3_CH2_Singlet_8q/Formal_EXP/L3_CH2_Singlet_8q_rotosolve_s2_20k/seed11111	10143	0	11	0.000623	0.000000	0.000000	0.000000	0.500000	11	1	10	4	7	63.64	rotosolve	RY(q=7)	RY(q=1) | CNOT(1->5) | RY(q=5) | RY(q=7)	RY(q=1,θ=-0.180) | CNOT(1->5) | RY(q=5,θ=-3.142) | RY(q=7,θ=+3.142)	"[""RY(q=1)"", ""CNOT(1->5)"", ""RY(q=5)"", ""RY(q=7)""]"
crlqas__L3_CH2_Singlet_8q__L3_CH2_Singlet_8q_rotosolve_s2_20k__seed11111__ep10025__snap0	/home/ubuntu/NeurIPS2026/PSQASBench/results/crlqas/L3_CH2_Singlet_8q/Formal_EXP/L3_CH2_Singlet_8q_rotosolve_s2_20k/seed11111	10025	0	5	0.000623	0.000000	0.000000	0.000000	0.500000	5	2	3	4	1	20.00	rotosolve	CNOT(1->5)	RY(q=1) | RY(q=5) | RX(q=7) | CNOT(1->5)	RY(q=1,θ=+0.180) | RY(q=5,θ=-3.142) | RX(q=7,θ=+3.142) | CNOT(1->5)	"[""RY(q=1)"", ""RY(q=5)"", ""RX(q=7)"", ""CNOT(1->5)""]"
crlqas__L3_CH2_Singlet_8q__L3_CH2_Singlet_8q_rotosolve_s2_20k__seed11111__ep13732__snap0	/home/ubuntu/NeurIPS2026/PSQASBench/results/crlqas/L3_CH2_Singlet_8q/Formal_EXP/L3_CH2_Singlet_8q_rotosolve_s2_20k/seed11111	13732	0	6	0.000623	0.000000	0.000000	0.000000	0.500000	6	2	4	4	2	33.33	rotosolve	CNOT(0->4)	RY(q=4) | RY(q=0) | RY(q=6) | CNOT(0->4)	RY(q=4,θ=-3.142) | RY(q=0,θ=+0.180) | RY(q=6,θ=+3.142) | CNOT(0->4)	"[""RY(q=4)"", ""RY(q=0)"", ""RY(q=6)"", ""CNOT(0->4)""]"
crlqas__L3_CH2_Singlet_8q__L3_CH2_Singlet_8q_rotosolve_s2_20k__seed11111__ep16983__snap0	/home/ubuntu/NeurIPS2026/PSQASBench/results/crlqas/L3_CH2_Singlet_8q/Formal_EXP/L3_CH2_Singlet_8q_rotosolve_s2_20k/seed11111	16983	0	6	0.000623	0.000000	0.000000	0.000000	0.500000	6	1	5	4	2	33.33	rotosolve	CNOT(1->5)	RY(q=1) | RY(q=7) | RY(q=5) | CNOT(1->5)	RY(q=1,θ=+0.180) | RY(q=7,θ=+3.142) | RY(q=5,θ=-3.142) | CNOT(1->5)	"[""RY(q=1)"", ""RY(q=7)"", ""RY(q=5)"", ""CNOT(1->5)""]"
crlqas__L3_CH2_Singlet_8q__L3_CH2_Singlet_8q_rotosolve_s2_20k__seed11111__ep14833__snap0	/home/ubuntu/NeurIPS2026/PSQASBench/results/crlqas/L3_CH2_Singlet_8q/Formal_EXP/L3_CH2_Singlet_8q_rotosolve_s2_20k/seed11111	14833	0	6	0.000623	0.000000	0.000000	0.000000	0.500000	6	1	5	4	2	33.33	rotosolve	CNOT(1->5)	RY(q=1) | RY(q=7) | RY(q=5) | CNOT(1->5)	RY(q=1,θ=+0.180) | RY(q=7,θ=+3.142) | RY(q=5,θ=-3.142) | CNOT(1->5)	"[""RY(q=1)"", ""RY(q=7)"", ""RY(q=5)"", ""CNOT(1->5)""]"
crlqas__L3_CH2_Singlet_8q__L3_CH2_Singlet_8q_rotosolve_s2_20k__seed11111__ep13966__snap0	/home/ubuntu/NeurIPS2026/PSQASBench/results/crlqas/L3_CH2_Singlet_8q/Formal_EXP/L3_CH2_Singlet_8q_rotosolve_s2_20k/seed11111	13966	0	6	0.000623	0.000000	0.000000	0.000000	0.500000	6	2	4	4	2	33.33	rotosolve	CNOT(1->5)	RY(q=1) | RY(q=5) | RX(q=7) | CNOT(1->5)	RY(q=1,θ=+0.180) | RY(q=5,θ=-3.142) | RX(q=7,θ=+3.142) | CNOT(1->5)	"[""RY(q=1)"", ""RY(q=5)"", ""RX(q=7)"", ""CNOT(1->5)""]"
crlqas__L3_CH2_Singlet_8q__L3_CH2_Singlet_8q_rotosolve_s2_20k__seed11111__ep14176__snap0	/home/ubuntu/NeurIPS2026/PSQASBench/results/crlqas/L3_CH2_Singlet_8q/Formal_EXP/L3_CH2_Singlet_8q_rotosolve_s2_20k/seed11111	14176	0	8	0.000623	0.000000	0.000000	0.000000	0.500000	8	2	6	4	4	50.00	rotosolve	CNOT(1->5)	RY(q=1) | RX(q=7) | RY(q=5) | CNOT(1->5)	RY(q=1,θ=+0.180) | RX(q=7,θ=+3.142) | RY(q=5,θ=-3.142) | CNOT(1->5)	"[""RY(q=1)"", ""RX(q=7)"", ""RY(q=5)"", ""CNOT(1->5)""]"
crlqas__L3_CH2_Singlet_8q__L3_CH2_Singlet_8q_rotosolve_s2_20k__seed11111__ep17136__snap0	/home/ubuntu/NeurIPS2026/PSQASBench/results/crlqas/L3_CH2_Singlet_8q/Formal_EXP/L3_CH2_Singlet_8q_rotosolve_s2_20k/seed11111	17136	0	7	0.000623	0.000000	0.000000	0.000000	0.500000	7	2	5	4	3	42.86	rotosolve	CNOT(1->5)	RY(q=1) | RY(q=5) | RX(q=7) | CNOT(1->5)	RY(q=1,θ=+0.180) | RY(q=5,θ=-3.142) | RX(q=7,θ=+3.142) | CNOT(1->5)	"[""RY(q=1)"", ""RY(q=5)"", ""RX(q=7)"", ""CNOT(1->5)""]"
crlqas__L3_CH2_Singlet_8q__L3_CH2_Singlet_8q_rotosolve_s2_20k__seed11111__ep11189__snap0	/home/ubuntu/NeurIPS2026/PSQASBench/results/crlqas/L3_CH2_Singlet_8q/Formal_EXP/L3_CH2_Singlet_8q_rotosolve_s2_20k/seed11111	11189	0	5	0.000623	0.000000	0.000000	0.000000	0.500000	5	1	4	4	1	20.00	rotosolve	CNOT(1->5)	RY(q=7) | RY(q=1) | RY(q=5) | CNOT(1->5)	RY(q=7,θ=+3.142) | RY(q=1,θ=+0.180) | RY(q=5,θ=-3.142) | CNOT(1->5)	"[""RY(q=7)"", ""RY(q=1)"", ""RY(q=5)"", ""CNOT(1->5)""]"
crlqas__L3_CH2_Singlet_8q__L3_CH2_Singlet_8q_rotosolve_s2_20k__seed11111__ep15331__snap0	/home/ubuntu/NeurIPS2026/PSQASBench/results/crlqas/L3_CH2_Singlet_8q/Formal_EXP/L3_CH2_Singlet_8q_rotosolve_s2_20k/seed11111	15331	0	6	0.000623	0.000000	0.000000	0.000000	0.500000	6	2	4	4	2	33.33	rotosolve	CNOT(1->5)	RX(q=7) | RY(q=1) | RY(q=5) | CNOT(1->5)	RX(q=7,θ=+3.142) | RY(q=1,θ=+0.180) | RY(q=5,θ=-3.142) | CNOT(1->5)	"[""RX(q=7)"", ""RY(q=1)"", ""RY(q=5)"", ""CNOT(1->5)""]"
crlqas__L3_CH2_Singlet_8q__L3_CH2_Singlet_8q_rotosolve_s2_20k__seed11111__ep11247__snap0	/home/ubuntu/NeurIPS2026/PSQASBench/results/crlqas/L3_CH2_Singlet_8q/Formal_EXP/L3_CH2_Singlet_8q_rotosolve_s2_20k/seed11111	11247	0	5	0.000623	0.000000	0.000000	0.000000	0.500000	5	2	3	4	1	20.00	rotosolve	CNOT(1->5)	RY(q=1) | RY(q=5) | RX(q=7) | CNOT(1->5)	RY(q=1,θ=+0.180) | RY(q=5,θ=-3.142) | RX(q=7,θ=+3.142) | CNOT(1->5)	"[""RY(q=1)"", ""RY(q=5)"", ""RX(q=7)"", ""CNOT(1->5)""]"
crlqas__L3_CH2_Singlet_8q__L3_CH2_Singlet_8q_rotosolve_s2_20k__seed11111__ep11720__snap0	/home/ubuntu/NeurIPS2026/PSQASBench/results/crlqas/L3_CH2_Singlet_8q/Formal_EXP/L3_CH2_Singlet_8q_rotosolve_s2_20k/seed11111	11720	0	10	0.000623	0.000000	0.000000	0.000000	0.500000	10	2	8	4	6	60.00	rotosolve	CNOT(1->5)	RY(q=1) | RY(q=5) | RX(q=7) | CNOT(1->5)	RY(q=1,θ=+0.180) | RY(q=5,θ=-3.142) | RX(q=7,θ=+3.142) | CNOT(1->5)	"[""RY(q=1)"", ""RY(q=5)"", ""RX(q=7)"", ""CNOT(1->5)""]"
crlqas__L3_CH2_Singlet_8q__L3_CH2_Singlet_8q_rotosolve_s2_20k__seed11111__ep17507__snap0	/home/ubuntu/NeurIPS2026/PSQASBench/results/crlqas/L3_CH2_Singlet_8q/Formal_EXP/L3_CH2_Singlet_8q_rotosolve_s2_20k/seed11111	17507	0	5	0.000623	0.000000	0.000000	0.000000	0.500000	5	1	4	4	1	20.00	rotosolve	CNOT(1->5)	RY(q=1) | RY(q=5) | CNOT(5->7) | CNOT(1->5)	RY(q=1,θ=+0.180) | RY(q=5,θ=-3.142) | CNOT(5->7) | CNOT(1->5)	"[""RY(q=1)"", ""RY(q=5)"", ""CNOT(5->7)"", ""CNOT(1->5)""]"
crlqas__L3_CH2_Singlet_8q__L3_CH2_Singlet_8q_rotosolve_s2_20k__seed11111__ep18669__snap0	/home/ubuntu/NeurIPS2026/PSQASBench/results/crlqas/L3_CH2_Singlet_8q/Formal_EXP/L3_CH2_Singlet_8q_rotosolve_s2_20k/seed11111	18669	0	7	0.000623	0.000000	0.000000	0.000000	0.500000	7	1	6	4	3	42.86	rotosolve	CNOT(1->5)	RY(q=1) | RY(q=5) | RY(q=7) | CNOT(1->5)	RY(q=1,θ=+0.180) | RY(q=5,θ=-3.142) | RY(q=7,θ=+3.142) | CNOT(1->5)	"[""RY(q=1)"", ""RY(q=5)"", ""RY(q=7)"", ""CNOT(1->5)""]"
crlqas__L3_CH2_Singlet_8q__L3_CH2_Singlet_8q_rotosolve_s2_20k__seed11111__ep16606__snap0	/home/ubuntu/NeurIPS2026/PSQASBench/results/crlqas/L3_CH2_Singlet_8q/Formal_EXP/L3_CH2_Singlet_8q_rotosolve_s2_20k/seed11111	16606	0	5	0.000623	0.000000	0.000000	0.000000	0.500000	5	2	3	4	1	20.00	rotosolve	CNOT(1->5)	RY(q=1) | RY(q=5) | RX(q=7) | CNOT(1->5)	RY(q=1,θ=+0.180) | RY(q=5,θ=-3.142) | RX(q=7,θ=+3.142) | CNOT(1->5)	"[""RY(q=1)"", ""RY(q=5)"", ""RX(q=7)"", ""CNOT(1->5)""]"
crlqas__L3_CH2_Singlet_8q__L3_CH2_Singlet_8q_rotosolve_s2_20k__seed11111__ep15410__snap0	/home/ubuntu/NeurIPS2026/PSQASBench/results/crlqas/L3_CH2_Singlet_8q/Formal_EXP/L3_CH2_Singlet_8q_rotosolve_s2_20k/seed11111	15410	0	6	0.000623	0.000000	0.000000	0.000000	0.500000	6	1	5	4	2	33.33	rotosolve	CNOT(1->5)	RY(q=7) | RY(q=1) | RY(q=5) | CNOT(1->5)	RY(q=7,θ=+3.142) | RY(q=1,θ=+0.180) | RY(q=5,θ=-3.142) | CNOT(1->5)	"[""RY(q=7)"", ""RY(q=1)"", ""RY(q=5)"", ""CNOT(1->5)""]"
crlqas__L3_CH2_Singlet_8q__L3_CH2_Singlet_8q_rotosolve_s2_20k__seed11111__ep10561__snap0	/home/ubuntu/NeurIPS2026/PSQASBench/results/crlqas/L3_CH2_Singlet_8q/Formal_EXP/L3_CH2_Singlet_8q_rotosolve_s2_20k/seed11111	10561	0	8	0.000623	0.000000	0.000000	0.000000	0.500000	8	2	6	4	4	50.00	rotosolve	CNOT(1->5)	RY(q=1) | RX(q=7) | RY(q=5) | CNOT(1->5)	RY(q=1,θ=+0.180) | RX(q=7,θ=+3.142) | RY(q=5,θ=-3.142) | CNOT(1->5)	"[""RY(q=1)"", ""RX(q=7)"", ""RY(q=5)"", ""CNOT(1->5)""]"
crlqas__L3_CH2_Singlet_8q__L3_CH2_Singlet_8q_rotosolve_s2_20k__seed11111__ep14723__snap0	/home/ubuntu/NeurIPS2026/PSQASBench/results/crlqas/L3_CH2_Singlet_8q/Formal_EXP/L3_CH2_Singlet_8q_rotosolve_s2_20k/seed11111	14723	0	7	0.000623	0.000000	0.000000	0.000000	0.500000	7	2	5	4	3	42.86	rotosolve	CNOT(1->5)	RY(q=1) | RY(q=5) | RX(q=7) | CNOT(1->5)	RY(q=1,θ=+0.180) | RY(q=5,θ=-3.142) | RX(q=7,θ=+3.142) | CNOT(1->5)	"[""RY(q=1)"", ""RY(q=5)"", ""RX(q=7)"", ""CNOT(1->5)""]"
crlqas__L3_CH2_Singlet_8q__L3_CH2_Singlet_8q_rotosolve_s2_20k__seed11111__ep16842__snap0	/home/ubuntu/NeurIPS2026/PSQASBench/results/crlqas/L3_CH2_Singlet_8q/Formal_EXP/L3_CH2_Singlet_8q_rotosolve_s2_20k/seed11111	16842	0	5	0.000623	0.000000	0.000000	0.000000	0.500000	5	1	4	4	1	20.00	rotosolve	CNOT(0->4)	RY(q=6) | RX(q=4) | RY(q=0) | CNOT(0->4)	RY(q=6,θ=+3.142) | RX(q=4,θ=-3.142) | RY(q=0,θ=+0.180) | CNOT(0->4)	"[""RY(q=6)"", ""RX(q=4)"", ""RY(q=0)"", ""CNOT(0->4)""]"
crlqas__L3_CH2_Singlet_8q__L3_CH2_Singlet_8q_rotosolve_s2_20k__seed11111__ep15589__snap0	/home/ubuntu/NeurIPS2026/PSQASBench/results/crlqas/L3_CH2_Singlet_8q/Formal_EXP/L3_CH2_Singlet_8q_rotosolve_s2_20k/seed11111	15589	0	7	0.000623	0.000000	0.000000	0.000000	0.500000	7	2	5	4	3	42.86	rotosolve	CNOT(1->5)	RY(q=1) | RY(q=5) | RX(q=7) | CNOT(1->5)	RY(q=1,θ=+0.180) | RY(q=5,θ=-3.142) | RX(q=7,θ=+3.142) | CNOT(1->5)	"[""RY(q=1)"", ""RY(q=5)"", ""RX(q=7)"", ""CNOT(1->5)""]"
crlqas__L3_CH2_Singlet_8q__L3_CH2_Singlet_8q_rotosolve_s2_20k__seed11111__ep16232__snap0	/home/ubuntu/NeurIPS2026/PSQASBench/results/crlqas/L3_CH2_Singlet_8q/Formal_EXP/L3_CH2_Singlet_8q_rotosolve_s2_20k/seed11111	16232	0	8	0.000623	0.000000	0.000000	0.000000	0.500000	8	2	6	4	4	50.00	rotosolve	CNOT(1->5)	RY(q=1) | RY(q=5) | RX(q=7) | CNOT(1->5)	RY(q=1,θ=+0.180) | RY(q=5,θ=-3.142) | RX(q=7,θ=+3.142) | CNOT(1->5)	"[""RY(q=1)"", ""RY(q=5)"", ""RX(q=7)"", ""CNOT(1->5)""]"
crlqas__L3_CH2_Singlet_8q__L3_CH2_Singlet_8q_rotosolve_s2_20k__seed11111__ep10462__snap0	/home/ubuntu/NeurIPS2026/PSQASBench/results/crlqas/L3_CH2_Singlet_8q/Formal_EXP/L3_CH2_Singlet_8q_rotosolve_s2_20k/seed11111	10462	0	6	0.000623	0.000000	0.000000	0.000000	0.500000	6	1	5	4	2	33.33	rotosolve	CNOT(1->5)	RY(q=5) | RY(q=1) | CNOT(5->7) | CNOT(1->5)	RY(q=5,θ=-3.142) | RY(q=1,θ=+0.180) | CNOT(5->7) | CNOT(1->5)	"[""RY(q=5)"", ""RY(q=1)"", ""CNOT(5->7)"", ""CNOT(1->5)""]"
crlqas__L3_CH2_Singlet_8q__L3_CH2_Singlet_8q_rotosolve_s2_20k__seed11111__ep12207__snap0	/home/ubuntu/NeurIPS2026/PSQASBench/results/crlqas/L3_CH2_Singlet_8q/Formal_EXP/L3_CH2_Singlet_8q_rotosolve_s2_20k/seed11111	12207	0	6	0.000623	0.000000	0.000000	0.000000	0.500000	6	2	4	4	2	33.33	rotosolve	CNOT(1->5)	RY(q=1) | RY(q=5) | RX(q=7) | CNOT(1->5)	RY(q=1,θ=+0.180) | RY(q=5,θ=-3.142) | RX(q=7,θ=+3.142) | CNOT(1->5)	"[""RY(q=1)"", ""RY(q=5)"", ""RX(q=7)"", ""CNOT(1->5)""]"
crlqas__L3_CH2_Singlet_8q__L3_CH2_Singlet_8q_rotosolve_s2_20k__seed11111__ep19196__snap0	/home/ubuntu/NeurIPS2026/PSQASBench/results/crlqas/L3_CH2_Singlet_8q/Formal_EXP/L3_CH2_Singlet_8q_rotosolve_s2_20k/seed11111	19196	0	6	0.000623	0.000000	0.000000	0.000000	0.500000	6	1	5	4	2	33.33	rotosolve	CNOT(1->5)	RY(q=1) | RY(q=5) | RY(q=7) | CNOT(1->5)	RY(q=1,θ=+0.180) | RY(q=5,θ=-3.142) | RY(q=7,θ=+3.142) | CNOT(1->5)	"[""RY(q=1)"", ""RY(q=5)"", ""RY(q=7)"", ""CNOT(1->5)""]"
crlqas__L3_CH2_Singlet_8q__L3_CH2_Singlet_8q_rotosolve_s2_20k__seed11111__ep15947__snap0	/home/ubuntu/NeurIPS2026/PSQASBench/results/crlqas/L3_CH2_Singlet_8q/Formal_EXP/L3_CH2_Singlet_8q_rotosolve_s2_20k/seed11111	15947	0	6	0.000623	0.000000	0.000000	0.000000	0.500000	6	2	4	4	2	33.33	rotosolve	CNOT(1->5)	RY(q=1) | RY(q=5) | RX(q=7) | CNOT(1->5)	RY(q=1,θ=+0.180) | RY(q=5,θ=-3.142) | RX(q=7,θ=+3.142) | CNOT(1->5)	"[""RY(q=1)"", ""RY(q=5)"", ""RX(q=7)"", ""CNOT(1->5)""]"
crlqas__L3_CH2_Singlet_8q__L3_CH2_Singlet_8q_rotosolve_s2_20k__seed11111__ep18898__snap0	/home/ubuntu/NeurIPS2026/PSQASBench/results/crlqas/L3_CH2_Singlet_8q/Formal_EXP/L3_CH2_Singlet_8q_rotosolve_s2_20k/seed11111	18898	0	5	0.000623	0.000000	0.000000	0.000000	0.500000	5	2	3	4	1	20.00	rotosolve	CNOT(1->5)	RY(q=1) | RY(q=5) | RX(q=7) | CNOT(1->5)	RY(q=1,θ=+0.180) | RY(q=5,θ=-3.142) | RX(q=7,θ=+3.142) | CNOT(1->5)	"[""RY(q=1)"", ""RY(q=5)"", ""RX(q=7)"", ""CNOT(1->5)""]"
crlqas__L3_CH2_Singlet_8q__L3_CH2_Singlet_8q_rotosolve_s2_20k__seed11111__ep11988__snap0	/home/ubuntu/NeurIPS2026/PSQASBench/results/crlqas/L3_CH2_Singlet_8q/Formal_EXP/L3_CH2_Singlet_8q_rotosolve_s2_20k/seed11111	11988	0	10	0.000623	0.000000	0.000000	0.000000	0.500000	10	2	8	4	6	60.00	rotosolve	CNOT(0->4)	RX(q=4) | RY(q=0) | CNOT(4->6) | CNOT(0->4)	RX(q=4,θ=-3.142) | RY(q=0,θ=+0.180) | CNOT(4->6) | CNOT(0->4)	"[""RX(q=4)"", ""RY(q=0)"", ""CNOT(4->6)"", ""CNOT(0->4)""]"
crlqas__L3_CH2_Singlet_8q__L3_CH2_Singlet_8q_rotosolve_s2_20k__seed11111__ep16994__snap0	/home/ubuntu/NeurIPS2026/PSQASBench/results/crlqas/L3_CH2_Singlet_8q/Formal_EXP/L3_CH2_Singlet_8q_rotosolve_s2_20k/seed11111	16994	0	6	0.000623	0.000000	0.000000	0.000000	0.500000	6	1	5	4	2	33.33	rotosolve	CNOT(1->5)	RY(q=1) | RY(q=5) | RY(q=7) | CNOT(1->5)	RY(q=1,θ=+0.180) | RY(q=5,θ=-3.142) | RY(q=7,θ=+3.142) | CNOT(1->5)	"[""RY(q=1)"", ""RY(q=5)"", ""RY(q=7)"", ""CNOT(1->5)""]"
crlqas__L3_CH2_Singlet_8q__L3_CH2_Singlet_8q_rotosolve_s2_20k__seed11111__ep17145__snap0	/home/ubuntu/NeurIPS2026/PSQASBench/results/crlqas/L3_CH2_Singlet_8q/Formal_EXP/L3_CH2_Singlet_8q_rotosolve_s2_20k/seed11111	17145	0	5	0.000623	0.000000	0.000000	0.000000	0.500000	5	2	3	4	1	20.00	rotosolve	CNOT(1->5)	RY(q=1) | RY(q=5) | RX(q=7) | CNOT(1->5)	RY(q=1,θ=+0.180) | RY(q=5,θ=-3.142) | RX(q=7,θ=+3.142) | CNOT(1->5)	"[""RY(q=1)"", ""RY(q=5)"", ""RX(q=7)"", ""CNOT(1->5)""]"
crlqas__L3_CH2_Singlet_8q__L3_CH2_Singlet_8q_rotosolve_s2_20k__seed11111__ep18893__snap0	/home/ubuntu/NeurIPS2026/PSQASBench/results/crlqas/L3_CH2_Singlet_8q/Formal_EXP/L3_CH2_Singlet_8q_rotosolve_s2_20k/seed11111	18893	0	6	0.000623	0.000000	0.000000	0.000000	0.500000	6	1	5	4	2	33.33	rotosolve	CNOT(1->5)	RY(q=1) | RY(q=5) | RY(q=7) | CNOT(1->5)	RY(q=1,θ=+0.180) | RY(q=5,θ=-3.142) | RY(q=7,θ=+3.142) | CNOT(1->5)	"[""RY(q=1)"", ""RY(q=5)"", ""RY(q=7)"", ""CNOT(1->5)""]"
crlqas__L3_CH2_Singlet_8q__L3_CH2_Singlet_8q_rotosolve_s2_20k__seed11111__ep16735__snap0	/home/ubuntu/NeurIPS2026/PSQASBench/results/crlqas/L3_CH2_Singlet_8q/Formal_EXP/L3_CH2_Singlet_8q_rotosolve_s2_20k/seed11111	16735	0	7	0.000623	0.000000	0.000000	0.000000	0.500000	7	1	6	4	3	42.86	rotosolve	CNOT(1->5)	RY(q=5) | RY(q=1) | RY(q=7) | CNOT(1->5)	RY(q=5,θ=-3.142) | RY(q=1,θ=+0.180) | RY(q=7,θ=+3.142) | CNOT(1->5)	"[""RY(q=5)"", ""RY(q=1)"", ""RY(q=7)"", ""CNOT(1->5)""]"
crlqas__L3_CH2_Singlet_8q__L3_CH2_Singlet_8q_rotosolve_s2_20k__seed11111__ep18398__snap0	/home/ubuntu/NeurIPS2026/PSQASBench/results/crlqas/L3_CH2_Singlet_8q/Formal_EXP/L3_CH2_Singlet_8q_rotosolve_s2_20k/seed11111	18398	0	5	0.000623	0.000000	0.000000	0.000000	0.500000	5	1	4	4	1	20.00	rotosolve	CNOT(1->5)	RY(q=1) | RY(q=5) | CNOT(5->7) | CNOT(1->5)	RY(q=1,θ=+0.180) | RY(q=5,θ=-3.142) | CNOT(5->7) | CNOT(1->5)	"[""RY(q=1)"", ""RY(q=5)"", ""CNOT(5->7)"", ""CNOT(1->5)""]"
crlqas__L3_CH2_Singlet_8q__L3_CH2_Singlet_8q_rotosolve_s2_20k__seed11111__ep14294__snap0	/home/ubuntu/NeurIPS2026/PSQASBench/results/crlqas/L3_CH2_Singlet_8q/Formal_EXP/L3_CH2_Singlet_8q_rotosolve_s2_20k/seed11111	14294	0	7	0.000623	0.000000	0.000000	0.000000	0.500000	7	1	6	4	3	42.86	rotosolve	CNOT(1->5)	RY(q=1) | RY(q=5) | RY(q=7) | CNOT(1->5)	RY(q=1,θ=+0.180) | RY(q=5,θ=-3.142) | RY(q=7,θ=+3.142) | CNOT(1->5)	"[""RY(q=1)"", ""RY(q=5)"", ""RY(q=7)"", ""CNOT(1->5)""]"
crlqas__L3_CH2_Singlet_8q__L3_CH2_Singlet_8q_rotosolve_s2_20k__seed11111__ep14789__snap0	/home/ubuntu/NeurIPS2026/PSQASBench/results/crlqas/L3_CH2_Singlet_8q/Formal_EXP/L3_CH2_Singlet_8q_rotosolve_s2_20k/seed11111	14789	0	7	0.000623	0.000000	0.000000	0.000000	0.500000	7	1	6	4	3	42.86	rotosolve	CNOT(1->5)	RY(q=1) | RY(q=7) | RY(q=5) | CNOT(1->5)	RY(q=1,θ=+0.180) | RY(q=7,θ=+3.142) | RY(q=5,θ=-3.142) | CNOT(1->5)	"[""RY(q=1)"", ""RY(q=7)"", ""RY(q=5)"", ""CNOT(1->5)""]"
crlqas__L3_CH2_Singlet_8q__L3_CH2_Singlet_8q_rotosolve_s2_20k__seed11111__ep17495__snap0	/home/ubuntu/NeurIPS2026/PSQASBench/results/crlqas/L3_CH2_Singlet_8q/Formal_EXP/L3_CH2_Singlet_8q_rotosolve_s2_20k/seed11111	17495	0	5	0.000623	0.000000	0.000000	0.000000	0.500000	5	1	4	4	1	20.00	rotosolve	CNOT(1->5)	RY(q=7) | RY(q=1) | RY(q=5) | CNOT(1->5)	RY(q=7,θ=+3.142) | RY(q=1,θ=+0.180) | RY(q=5,θ=-3.142) | CNOT(1->5)	"[""RY(q=7)"", ""RY(q=1)"", ""RY(q=5)"", ""CNOT(1->5)""]"
crlqas__L3_CH2_Singlet_8q__L3_CH2_Singlet_8q_rotosolve_s2_20k__seed11111__ep14202__snap0	/home/ubuntu/NeurIPS2026/PSQASBench/results/crlqas/L3_CH2_Singlet_8q/Formal_EXP/L3_CH2_Singlet_8q_rotosolve_s2_20k/seed11111	14202	0	6	0.000623	0.000000	0.000000	0.000000	0.500000	6	1	5	4	2	33.33	rotosolve	CNOT(1->5)	RY(q=1) | RY(q=7) | RY(q=5) | CNOT(1->5)	RY(q=1,θ=+0.180) | RY(q=7,θ=+3.142) | RY(q=5,θ=-3.142) | CNOT(1->5)	"[""RY(q=1)"", ""RY(q=7)"", ""RY(q=5)"", ""CNOT(1->5)""]"
crlqas__L3_CH2_Singlet_8q__L3_CH2_Singlet_8q_rotosolve_s2_20k__seed11111__ep13810__snap0	/home/ubuntu/NeurIPS2026/PSQASBench/results/crlqas/L3_CH2_Singlet_8q/Formal_EXP/L3_CH2_Singlet_8q_rotosolve_s2_20k/seed11111	13810	0	13	0.000623	0.000000	0.000000	0.000000	0.500000	13	3	10	4	9	69.23	rotosolve	RX(q=7)	RY(q=5) | RY(q=1) | CNOT(1->5) | RX(q=7)	RY(q=5,θ=-3.142) | RY(q=1,θ=+0.180) | CNOT(1->5) | RX(q=7,θ=+3.142)	"[""RY(q=5)"", ""RY(q=1)"", ""CNOT(1->5)"", ""RX(q=7)""]"
crlqas__L3_CH2_Singlet_8q__L3_CH2_Singlet_8q_rotosolve_s2_20k__seed11111__ep10961__snap0	/home/ubuntu/NeurIPS2026/PSQASBench/results/crlqas/L3_CH2_Singlet_8q/Formal_EXP/L3_CH2_Singlet_8q_rotosolve_s2_20k/seed11111	10961	0	5	0.000623	0.000000	0.000000	0.000000	0.500000	5	1	4	4	1	20.00	rotosolve	CNOT(1->5)	RY(q=7) | RY(q=1) | RY(q=5) | CNOT(1->5)	RY(q=7,θ=+3.142) | RY(q=1,θ=+0.180) | RY(q=5,θ=-3.142) | CNOT(1->5)	"[""RY(q=7)"", ""RY(q=1)"", ""RY(q=5)"", ""CNOT(1->5)""]"
crlqas__L3_CH2_Singlet_8q__L3_CH2_Singlet_8q_rotosolve_s2_20k__seed11111__ep18198__snap0	/home/ubuntu/NeurIPS2026/PSQASBench/results/crlqas/L3_CH2_Singlet_8q/Formal_EXP/L3_CH2_Singlet_8q_rotosolve_s2_20k/seed11111	18198	0	9	0.000623	0.000000	0.000000	0.000000	0.500000	9	1	8	4	5	55.56	rotosolve	CNOT(1->5)	RY(q=1) | RY(q=7) | RY(q=5) | CNOT(1->5)	RY(q=1,θ=+0.180) | RY(q=7,θ=+3.142) | RY(q=5,θ=-3.142) | CNOT(1->5)	"[""RY(q=1)"", ""RY(q=7)"", ""RY(q=5)"", ""CNOT(1->5)""]"
crlqas__L3_CH2_Singlet_8q__L3_CH2_Singlet_8q_rotosolve_s2_20k__seed11111__ep18963__snap0	/home/ubuntu/NeurIPS2026/PSQASBench/results/crlqas/L3_CH2_Singlet_8q/Formal_EXP/L3_CH2_Singlet_8q_rotosolve_s2_20k/seed11111	18963	0	5	0.000623	0.000000	0.000000	0.000000	0.500000	5	2	3	4	1	20.00	rotosolve	CNOT(1->5)	RY(q=1) | RX(q=7) | RY(q=5) | CNOT(1->5)	RY(q=1,θ=+0.180) | RX(q=7,θ=+3.142) | RY(q=5,θ=-3.142) | CNOT(1->5)	"[""RY(q=1)"", ""RX(q=7)"", ""RY(q=5)"", ""CNOT(1->5)""]"
crlqas__L3_CH2_Singlet_8q__L3_CH2_Singlet_8q_rotosolve_s2_20k__seed11111__ep11241__snap0	/home/ubuntu/NeurIPS2026/PSQASBench/results/crlqas/L3_CH2_Singlet_8q/Formal_EXP/L3_CH2_Singlet_8q_rotosolve_s2_20k/seed11111	11241	0	5	0.000623	0.000000	0.000000	0.000000	0.500000	5	2	3	4	1	20.00	rotosolve	CNOT(1->5)	RY(q=1) | RY(q=5) | RX(q=7) | CNOT(1->5)	RY(q=1,θ=+0.180) | RY(q=5,θ=-3.142) | RX(q=7,θ=+3.142) | CNOT(1->5)	"[""RY(q=1)"", ""RY(q=5)"", ""RX(q=7)"", ""CNOT(1->5)""]"
crlqas__L3_CH2_Singlet_8q__L3_CH2_Singlet_8q_rotosolve_s2_20k__seed11111__ep15206__snap0	/home/ubuntu/NeurIPS2026/PSQASBench/results/crlqas/L3_CH2_Singlet_8q/Formal_EXP/L3_CH2_Singlet_8q_rotosolve_s2_20k/seed11111	15206	0	6	0.000623	0.000000	0.000000	0.000000	0.500000	6	2	4	4	2	33.33	rotosolve	CNOT(1->5)	RY(q=1) | RY(q=5) | RX(q=7) | CNOT(1->5)	RY(q=1,θ=+0.180) | RY(q=5,θ=-3.142) | RX(q=7,θ=+3.142) | CNOT(1->5)	"[""RY(q=1)"", ""RY(q=5)"", ""RX(q=7)"", ""CNOT(1->5)""]"
crlqas__L3_CH2_Singlet_8q__L3_CH2_Singlet_8q_rotosolve_s2_20k__seed11111__ep10674__snap0	/home/ubuntu/NeurIPS2026/PSQASBench/results/crlqas/L3_CH2_Singlet_8q/Formal_EXP/L3_CH2_Singlet_8q_rotosolve_s2_20k/seed11111	10674	0	6	0.000623	0.000000	0.000000	0.000000	0.500000	6	2	4	4	2	33.33	rotosolve	CNOT(1->5)	RY(q=1) | RY(q=5) | RX(q=7) | CNOT(1->5)	RY(q=1,θ=+0.180) | RY(q=5,θ=-3.142) | RX(q=7,θ=+3.142) | CNOT(1->5)	"[""RY(q=1)"", ""RY(q=5)"", ""RX(q=7)"", ""CNOT(1->5)""]"
crlqas__L3_CH2_Singlet_8q__L3_CH2_Singlet_8q_rotosolve_s2_20k__seed11111__ep12142__snap0	/home/ubuntu/NeurIPS2026/PSQASBench/results/crlqas/L3_CH2_Singlet_8q/Formal_EXP/L3_CH2_Singlet_8q_rotosolve_s2_20k/seed11111	12142	0	7	0.000623	0.000000	0.000000	0.000000	0.500000	7	1	6	4	3	42.86	rotosolve	CNOT(1->5)	RY(q=5) | RY(q=1) | RY(q=7) | CNOT(1->5)	RY(q=5,θ=-3.142) | RY(q=1,θ=+0.180) | RY(q=7,θ=+3.142) | CNOT(1->5)	"[""RY(q=5)"", ""RY(q=1)"", ""RY(q=7)"", ""CNOT(1->5)""]"
crlqas__L3_CH2_Singlet_8q__L3_CH2_Singlet_8q_rotosolve_s2_20k__seed11111__ep11050__snap0	/home/ubuntu/NeurIPS2026/PSQASBench/results/crlqas/L3_CH2_Singlet_8q/Formal_EXP/L3_CH2_Singlet_8q_rotosolve_s2_20k/seed11111	11050	0	4	0.000623	0.000000	0.000000	0.000000	0.500000	4	1	3	4	0	0.00	rotosolve	CNOT(1->5)	RY(q=5) | RY(q=1) | CNOT(5->7) | CNOT(1->5)	RY(q=5,θ=-3.142) | RY(q=1,θ=+0.180) | CNOT(5->7) | CNOT(1->5)	"[""RY(q=5)"", ""RY(q=1)"", ""CNOT(5->7)"", ""CNOT(1->5)""]"
crlqas__L3_CH2_Singlet_8q__L3_CH2_Singlet_8q_rotosolve_s2_20k__seed11111__ep13603__snap0	/home/ubuntu/NeurIPS2026/PSQASBench/results/crlqas/L3_CH2_Singlet_8q/Formal_EXP/L3_CH2_Singlet_8q_rotosolve_s2_20k/seed11111	13603	0	6	0.000623	0.000000	0.000000	0.000000	0.500000	6	2	4	4	2	33.33	rotosolve	CNOT(1->5)	RY(q=1) | RY(q=5) | CNOT(5->7) | CNOT(1->5)	RY(q=1,θ=+0.180) | RY(q=5,θ=-3.142) | CNOT(5->7) | CNOT(1->5)	"[""RY(q=1)"", ""RY(q=5)"", ""CNOT(5->7)"", ""CNOT(1->5)""]"
crlqas__L3_CH2_Singlet_8q__L3_CH2_Singlet_8q_rotosolve_s2_20k__seed11111__ep16130__snap0	/home/ubuntu/NeurIPS2026/PSQASBench/results/crlqas/L3_CH2_Singlet_8q/Formal_EXP/L3_CH2_Singlet_8q_rotosolve_s2_20k/seed11111	16130	0	6	0.000623	0.000000	0.000000	0.000000	0.500000	6	1	5	4	2	33.33	rotosolve	CNOT(1->5)	RY(q=5) | RY(q=1) | CNOT(5->7) | CNOT(1->5)	RY(q=5,θ=-3.142) | RY(q=1,θ=+0.180) | CNOT(5->7) | CNOT(1->5)	"[""RY(q=5)"", ""RY(q=1)"", ""CNOT(5->7)"", ""CNOT(1->5)""]"
crlqas__L3_CH2_Singlet_8q__L3_CH2_Singlet_8q_rotosolve_s2_20k__seed11111__ep17984__snap0	/home/ubuntu/NeurIPS2026/PSQASBench/results/crlqas/L3_CH2_Singlet_8q/Formal_EXP/L3_CH2_Singlet_8q_rotosolve_s2_20k/seed11111	17984	0	6	0.000623	0.000000	0.000000	0.000000	0.500000	6	2	4	4	2	33.33	rotosolve	CNOT(1->5)	RY(q=1) | RY(q=5) | RX(q=7) | CNOT(1->5)	RY(q=1,θ=+0.180) | RY(q=5,θ=-3.142) | RX(q=7,θ=+3.142) | CNOT(1->5)	"[""RY(q=1)"", ""RY(q=5)"", ""RX(q=7)"", ""CNOT(1->5)""]"
crlqas__L3_CH2_Singlet_8q__L3_CH2_Singlet_8q_rotosolve_s2_20k__seed11111__ep16991__snap0	/home/ubuntu/NeurIPS2026/PSQASBench/results/crlqas/L3_CH2_Singlet_8q/Formal_EXP/L3_CH2_Singlet_8q_rotosolve_s2_20k/seed11111	16991	0	8	0.000623	0.000000	0.000000	0.000000	0.500000	8	1	7	4	4	50.00	rotosolve	CNOT(1->5)	RY(q=1) | RY(q=5) | CNOT(5->7) | CNOT(1->5)	RY(q=1,θ=+0.180) | RY(q=5,θ=-3.142) | CNOT(5->7) | CNOT(1->5)	"[""RY(q=1)"", ""RY(q=5)"", ""CNOT(5->7)"", ""CNOT(1->5)""]"
crlqas__L3_CH2_Singlet_8q__L3_CH2_Singlet_8q_rotosolve_s2_20k__seed11111__ep10505__snap0	/home/ubuntu/NeurIPS2026/PSQASBench/results/crlqas/L3_CH2_Singlet_8q/Formal_EXP/L3_CH2_Singlet_8q_rotosolve_s2_20k/seed11111	10505	0	6	0.000623	0.000000	0.000000	0.000000	0.500000	6	3	3	4	2	33.33	rotosolve	CNOT(1->5)	RY(q=1) | RY(q=5) | RX(q=7) | CNOT(1->5)	RY(q=1,θ=+0.180) | RY(q=5,θ=-3.142) | RX(q=7,θ=+3.142) | CNOT(1->5)	"[""RY(q=1)"", ""RY(q=5)"", ""RX(q=7)"", ""CNOT(1->5)""]"
crlqas__L3_CH2_Singlet_8q__L3_CH2_Singlet_8q_rotosolve_s2_20k__seed11111__ep17307__snap0	/home/ubuntu/NeurIPS2026/PSQASBench/results/crlqas/L3_CH2_Singlet_8q/Formal_EXP/L3_CH2_Singlet_8q_rotosolve_s2_20k/seed11111	17307	0	5	0.000623	0.000000	0.000000	0.000000	0.500000	5	1	4	4	1	20.00	rotosolve	CNOT(1->5)	RY(q=1) | RY(q=5) | CNOT(5->7) | CNOT(1->5)	RY(q=1,θ=+0.180) | RY(q=5,θ=-3.142) | CNOT(5->7) | CNOT(1->5)	"[""RY(q=1)"", ""RY(q=5)"", ""CNOT(5->7)"", ""CNOT(1->5)""]"
crlqas__L3_CH2_Singlet_8q__L3_CH2_Singlet_8q_rotosolve_s2_20k__seed11111__ep18068__snap0	/home/ubuntu/NeurIPS2026/PSQASBench/results/crlqas/L3_CH2_Singlet_8q/Formal_EXP/L3_CH2_Singlet_8q_rotosolve_s2_20k/seed11111	18068	0	7	0.000623	0.000000	0.000000	0.000000	0.500000	7	2	5	4	3	42.86	rotosolve	CNOT(1->5)	RY(q=1) | RY(q=5) | RX(q=7) | CNOT(1->5)	RY(q=1,θ=+0.180) | RY(q=5,θ=-3.142) | RX(q=7,θ=+3.142) | CNOT(1->5)	"[""RY(q=1)"", ""RY(q=5)"", ""RX(q=7)"", ""CNOT(1->5)""]"
crlqas__L3_CH2_Singlet_8q__L3_CH2_Singlet_8q_rotosolve_s2_20k__seed11111__ep10052__snap0	/home/ubuntu/NeurIPS2026/PSQASBench/results/crlqas/L3_CH2_Singlet_8q/Formal_EXP/L3_CH2_Singlet_8q_rotosolve_s2_20k/seed11111	10052	0	6	0.000623	0.000000	0.000000	0.000000	0.500000	6	1	5	4	2	33.33	rotosolve	CNOT(0->4)	RX(q=4) | RY(q=0) | RX(q=6) | CNOT(0->4)	RX(q=4,θ=-3.142) | RY(q=0,θ=+0.180) | RX(q=6,θ=+3.142) | CNOT(0->4)	"[""RX(q=4)"", ""RY(q=0)"", ""RX(q=6)"", ""CNOT(0->4)""]"
crlqas__L3_CH2_Singlet_8q__L3_CH2_Singlet_8q_rotosolve_s2_20k__seed11111__ep18501__snap0	/home/ubuntu/NeurIPS2026/PSQASBench/results/crlqas/L3_CH2_Singlet_8q/Formal_EXP/L3_CH2_Singlet_8q_rotosolve_s2_20k/seed11111	18501	0	6	0.000623	0.000000	0.000000	0.000000	0.500000	6	1	5	4	2	33.33	rotosolve	CNOT(1->5)	RY(q=1) | RY(q=7) | RY(q=5) | CNOT(1->5)	RY(q=1,θ=+0.180) | RY(q=7,θ=+3.142) | RY(q=5,θ=-3.142) | CNOT(1->5)	"[""RY(q=1)"", ""RY(q=7)"", ""RY(q=5)"", ""CNOT(1->5)""]"
crlqas__L3_CH2_Singlet_8q__L3_CH2_Singlet_8q_rotosolve_s2_20k__seed11111__ep17137__snap0	/home/ubuntu/NeurIPS2026/PSQASBench/results/crlqas/L3_CH2_Singlet_8q/Formal_EXP/L3_CH2_Singlet_8q_rotosolve_s2_20k/seed11111	17137	0	4	0.000623	0.000000	0.000000	0.000000	0.500000	4	2	2	4	0	0.00	rotosolve	CNOT(1->5)	RX(q=7) | RY(q=1) | RY(q=5) | CNOT(1->5)	RX(q=7,θ=-3.142) | RY(q=1,θ=+0.180) | RY(q=5,θ=-3.142) | CNOT(1->5)	"[""RX(q=7)"", ""RY(q=1)"", ""RY(q=5)"", ""CNOT(1->5)""]"
crlqas__L3_CH2_Singlet_8q__L3_CH2_Singlet_8q_rotosolve_s2_20k__seed11111__ep14014__snap0	/home/ubuntu/NeurIPS2026/PSQASBench/results/crlqas/L3_CH2_Singlet_8q/Formal_EXP/L3_CH2_Singlet_8q_rotosolve_s2_20k/seed11111	14014	0	4	0.000623	0.000000	0.000000	0.000000	0.500000	4	1	3	4	0	0.00	rotosolve	CNOT(1->5)	RY(q=5) | RY(q=1) | CNOT(5->7) | CNOT(1->5)	RY(q=5,θ=-3.142) | RY(q=1,θ=+0.180) | CNOT(5->7) | CNOT(1->5)	"[""RY(q=5)"", ""RY(q=1)"", ""CNOT(5->7)"", ""CNOT(1->5)""]"
crlqas__L3_CH2_Singlet_8q__L3_CH2_Singlet_8q_rotosolve_s2_20k__seed11111__ep18137__snap0	/home/ubuntu/NeurIPS2026/PSQASBench/results/crlqas/L3_CH2_Singlet_8q/Formal_EXP/L3_CH2_Singlet_8q_rotosolve_s2_20k/seed11111	18137	0	4	0.000623	0.000000	0.000000	0.000000	0.500000	4	1	3	4	0	0.00	rotosolve	CNOT(1->5)	RY(q=5) | RY(q=1) | CNOT(5->7) | CNOT(1->5)	RY(q=5,θ=-3.142) | RY(q=1,θ=+0.180) | CNOT(5->7) | CNOT(1->5)	"[""RY(q=5)"", ""RY(q=1)"", ""CNOT(5->7)"", ""CNOT(1->5)""]"
crlqas__L3_CH2_Singlet_8q__L3_CH2_Singlet_8q_rotosolve_s2_20k__seed11111__ep12991__snap0	/home/ubuntu/NeurIPS2026/PSQASBench/results/crlqas/L3_CH2_Singlet_8q/Formal_EXP/L3_CH2_Singlet_8q_rotosolve_s2_20k/seed11111	12991	0	11	0.000623	0.000000	0.000000	0.000000	0.500000	11	3	8	4	7	63.64	rotosolve	CNOT(1->5)	RY(q=5) | RY(q=1) | RX(q=7) | CNOT(1->5)	RY(q=5,θ=-3.142) | RY(q=1,θ=+0.180) | RX(q=7,θ=+3.142) | CNOT(1->5)	"[""RY(q=5)"", ""RY(q=1)"", ""RX(q=7)"", ""CNOT(1->5)""]"
crlqas__L3_CH2_Singlet_8q__L3_CH2_Singlet_8q_rotosolve_s2_20k__seed11111__ep18253__snap0	/home/ubuntu/NeurIPS2026/PSQASBench/results/crlqas/L3_CH2_Singlet_8q/Formal_EXP/L3_CH2_Singlet_8q_rotosolve_s2_20k/seed11111	18253	0	5	0.000623	0.000000	0.000000	0.000000	0.500000	5	2	3	4	1	20.00	rotosolve	CNOT(1->5)	RY(q=1) | RY(q=5) | RX(q=7) | CNOT(1->5)	RY(q=1,θ=+0.180) | RY(q=5,θ=-3.142) | RX(q=7,θ=+3.142) | CNOT(1->5)	"[""RY(q=1)"", ""RY(q=5)"", ""RX(q=7)"", ""CNOT(1->5)""]"
crlqas__L3_CH2_Singlet_8q__L3_CH2_Singlet_8q_rotosolve_s2_20k__seed11111__ep17245__snap0	/home/ubuntu/NeurIPS2026/PSQASBench/results/crlqas/L3_CH2_Singlet_8q/Formal_EXP/L3_CH2_Singlet_8q_rotosolve_s2_20k/seed11111	17245	0	4	0.000623	0.000000	0.000000	0.000000	0.500000	4	2	2	4	0	0.00	rotosolve	CNOT(1->5)	RX(q=7) | RY(q=1) | RY(q=5) | CNOT(1->5)	RX(q=7,θ=-3.142) | RY(q=1,θ=+0.180) | RY(q=5,θ=-3.142) | CNOT(1->5)	"[""RX(q=7)"", ""RY(q=1)"", ""RY(q=5)"", ""CNOT(1->5)""]"
crlqas__L3_CH2_Singlet_8q__L3_CH2_Singlet_8q_rotosolve_s2_20k__seed11111__ep11914__snap0	/home/ubuntu/NeurIPS2026/PSQASBench/results/crlqas/L3_CH2_Singlet_8q/Formal_EXP/L3_CH2_Singlet_8q_rotosolve_s2_20k/seed11111	11914	0	21	0.000623	0.000000	0.000000	0.000000	0.500000	21	1	20	4	17	80.95	rotosolve	CNOT(5->1)	RY(q=5) | RY(q=7) | CNOT(7->1) | CNOT(5->1)	RY(q=5,θ=+2.961) | RY(q=7,θ=-3.142) | CNOT(7->1) | CNOT(5->1)	"[""RY(q=5)"", ""RY(q=7)"", ""CNOT(7->1)"", ""CNOT(5->1)""]"
crlqas__L3_CH2_Singlet_8q__L3_CH2_Singlet_8q_rotosolve_s2_20k__seed11111__ep16234__snap0	/home/ubuntu/NeurIPS2026/PSQASBench/results/crlqas/L3_CH2_Singlet_8q/Formal_EXP/L3_CH2_Singlet_8q_rotosolve_s2_20k/seed11111	16234	0	6	0.000623	0.000000	0.000000	0.000000	0.500000	6	2	4	4	2	33.33	rotosolve	CNOT(1->5)	RY(q=1) | RY(q=5) | RX(q=7) | CNOT(1->5)	RY(q=1,θ=+0.180) | RY(q=5,θ=-3.142) | RX(q=7,θ=+3.142) | CNOT(1->5)	"[""RY(q=1)"", ""RY(q=5)"", ""RX(q=7)"", ""CNOT(1->5)""]"
crlqas__L3_CH2_Singlet_8q__L3_CH2_Singlet_8q_rotosolve_s2_20k__seed11111__ep11747__snap0	/home/ubuntu/NeurIPS2026/PSQASBench/results/crlqas/L3_CH2_Singlet_8q/Formal_EXP/L3_CH2_Singlet_8q_rotosolve_s2_20k/seed11111	11747	0	4	0.000623	0.000000	0.000000	0.000000	0.500000	4	1	3	4	0	0.00	rotosolve	CNOT(1->5)	RY(q=1) | RY(q=5) | CNOT(5->7) | CNOT(1->5)	RY(q=1,θ=+0.180) | RY(q=5,θ=-3.142) | CNOT(5->7) | CNOT(1->5)	"[""RY(q=1)"", ""RY(q=5)"", ""CNOT(5->7)"", ""CNOT(1->5)""]"
crlqas__L3_CH2_Singlet_8q__L3_CH2_Singlet_8q_rotosolve_s2_20k__seed11111__ep19160__snap0	/home/ubuntu/NeurIPS2026/PSQASBench/results/crlqas/L3_CH2_Singlet_8q/Formal_EXP/L3_CH2_Singlet_8q_rotosolve_s2_20k/seed11111	19160	0	8	0.000623	0.000000	0.000000	0.000000	0.500000	8	1	7	4	4	50.00	rotosolve	CNOT(1->5)	RY(q=1) | RY(q=5) | RY(q=7) | CNOT(1->5)	RY(q=1,θ=+0.180) | RY(q=5,θ=-3.142) | RY(q=7,θ=+3.142) | CNOT(1->5)	"[""RY(q=1)"", ""RY(q=5)"", ""RY(q=7)"", ""CNOT(1->5)""]"
crlqas__L3_CH2_Singlet_8q__L3_CH2_Singlet_8q_rotosolve_s2_20k__seed11111__ep11825__snap0	/home/ubuntu/NeurIPS2026/PSQASBench/results/crlqas/L3_CH2_Singlet_8q/Formal_EXP/L3_CH2_Singlet_8q_rotosolve_s2_20k/seed11111	11825	0	5	0.000623	0.000000	0.000000	0.000000	0.500000	5	1	4	4	1	20.00	rotosolve	CNOT(1->5)	RY(q=7) | RY(q=1) | RY(q=5) | CNOT(1->5)	RY(q=7,θ=+3.142) | RY(q=1,θ=+0.180) | RY(q=5,θ=-3.142) | CNOT(1->5)	"[""RY(q=7)"", ""RY(q=1)"", ""RY(q=5)"", ""CNOT(1->5)""]"
crlqas__L3_CH2_Singlet_8q__L3_CH2_Singlet_8q_rotosolve_s2_20k__seed11111__ep13476__snap0	/home/ubuntu/NeurIPS2026/PSQASBench/results/crlqas/L3_CH2_Singlet_8q/Formal_EXP/L3_CH2_Singlet_8q_rotosolve_s2_20k/seed11111	13476	0	5	0.000623	0.000000	0.000000	0.000000	0.500000	5	2	3	4	1	20.00	rotosolve	CNOT(1->5)	RY(q=1) | RX(q=7) | RY(q=5) | CNOT(1->5)	RY(q=1,θ=+0.180) | RX(q=7,θ=+3.142) | RY(q=5,θ=-3.142) | CNOT(1->5)	"[""RY(q=1)"", ""RX(q=7)"", ""RY(q=5)"", ""CNOT(1->5)""]"
crlqas__L3_CH2_Singlet_8q__L3_CH2_Singlet_8q_rotosolve_s2_20k__seed11111__ep14589__snap0	/home/ubuntu/NeurIPS2026/PSQASBench/results/crlqas/L3_CH2_Singlet_8q/Formal_EXP/L3_CH2_Singlet_8q_rotosolve_s2_20k/seed11111	14589	0	11	0.000623	0.000000	0.000000	0.000000	0.500000	11	1	10	4	7	63.64	rotosolve	CNOT(1->5)	RY(q=1) | RY(q=5) | RY(q=7) | CNOT(1->5)	RY(q=1,θ=+0.180) | RY(q=5,θ=-3.142) | RY(q=7,θ=+3.142) | CNOT(1->5)	"[""RY(q=1)"", ""RY(q=5)"", ""RY(q=7)"", ""CNOT(1->5)""]"
crlqas__L3_CH2_Singlet_8q__L3_CH2_Singlet_8q_rotosolve_s2_20k__seed11111__ep11739__snap0	/home/ubuntu/NeurIPS2026/PSQASBench/results/crlqas/L3_CH2_Singlet_8q/Formal_EXP/L3_CH2_Singlet_8q_rotosolve_s2_20k/seed11111	11739	0	7	0.000623	0.000000	0.000000	0.000000	0.500000	7	2	5	4	3	42.86	rotosolve	CNOT(0->4)	RY(q=4) | RY(q=6) | RY(q=0) | CNOT(0->4)	RY(q=4,θ=-3.142) | RY(q=6,θ=+3.142) | RY(q=0,θ=+0.180) | CNOT(0->4)	"[""RY(q=4)"", ""RY(q=6)"", ""RY(q=0)"", ""CNOT(0->4)""]"
crlqas__L3_CH2_Singlet_8q__L3_CH2_Singlet_8q_rotosolve_s2_20k__seed11111__ep11818__snap0	/home/ubuntu/NeurIPS2026/PSQASBench/results/crlqas/L3_CH2_Singlet_8q/Formal_EXP/L3_CH2_Singlet_8q_rotosolve_s2_20k/seed11111	11818	0	5	0.000623	0.000000	0.000000	0.000000	0.500000	5	1	4	4	1	20.00	rotosolve	CNOT(0->4)	RX(q=6) | RY(q=4) | RY(q=0) | CNOT(0->4)	RX(q=6,θ=+3.142) | RY(q=4,θ=-3.142) | RY(q=0,θ=+0.180) | CNOT(0->4)	"[""RX(q=6)"", ""RY(q=4)"", ""RY(q=0)"", ""CNOT(0->4)""]"
crlqas__L3_CH2_Singlet_8q__L3_CH2_Singlet_8q_rotosolve_s2_20k__seed11111__ep14857__snap0	/home/ubuntu/NeurIPS2026/PSQASBench/results/crlqas/L3_CH2_Singlet_8q/Formal_EXP/L3_CH2_Singlet_8q_rotosolve_s2_20k/seed11111	14857	0	4	0.000623	0.000000	0.000000	0.000000	0.500000	4	2	2	4	0	0.00	rotosolve	CNOT(1->5)	RY(q=5) | RY(q=1) | RX(q=7) | CNOT(1->5)	RY(q=5,θ=-3.142) | RY(q=1,θ=+0.180) | RX(q=7,θ=+3.142) | CNOT(1->5)	"[""RY(q=5)"", ""RY(q=1)"", ""RX(q=7)"", ""CNOT(1->5)""]"
crlqas__L3_CH2_Singlet_8q__L3_CH2_Singlet_8q_rotosolve_s2_20k__seed11111__ep18602__snap0	/home/ubuntu/NeurIPS2026/PSQASBench/results/crlqas/L3_CH2_Singlet_8q/Formal_EXP/L3_CH2_Singlet_8q_rotosolve_s2_20k/seed11111	18602	0	5	0.000623	0.000000	0.000000	0.000000	0.500000	5	2	3	4	1	20.00	rotosolve	CNOT(1->5)	RY(q=1) | RY(q=5) | RX(q=7) | CNOT(1->5)	RY(q=1,θ=+0.180) | RY(q=5,θ=-3.142) | RX(q=7,θ=+3.142) | CNOT(1->5)	"[""RY(q=1)"", ""RY(q=5)"", ""RX(q=7)"", ""CNOT(1->5)""]"
crlqas__L3_CH2_Singlet_8q__L3_CH2_Singlet_8q_rotosolve_s2_20k__seed11111__ep13238__snap0	/home/ubuntu/NeurIPS2026/PSQASBench/results/crlqas/L3_CH2_Singlet_8q/Formal_EXP/L3_CH2_Singlet_8q_rotosolve_s2_20k/seed11111	13238	0	8	0.000623	0.000000	0.000000	0.000000	0.500000	8	1	7	4	4	50.00	rotosolve	CNOT(1->5)	RY(q=1) | RY(q=7) | RY(q=5) | CNOT(1->5)	RY(q=1,θ=+0.180) | RY(q=7,θ=+3.142) | RY(q=5,θ=-3.142) | CNOT(1->5)	"[""RY(q=1)"", ""RY(q=7)"", ""RY(q=5)"", ""CNOT(1->5)""]"
crlqas__L3_CH2_Singlet_8q__L3_CH2_Singlet_8q_rotosolve_s2_20k__seed11111__ep18264__snap0	/home/ubuntu/NeurIPS2026/PSQASBench/results/crlqas/L3_CH2_Singlet_8q/Formal_EXP/L3_CH2_Singlet_8q_rotosolve_s2_20k/seed11111	18264	0	6	0.000623	0.000000	0.000000	0.000000	0.500000	6	1	5	4	2	33.33	rotosolve	CNOT(1->5)	RY(q=1) | RY(q=7) | RY(q=5) | CNOT(1->5)	RY(q=1,θ=+0.180) | RY(q=7,θ=+3.142) | RY(q=5,θ=-3.142) | CNOT(1->5)	"[""RY(q=1)"", ""RY(q=7)"", ""RY(q=5)"", ""CNOT(1->5)""]"
crlqas__L3_CH2_Singlet_8q__L3_CH2_Singlet_8q_rotosolve_s2_20k__seed11111__ep13785__snap0	/home/ubuntu/NeurIPS2026/PSQASBench/results/crlqas/L3_CH2_Singlet_8q/Formal_EXP/L3_CH2_Singlet_8q_rotosolve_s2_20k/seed11111	13785	0	7	0.000623	0.000000	0.000000	0.000000	0.500000	7	1	6	4	3	42.86	rotosolve	CNOT(1->5)	RY(q=5) | RY(q=7) | RY(q=1) | CNOT(1->5)	RY(q=5,θ=-3.142) | RY(q=7,θ=+3.142) | RY(q=1,θ=+0.180) | CNOT(1->5)	"[""RY(q=5)"", ""RY(q=7)"", ""RY(q=1)"", ""CNOT(1->5)""]"
crlqas__L3_CH2_Singlet_8q__L3_CH2_Singlet_8q_rotosolve_s2_20k__seed11111__ep14156__snap0	/home/ubuntu/NeurIPS2026/PSQASBench/results/crlqas/L3_CH2_Singlet_8q/Formal_EXP/L3_CH2_Singlet_8q_rotosolve_s2_20k/seed11111	14156	0	7	0.000623	0.000000	0.000000	0.000000	0.500000	7	2	5	4	3	42.86	rotosolve	CNOT(1->5)	RY(q=1) | RY(q=5) | RX(q=7) | CNOT(1->5)	RY(q=1,θ=+0.180) | RY(q=5,θ=-3.142) | RX(q=7,θ=+3.142) | CNOT(1->5)	"[""RY(q=1)"", ""RY(q=5)"", ""RX(q=7)"", ""CNOT(1->5)""]"
crlqas__L3_CH2_Singlet_8q__L3_CH2_Singlet_8q_rotosolve_s2_20k__seed11111__ep10958__snap0	/home/ubuntu/NeurIPS2026/PSQASBench/results/crlqas/L3_CH2_Singlet_8q/Formal_EXP/L3_CH2_Singlet_8q_rotosolve_s2_20k/seed11111	10958	0	5	0.000623	0.000000	0.000000	0.000000	0.500000	5	1	4	4	1	20.00	rotosolve	CNOT(1->5)	RY(q=7) | RY(q=1) | RY(q=5) | CNOT(1->5)	RY(q=7,θ=+3.142) | RY(q=1,θ=+0.180) | RY(q=5,θ=-3.142) | CNOT(1->5)	"[""RY(q=7)"", ""RY(q=1)"", ""RY(q=5)"", ""CNOT(1->5)""]"
crlqas__L3_CH2_Singlet_8q__L3_CH2_Singlet_8q_rotosolve_s2_20k__seed11111__ep14378__snap0	/home/ubuntu/NeurIPS2026/PSQASBench/results/crlqas/L3_CH2_Singlet_8q/Formal_EXP/L3_CH2_Singlet_8q_rotosolve_s2_20k/seed11111	14378	0	10	0.000623	0.000000	0.000000	0.000000	0.500000	10	2	8	4	6	60.00	rotosolve	RY(q=7)	RY(q=1) | CNOT(1->5) | RY(q=5) | RY(q=7)	RY(q=1,θ=-0.180) | CNOT(1->5) | RY(q=5,θ=-3.142) | RY(q=7,θ=+3.142)	"[""RY(q=1)"", ""CNOT(1->5)"", ""RY(q=5)"", ""RY(q=7)""]"
crlqas__L3_CH2_Singlet_8q__L3_CH2_Singlet_8q_rotosolve_s2_20k__seed11111__ep10887__snap0	/home/ubuntu/NeurIPS2026/PSQASBench/results/crlqas/L3_CH2_Singlet_8q/Formal_EXP/L3_CH2_Singlet_8q_rotosolve_s2_20k/seed11111	10887	0	8	0.000623	0.000000	0.000000	0.000000	0.500000	8	2	6	4	4	50.00	rotosolve	CNOT(1->5)	RY(q=1) | RY(q=5) | RX(q=7) | CNOT(1->5)	RY(q=1,θ=+0.180) | RY(q=5,θ=-3.142) | RX(q=7,θ=+3.142) | CNOT(1->5)	"[""RY(q=1)"", ""RY(q=5)"", ""RX(q=7)"", ""CNOT(1->5)""]"
crlqas__L3_CH2_Singlet_8q__L3_CH2_Singlet_8q_rotosolve_s2_20k__seed11111__ep16450__snap0	/home/ubuntu/NeurIPS2026/PSQASBench/results/crlqas/L3_CH2_Singlet_8q/Formal_EXP/L3_CH2_Singlet_8q_rotosolve_s2_20k/seed11111	16450	0	7	0.000623	0.000000	0.000000	0.000000	0.500000	7	2	5	4	3	42.86	rotosolve	CNOT(1->5)	RY(q=1) | RY(q=5) | RX(q=7) | CNOT(1->5)	RY(q=1,θ=+0.180) | RY(q=5,θ=-3.142) | RX(q=7,θ=+3.142) | CNOT(1->5)	"[""RY(q=1)"", ""RY(q=5)"", ""RX(q=7)"", ""CNOT(1->5)""]"
crlqas__L3_CH2_Singlet_8q__L3_CH2_Singlet_8q_rotosolve_s2_20k__seed11111__ep11268__snap0	/home/ubuntu/NeurIPS2026/PSQASBench/results/crlqas/L3_CH2_Singlet_8q/Formal_EXP/L3_CH2_Singlet_8q_rotosolve_s2_20k/seed11111	11268	0	8	0.000623	0.000000	0.000000	0.000000	0.500000	8	1	7	4	4	50.00	rotosolve	CNOT(0->4)	RY(q=4) | RX(q=6) | RY(q=0) | CNOT(0->4)	RY(q=4,θ=-3.142) | RX(q=6,θ=+3.142) | RY(q=0,θ=+0.180) | CNOT(0->4)	"[""RY(q=4)"", ""RX(q=6)"", ""RY(q=0)"", ""CNOT(0->4)""]"
crlqas__L3_CH2_Singlet_8q__L3_CH2_Singlet_8q_rotosolve_s2_20k__seed11111__ep11370__snap0	/home/ubuntu/NeurIPS2026/PSQASBench/results/crlqas/L3_CH2_Singlet_8q/Formal_EXP/L3_CH2_Singlet_8q_rotosolve_s2_20k/seed11111	11370	0	6	0.000623	0.000000	0.000000	0.000000	0.500000	6	2	4	4	2	33.33	rotosolve	CNOT(1->5)	RY(q=1) | RY(q=5) | RX(q=7) | CNOT(1->5)	RY(q=1,θ=+0.180) | RY(q=5,θ=-3.142) | RX(q=7,θ=+3.142) | CNOT(1->5)	"[""RY(q=1)"", ""RY(q=5)"", ""RX(q=7)"", ""CNOT(1->5)""]"
crlqas__L3_CH2_Singlet_8q__L3_CH2_Singlet_8q_rotosolve_s2_20k__seed11111__ep13436__snap0	/home/ubuntu/NeurIPS2026/PSQASBench/results/crlqas/L3_CH2_Singlet_8q/Formal_EXP/L3_CH2_Singlet_8q_rotosolve_s2_20k/seed11111	13436	0	5	0.000623	0.000000	0.000000	0.000000	0.500000	5	2	3	4	1	20.00	rotosolve	CNOT(1->5)	RY(q=1) | RY(q=5) | RX(q=7) | CNOT(1->5)	RY(q=1,θ=+0.180) | RY(q=5,θ=-3.142) | RX(q=7,θ=+3.142) | CNOT(1->5)	"[""RY(q=1)"", ""RY(q=5)"", ""RX(q=7)"", ""CNOT(1->5)""]"
crlqas__L3_CH2_Singlet_8q__L3_CH2_Singlet_8q_rotosolve_s2_20k__seed11111__ep13931__snap0	/home/ubuntu/NeurIPS2026/PSQASBench/results/crlqas/L3_CH2_Singlet_8q/Formal_EXP/L3_CH2_Singlet_8q_rotosolve_s2_20k/seed11111	13931	0	4	0.000623	0.000000	0.000000	0.000000	0.500000	4	2	2	4	0	0.00	rotosolve	CNOT(1->5)	RX(q=5) | RY(q=1) | RX(q=7) | CNOT(1->5)	RX(q=5,θ=-3.142) | RY(q=1,θ=+0.180) | RX(q=7,θ=+3.142) | CNOT(1->5)	"[""RX(q=5)"", ""RY(q=1)"", ""RX(q=7)"", ""CNOT(1->5)""]"
crlqas__L3_CH2_Singlet_8q__L3_CH2_Singlet_8q_rotosolve_s2_20k__seed11111__ep14537__snap0	/home/ubuntu/NeurIPS2026/PSQASBench/results/crlqas/L3_CH2_Singlet_8q/Formal_EXP/L3_CH2_Singlet_8q_rotosolve_s2_20k/seed11111	14537	0	6	0.000623	0.000000	0.000000	0.000000	0.500000	6	2	4	4	2	33.33	rotosolve	CNOT(1->5)	RY(q=1) | RY(q=5) | RX(q=7) | CNOT(1->5)	RY(q=1,θ=+0.180) | RY(q=5,θ=-3.142) | RX(q=7,θ=+3.142) | CNOT(1->5)	"[""RY(q=1)"", ""RY(q=5)"", ""RX(q=7)"", ""CNOT(1->5)""]"
crlqas__L3_CH2_Singlet_8q__L3_CH2_Singlet_8q_rotosolve_s2_20k__seed11111__ep13268__snap0	/home/ubuntu/NeurIPS2026/PSQASBench/results/crlqas/L3_CH2_Singlet_8q/Formal_EXP/L3_CH2_Singlet_8q_rotosolve_s2_20k/seed11111	13268	0	6	0.000623	0.000000	0.000000	0.000000	0.500000	6	1	5	4	2	33.33	rotosolve	CNOT(1->5)	RY(q=5) | RY(q=1) | RY(q=7) | CNOT(1->5)	RY(q=5,θ=-3.142) | RY(q=1,θ=+0.180) | RY(q=7,θ=+3.142) | CNOT(1->5)	"[""RY(q=5)"", ""RY(q=1)"", ""RY(q=7)"", ""CNOT(1->5)""]"
crlqas__L3_CH2_Singlet_8q__L3_CH2_Singlet_8q_rotosolve_s2_20k__seed11111__ep16282__snap0	/home/ubuntu/NeurIPS2026/PSQASBench/results/crlqas/L3_CH2_Singlet_8q/Formal_EXP/L3_CH2_Singlet_8q_rotosolve_s2_20k/seed11111	16282	0	5	0.000623	0.000000	0.000000	0.000000	0.500000	5	1	4	4	1	20.00	rotosolve	CNOT(0->4)	RY(q=6) | RX(q=4) | RY(q=0) | CNOT(0->4)	RY(q=6,θ=+3.142) | RX(q=4,θ=-3.142) | RY(q=0,θ=+0.180) | CNOT(0->4)	"[""RY(q=6)"", ""RX(q=4)"", ""RY(q=0)"", ""CNOT(0->4)""]"
crlqas__L3_CH2_Singlet_8q__L3_CH2_Singlet_8q_rotosolve_s2_20k__seed11111__ep15317__snap0	/home/ubuntu/NeurIPS2026/PSQASBench/results/crlqas/L3_CH2_Singlet_8q/Formal_EXP/L3_CH2_Singlet_8q_rotosolve_s2_20k/seed11111	15317	0	5	0.000623	0.000000	0.000000	0.000000	0.500000	5	2	3	4	1	20.00	rotosolve	CNOT(1->5)	RY(q=1) | RY(q=5) | RX(q=7) | CNOT(1->5)	RY(q=1,θ=+0.180) | RY(q=5,θ=-3.142) | RX(q=7,θ=+3.142) | CNOT(1->5)	"[""RY(q=1)"", ""RY(q=5)"", ""RX(q=7)"", ""CNOT(1->5)""]"
crlqas__L3_CH2_Singlet_8q__L3_CH2_Singlet_8q_rotosolve_s2_20k__seed11111__ep14069__snap0	/home/ubuntu/NeurIPS2026/PSQASBench/results/crlqas/L3_CH2_Singlet_8q/Formal_EXP/L3_CH2_Singlet_8q_rotosolve_s2_20k/seed11111	14069	0	11	0.000623	0.000000	0.000000	0.000000	0.500000	11	2	9	5	6	54.55	rotosolve	CNOT(5->7)	RY(q=1) | CNOT(1->7) | RY(q=5) | CNOT(1->5) | CNOT(5->7)	RY(q=1,θ=+0.180) | CNOT(1->7) | RY(q=5,θ=-3.142) | CNOT(1->5) | CNOT(5->7)	"[""RY(q=1)"", ""CNOT(1->7)"", ""RY(q=5)"", ""CNOT(1->5)"", ""CNOT(5->7)""]"
crlqas__L3_CH2_Singlet_8q__L3_CH2_Singlet_8q_rotosolve_s2_20k__seed11111__ep14897__snap0	/home/ubuntu/NeurIPS2026/PSQASBench/results/crlqas/L3_CH2_Singlet_8q/Formal_EXP/L3_CH2_Singlet_8q_rotosolve_s2_20k/seed11111	14897	0	6	0.000623	0.000000	0.000000	0.000000	0.500000	6	2	4	4	2	33.33	rotosolve	CNOT(1->5)	RY(q=1) | RY(q=5) | RX(q=7) | CNOT(1->5)	RY(q=1,θ=+0.180) | RY(q=5,θ=-3.142) | RX(q=7,θ=+3.142) | CNOT(1->5)	"[""RY(q=1)"", ""RY(q=5)"", ""RX(q=7)"", ""CNOT(1->5)""]"
crlqas__L3_CH2_Singlet_8q__L3_CH2_Singlet_8q_rotosolve_s2_20k__seed11111__ep11224__snap0	/home/ubuntu/NeurIPS2026/PSQASBench/results/crlqas/L3_CH2_Singlet_8q/Formal_EXP/L3_CH2_Singlet_8q_rotosolve_s2_20k/seed11111	11224	0	5	0.000623	0.000000	0.000000	0.000000	0.500000	5	2	3	4	1	20.00	rotosolve	CNOT(1->5)	RX(q=7) | RY(q=1) | RY(q=5) | CNOT(1->5)	RX(q=7,θ=+3.142) | RY(q=1,θ=+0.180) | RY(q=5,θ=-3.142) | CNOT(1->5)	"[""RX(q=7)"", ""RY(q=1)"", ""RY(q=5)"", ""CNOT(1->5)""]"
crlqas__L3_CH2_Singlet_8q__L3_CH2_Singlet_8q_rotosolve_s2_20k__seed11111__ep19212__snap0	/home/ubuntu/NeurIPS2026/PSQASBench/results/crlqas/L3_CH2_Singlet_8q/Formal_EXP/L3_CH2_Singlet_8q_rotosolve_s2_20k/seed11111	19212	0	5	0.000623	0.000000	0.000000	0.000000	0.500000	5	2	3	4	1	20.00	rotosolve	CNOT(1->5)	RY(q=1) | RY(q=5) | RX(q=7) | CNOT(1->5)	RY(q=1,θ=+0.180) | RY(q=5,θ=-3.142) | RX(q=7,θ=+3.142) | CNOT(1->5)	"[""RY(q=1)"", ""RY(q=5)"", ""RX(q=7)"", ""CNOT(1->5)""]"
crlqas__L3_CH2_Singlet_8q__L3_CH2_Singlet_8q_rotosolve_s2_20k__seed11111__ep15104__snap0	/home/ubuntu/NeurIPS2026/PSQASBench/results/crlqas/L3_CH2_Singlet_8q/Formal_EXP/L3_CH2_Singlet_8q_rotosolve_s2_20k/seed11111	15104	0	5	0.000623	0.000000	0.000000	0.000000	0.500000	5	2	3	4	1	20.00	rotosolve	CNOT(1->5)	RY(q=1) | RX(q=7) | RY(q=5) | CNOT(1->5)	RY(q=1,θ=+0.180) | RX(q=7,θ=+3.142) | RY(q=5,θ=-3.142) | CNOT(1->5)	"[""RY(q=1)"", ""RX(q=7)"", ""RY(q=5)"", ""CNOT(1->5)""]"
crlqas__L3_CH2_Singlet_8q__L3_CH2_Singlet_8q_rotosolve_s2_20k__seed11111__ep10799__snap0	/home/ubuntu/NeurIPS2026/PSQASBench/results/crlqas/L3_CH2_Singlet_8q/Formal_EXP/L3_CH2_Singlet_8q_rotosolve_s2_20k/seed11111	10799	0	6	0.000623	0.000000	0.000000	0.000000	0.500000	6	1	5	4	2	33.33	rotosolve	CNOT(0->4)	RY(q=4) | RY(q=0) | RX(q=6) | CNOT(0->4)	RY(q=4,θ=-3.142) | RY(q=0,θ=+0.180) | RX(q=6,θ=+3.142) | CNOT(0->4)	"[""RY(q=4)"", ""RY(q=0)"", ""RX(q=6)"", ""CNOT(0->4)""]"
crlqas__L3_CH2_Singlet_8q__L3_CH2_Singlet_8q_rotosolve_s2_20k__seed11111__ep14555__snap0	/home/ubuntu/NeurIPS2026/PSQASBench/results/crlqas/L3_CH2_Singlet_8q/Formal_EXP/L3_CH2_Singlet_8q_rotosolve_s2_20k/seed11111	14555	0	8	0.000623	0.000000	0.000000	0.000000	0.500000	8	1	7	4	4	50.00	rotosolve	CNOT(1->5)	RY(q=5) | RY(q=1) | RY(q=7) | CNOT(1->5)	RY(q=5,θ=-3.142) | RY(q=1,θ=+0.180) | RY(q=7,θ=+3.142) | CNOT(1->5)	"[""RY(q=5)"", ""RY(q=1)"", ""RY(q=7)"", ""CNOT(1->5)""]"
crlqas__L3_CH2_Singlet_8q__L3_CH2_Singlet_8q_rotosolve_s2_20k__seed11111__ep16093__snap0	/home/ubuntu/NeurIPS2026/PSQASBench/results/crlqas/L3_CH2_Singlet_8q/Formal_EXP/L3_CH2_Singlet_8q_rotosolve_s2_20k/seed11111	16093	0	5	0.000623	0.000000	0.000000	0.000000	0.500000	5	2	3	4	1	20.00	rotosolve	CNOT(1->5)	RY(q=1) | RY(q=5) | RX(q=7) | CNOT(1->5)	RY(q=1,θ=+0.180) | RY(q=5,θ=-3.142) | RX(q=7,θ=+3.142) | CNOT(1->5)	"[""RY(q=1)"", ""RY(q=5)"", ""RX(q=7)"", ""CNOT(1->5)""]"
crlqas__L3_CH2_Singlet_8q__L3_CH2_Singlet_8q_rotosolve_s2_20k__seed11111__ep14496__snap0	/home/ubuntu/NeurIPS2026/PSQASBench/results/crlqas/L3_CH2_Singlet_8q/Formal_EXP/L3_CH2_Singlet_8q_rotosolve_s2_20k/seed11111	14496	0	7	0.000623	0.000000	0.000000	0.000000	0.500000	7	1	6	4	3	42.86	rotosolve	CNOT(1->5)	RY(q=1) | RY(q=5) | CNOT(5->7) | CNOT(1->5)	RY(q=1,θ=+0.180) | RY(q=5,θ=-3.142) | CNOT(5->7) | CNOT(1->5)	"[""RY(q=1)"", ""RY(q=5)"", ""CNOT(5->7)"", ""CNOT(1->5)""]"
crlqas__L3_CH2_Singlet_8q__L3_CH2_Singlet_8q_rotosolve_s2_20k__seed11111__ep13544__snap0	/home/ubuntu/NeurIPS2026/PSQASBench/results/crlqas/L3_CH2_Singlet_8q/Formal_EXP/L3_CH2_Singlet_8q_rotosolve_s2_20k/seed11111	13544	0	6	0.000623	0.000000	0.000000	0.000000	0.500000	6	1	5	4	2	33.33	rotosolve	CNOT(1->5)	RY(q=5) | RY(q=1) | RY(q=7) | CNOT(1->5)	RY(q=5,θ=-3.142) | RY(q=1,θ=+0.180) | RY(q=7,θ=+3.142) | CNOT(1->5)	"[""RY(q=5)"", ""RY(q=1)"", ""RY(q=7)"", ""CNOT(1->5)""]"
crlqas__L3_CH2_Singlet_8q__L3_CH2_Singlet_8q_rotosolve_s2_20k__seed11111__ep19295__snap0	/home/ubuntu/NeurIPS2026/PSQASBench/results/crlqas/L3_CH2_Singlet_8q/Formal_EXP/L3_CH2_Singlet_8q_rotosolve_s2_20k/seed11111	19295	0	5	0.000623	0.000000	0.000000	0.000000	0.500000	5	2	3	4	1	20.00	rotosolve	CNOT(1->5)	RY(q=1) | RX(q=5) | RX(q=7) | CNOT(1->5)	RY(q=1,θ=+0.180) | RX(q=5,θ=-3.142) | RX(q=7,θ=+3.142) | CNOT(1->5)	"[""RY(q=1)"", ""RX(q=5)"", ""RX(q=7)"", ""CNOT(1->5)""]"
crlqas__L3_CH2_Singlet_8q__L3_CH2_Singlet_8q_rotosolve_s2_20k__seed11111__ep16626__snap0	/home/ubuntu/NeurIPS2026/PSQASBench/results/crlqas/L3_CH2_Singlet_8q/Formal_EXP/L3_CH2_Singlet_8q_rotosolve_s2_20k/seed11111	16626	0	5	0.000623	0.000000	0.000000	0.000000	0.500000	5	1	4	4	1	20.00	rotosolve	CNOT(1->5)	RY(q=7) | RY(q=1) | RY(q=5) | CNOT(1->5)	RY(q=7,θ=+3.142) | RY(q=1,θ=+0.180) | RY(q=5,θ=-3.142) | CNOT(1->5)	"[""RY(q=7)"", ""RY(q=1)"", ""RY(q=5)"", ""CNOT(1->5)""]"
crlqas__L3_CH2_Singlet_8q__L3_CH2_Singlet_8q_rotosolve_s2_20k__seed11111__ep12666__snap0	/home/ubuntu/NeurIPS2026/PSQASBench/results/crlqas/L3_CH2_Singlet_8q/Formal_EXP/L3_CH2_Singlet_8q_rotosolve_s2_20k/seed11111	12666	0	5	0.000623	0.000000	0.000000	0.000000	0.500000	5	1	4	4	1	20.00	rotosolve	CNOT(1->5)	RY(q=1) | RY(q=7) | RY(q=5) | CNOT(1->5)	RY(q=1,θ=+0.180) | RY(q=7,θ=+3.142) | RY(q=5,θ=-3.142) | CNOT(1->5)	"[""RY(q=1)"", ""RY(q=7)"", ""RY(q=5)"", ""CNOT(1->5)""]"
crlqas__L3_CH2_Singlet_8q__L3_CH2_Singlet_8q_rotosolve_s2_20k__seed11111__ep10242__snap0	/home/ubuntu/NeurIPS2026/PSQASBench/results/crlqas/L3_CH2_Singlet_8q/Formal_EXP/L3_CH2_Singlet_8q_rotosolve_s2_20k/seed11111	10242	0	7	0.000623	0.000000	0.000000	0.000000	0.500000	7	2	5	4	3	42.86	rotosolve	CNOT(1->5)	RY(q=5) | RY(q=1) | RX(q=7) | CNOT(1->5)	RY(q=5,θ=-3.142) | RY(q=1,θ=+0.180) | RX(q=7,θ=+3.142) | CNOT(1->5)	"[""RY(q=5)"", ""RY(q=1)"", ""RX(q=7)"", ""CNOT(1->5)""]"
crlqas__L3_CH2_Singlet_8q__L3_CH2_Singlet_8q_rotosolve_s2_20k__seed11111__ep15880__snap0	/home/ubuntu/NeurIPS2026/PSQASBench/results/crlqas/L3_CH2_Singlet_8q/Formal_EXP/L3_CH2_Singlet_8q_rotosolve_s2_20k/seed11111	15880	0	6	0.000623	0.000000	0.000000	0.000000	0.500000	6	2	4	4	2	33.33	rotosolve	CNOT(1->5)	RY(q=1) | RY(q=5) | RX(q=7) | CNOT(1->5)	RY(q=1,θ=+0.180) | RY(q=5,θ=-3.142) | RX(q=7,θ=+3.142) | CNOT(1->5)	"[""RY(q=1)"", ""RY(q=5)"", ""RX(q=7)"", ""CNOT(1->5)""]"
crlqas__L3_CH2_Singlet_8q__L3_CH2_Singlet_8q_rotosolve_s2_20k__seed11111__ep14282__snap0	/home/ubuntu/NeurIPS2026/PSQASBench/results/crlqas/L3_CH2_Singlet_8q/Formal_EXP/L3_CH2_Singlet_8q_rotosolve_s2_20k/seed11111	14282	0	5	0.000623	0.000000	0.000000	0.000000	0.500000	5	1	4	4	1	20.00	rotosolve	CNOT(1->5)	RY(q=1) | RY(q=7) | RY(q=5) | CNOT(1->5)	RY(q=1,θ=+0.180) | RY(q=7,θ=+3.142) | RY(q=5,θ=-3.142) | CNOT(1->5)	"[""RY(q=1)"", ""RY(q=7)"", ""RY(q=5)"", ""CNOT(1->5)""]"
crlqas__L3_CH2_Singlet_8q__L3_CH2_Singlet_8q_rotosolve_s2_20k__seed11111__ep15420__snap0	/home/ubuntu/NeurIPS2026/PSQASBench/results/crlqas/L3_CH2_Singlet_8q/Formal_EXP/L3_CH2_Singlet_8q_rotosolve_s2_20k/seed11111	15420	0	4	0.000623	0.000000	0.000000	0.000000	0.500000	4	2	2	4	0	0.00	rotosolve	CNOT(1->5)	RX(q=7) | RY(q=1) | RY(q=5) | CNOT(1->5)	RX(q=7,θ=-3.142) | RY(q=1,θ=+0.180) | RY(q=5,θ=-3.142) | CNOT(1->5)	"[""RX(q=7)"", ""RY(q=1)"", ""RY(q=5)"", ""CNOT(1->5)""]"
crlqas__L3_CH2_Singlet_8q__L3_CH2_Singlet_8q_rotosolve_s2_20k__seed11111__ep10932__snap0	/home/ubuntu/NeurIPS2026/PSQASBench/results/crlqas/L3_CH2_Singlet_8q/Formal_EXP/L3_CH2_Singlet_8q_rotosolve_s2_20k/seed11111	10932	0	6	0.000623	0.000000	0.000000	0.000000	0.500000	6	2	4	4	2	33.33	rotosolve	CNOT(1->5)	RY(q=1) | RY(q=5) | RX(q=7) | CNOT(1->5)	RY(q=1,θ=+0.180) | RY(q=5,θ=-3.142) | RX(q=7,θ=+3.142) | CNOT(1->5)	"[""RY(q=1)"", ""RY(q=5)"", ""RX(q=7)"", ""CNOT(1->5)""]"
crlqas__L3_CH2_Singlet_8q__L3_CH2_Singlet_8q_rotosolve_s2_20k__seed11111__ep19471__snap0	/home/ubuntu/NeurIPS2026/PSQASBench/results/crlqas/L3_CH2_Singlet_8q/Formal_EXP/L3_CH2_Singlet_8q_rotosolve_s2_20k/seed11111	19471	0	4	0.000623	0.000000	0.000000	0.000000	0.500000	4	2	2	4	0	0.00	rotosolve	CNOT(1->5)	RY(q=1) | RY(q=5) | RX(q=7) | CNOT(1->5)	RY(q=1,θ=+0.180) | RY(q=5,θ=-3.142) | RX(q=7,θ=+3.142) | CNOT(1->5)	"[""RY(q=1)"", ""RY(q=5)"", ""RX(q=7)"", ""CNOT(1->5)""]"
crlqas__L3_CH2_Singlet_8q__L3_CH2_Singlet_8q_rotosolve_s2_20k__seed11111__ep16552__snap0	/home/ubuntu/NeurIPS2026/PSQASBench/results/crlqas/L3_CH2_Singlet_8q/Formal_EXP/L3_CH2_Singlet_8q_rotosolve_s2_20k/seed11111	16552	0	6	0.000623	0.000000	0.000000	0.000000	0.500000	6	1	5	4	2	33.33	rotosolve	CNOT(1->5)	RY(q=1) | RY(q=7) | RY(q=5) | CNOT(1->5)	RY(q=1,θ=+0.180) | RY(q=7,θ=+3.142) | RY(q=5,θ=-3.142) | CNOT(1->5)	"[""RY(q=1)"", ""RY(q=7)"", ""RY(q=5)"", ""CNOT(1->5)""]"
crlqas__L3_CH2_Singlet_8q__L3_CH2_Singlet_8q_rotosolve_s2_20k__seed11111__ep19975__snap0	/home/ubuntu/NeurIPS2026/PSQASBench/results/crlqas/L3_CH2_Singlet_8q/Formal_EXP/L3_CH2_Singlet_8q_rotosolve_s2_20k/seed11111	19975	0	6	0.000623	0.000000	0.000000	0.000000	0.500000	6	2	4	4	2	33.33	rotosolve	CNOT(1->5)	RY(q=1) | RX(q=7) | RY(q=5) | CNOT(1->5)	RY(q=1,θ=+0.180) | RX(q=7,θ=+3.142) | RY(q=5,θ=-3.142) | CNOT(1->5)	"[""RY(q=1)"", ""RX(q=7)"", ""RY(q=5)"", ""CNOT(1->5)""]"
crlqas__L3_CH2_Singlet_8q__L3_CH2_Singlet_8q_rotosolve_s2_20k__seed11111__ep13687__snap0	/home/ubuntu/NeurIPS2026/PSQASBench/results/crlqas/L3_CH2_Singlet_8q/Formal_EXP/L3_CH2_Singlet_8q_rotosolve_s2_20k/seed11111	13687	0	6	0.000623	0.000000	0.000000	0.000000	0.500000	6	1	5	4	2	33.33	rotosolve	CNOT(1->5)	RY(q=1) | RY(q=7) | RY(q=5) | CNOT(1->5)	RY(q=1,θ=+0.180) | RY(q=7,θ=+3.142) | RY(q=5,θ=-3.142) | CNOT(1->5)	"[""RY(q=1)"", ""RY(q=7)"", ""RY(q=5)"", ""CNOT(1->5)""]"
crlqas__L3_CH2_Singlet_8q__L3_CH2_Singlet_8q_rotosolve_s2_20k__seed11111__ep12806__snap0	/home/ubuntu/NeurIPS2026/PSQASBench/results/crlqas/L3_CH2_Singlet_8q/Formal_EXP/L3_CH2_Singlet_8q_rotosolve_s2_20k/seed11111	12806	0	5	0.000623	0.000000	0.000000	0.000000	0.500000	5	2	3	4	1	20.00	rotosolve	CNOT(1->5)	RY(q=1) | RY(q=5) | RX(q=7) | CNOT(1->5)	RY(q=1,θ=+0.180) | RY(q=5,θ=-3.142) | RX(q=7,θ=+3.142) | CNOT(1->5)	"[""RY(q=1)"", ""RY(q=5)"", ""RX(q=7)"", ""CNOT(1->5)""]"
crlqas__L3_CH2_Singlet_8q__L3_CH2_Singlet_8q_rotosolve_s2_20k__seed11111__ep18092__snap0	/home/ubuntu/NeurIPS2026/PSQASBench/results/crlqas/L3_CH2_Singlet_8q/Formal_EXP/L3_CH2_Singlet_8q_rotosolve_s2_20k/seed11111	18092	0	5	0.000623	0.000000	0.000000	0.000000	0.500000	5	2	3	4	1	20.00	rotosolve	CNOT(1->5)	RY(q=1) | RY(q=5) | RX(q=7) | CNOT(1->5)	RY(q=1,θ=+0.180) | RY(q=5,θ=-3.142) | RX(q=7,θ=+3.142) | CNOT(1->5)	"[""RY(q=1)"", ""RY(q=5)"", ""RX(q=7)"", ""CNOT(1->5)""]"
crlqas__L3_CH2_Singlet_8q__L3_CH2_Singlet_8q_rotosolve_s2_20k__seed11111__ep17858__snap0	/home/ubuntu/NeurIPS2026/PSQASBench/results/crlqas/L3_CH2_Singlet_8q/Formal_EXP/L3_CH2_Singlet_8q_rotosolve_s2_20k/seed11111	17858	0	5	0.000623	0.000000	0.000000	0.000000	0.500000	5	2	3	4	1	20.00	rotosolve	CNOT(1->5)	RY(q=1) | RY(q=5) | RX(q=7) | CNOT(1->5)	RY(q=1,θ=+0.180) | RY(q=5,θ=-3.142) | RX(q=7,θ=+3.142) | CNOT(1->5)	"[""RY(q=1)"", ""RY(q=5)"", ""RX(q=7)"", ""CNOT(1->5)""]"
crlqas__L3_CH2_Singlet_8q__L3_CH2_Singlet_8q_rotosolve_s2_20k__seed11111__ep19729__snap0	/home/ubuntu/NeurIPS2026/PSQASBench/results/crlqas/L3_CH2_Singlet_8q/Formal_EXP/L3_CH2_Singlet_8q_rotosolve_s2_20k/seed11111	19729	0	7	0.000623	0.000000	0.000000	0.000000	0.500000	7	2	5	4	3	42.86	rotosolve	CNOT(1->5)	RY(q=1) | RY(q=5) | RX(q=7) | CNOT(1->5)	RY(q=1,θ=+0.180) | RY(q=5,θ=-3.142) | RX(q=7,θ=+3.142) | CNOT(1->5)	"[""RY(q=1)"", ""RY(q=5)"", ""RX(q=7)"", ""CNOT(1->5)""]"
crlqas__L3_CH2_Singlet_8q__L3_CH2_Singlet_8q_rotosolve_s2_20k__seed11111__ep14215__snap0	/home/ubuntu/NeurIPS2026/PSQASBench/results/crlqas/L3_CH2_Singlet_8q/Formal_EXP/L3_CH2_Singlet_8q_rotosolve_s2_20k/seed11111	14215	0	6	0.000623	0.000000	0.000000	0.000000	0.500000	6	1	5	4	2	33.33	rotosolve	CNOT(1->5)	RY(q=1) | RX(q=5) | RY(q=7) | CNOT(1->5)	RY(q=1,θ=+0.180) | RX(q=5,θ=-3.142) | RY(q=7,θ=+3.142) | CNOT(1->5)	"[""RY(q=1)"", ""RX(q=5)"", ""RY(q=7)"", ""CNOT(1->5)""]"
crlqas__L3_CH2_Singlet_8q__L3_CH2_Singlet_8q_rotosolve_s2_20k__seed11111__ep16317__snap0	/home/ubuntu/NeurIPS2026/PSQASBench/results/crlqas/L3_CH2_Singlet_8q/Formal_EXP/L3_CH2_Singlet_8q_rotosolve_s2_20k/seed11111	16317	0	5	0.000623	0.000000	0.000000	0.000000	0.500000	5	2	3	4	1	20.00	rotosolve	CNOT(1->5)	RY(q=1) | RY(q=5) | RX(q=7) | CNOT(1->5)	RY(q=1,θ=+0.180) | RY(q=5,θ=-3.142) | RX(q=7,θ=+3.142) | CNOT(1->5)	"[""RY(q=1)"", ""RY(q=5)"", ""RX(q=7)"", ""CNOT(1->5)""]"
crlqas__L3_CH2_Singlet_8q__L3_CH2_Singlet_8q_rotosolve_s2_20k__seed11111__ep16946__snap0	/home/ubuntu/NeurIPS2026/PSQASBench/results/crlqas/L3_CH2_Singlet_8q/Formal_EXP/L3_CH2_Singlet_8q_rotosolve_s2_20k/seed11111	16946	0	7	0.000623	0.000000	0.000000	0.000000	0.500000	7	1	6	4	3	42.86	rotosolve	CNOT(0->4)	RY(q=4) | RX(q=6) | RY(q=0) | CNOT(0->4)	RY(q=4,θ=-3.142) | RX(q=6,θ=+3.142) | RY(q=0,θ=+0.180) | CNOT(0->4)	"[""RY(q=4)"", ""RX(q=6)"", ""RY(q=0)"", ""CNOT(0->4)""]"
crlqas__L3_CH2_Singlet_8q__L3_CH2_Singlet_8q_rotosolve_s2_20k__seed11111__ep13118__snap0	/home/ubuntu/NeurIPS2026/PSQASBench/results/crlqas/L3_CH2_Singlet_8q/Formal_EXP/L3_CH2_Singlet_8q_rotosolve_s2_20k/seed11111	13118	0	8	0.000623	0.000000	0.000000	0.000000	0.500000	8	3	5	4	4	50.00	rotosolve	CNOT(1->5)	RY(q=5) | RY(q=1) | RX(q=7) | CNOT(1->5)	RY(q=5,θ=-3.142) | RY(q=1,θ=+0.180) | RX(q=7,θ=+3.142) | CNOT(1->5)	"[""RY(q=5)"", ""RY(q=1)"", ""RX(q=7)"", ""CNOT(1->5)""]"
crlqas__L3_CH2_Singlet_8q__L3_CH2_Singlet_8q_rotosolve_s2_20k__seed11111__ep13699__snap0	/home/ubuntu/NeurIPS2026/PSQASBench/results/crlqas/L3_CH2_Singlet_8q/Formal_EXP/L3_CH2_Singlet_8q_rotosolve_s2_20k/seed11111	13699	0	6	0.000623	0.000000	0.000000	0.000000	0.500000	6	2	4	4	2	33.33	rotosolve	CNOT(1->5)	RY(q=1) | RY(q=5) | RX(q=7) | CNOT(1->5)	RY(q=1,θ=+0.180) | RY(q=5,θ=-3.142) | RX(q=7,θ=+3.142) | CNOT(1->5)	"[""RY(q=1)"", ""RY(q=5)"", ""RX(q=7)"", ""CNOT(1->5)""]"
crlqas__L3_CH2_Singlet_8q__L3_CH2_Singlet_8q_rotosolve_s2_20k__seed11111__ep13820__snap0	/home/ubuntu/NeurIPS2026/PSQASBench/results/crlqas/L3_CH2_Singlet_8q/Formal_EXP/L3_CH2_Singlet_8q_rotosolve_s2_20k/seed11111	13820	0	56	0.000623	0.000000	0.000000	0.000000	0.500000	56	4	52	34	22	39.29	rotosolve	CNOT(1->5)	RY(q=5) | RX(q=7) | CNOT(7->2) | CNOT(7->2) | CNOT(7->2) | CNOT(7->2) | RZ(q=6) | RZ(q=1) | CNOT(0->6) | CNOT(2->3) | RZ(q=3) | RZ(q=1) | RY(q=1) | CNOT(0->4) | CNOT(2->4) | CNOT(2->4) | CNOT(2->4) | CNOT(2->4) | CNOT(2->4) | CNOT(0->2) | RX(q=4) | RX(q=4) | RX(q=4) | CNOT(3->2) | CNOT(7->3) | RX(q=4) | CNOT(0->7) | RX(q=0) | RX(q=6) | RX(q=6) | RX(q=6) | RX(q=6) | CNOT(5->3) | CNOT(1->5)	RY(q=5,θ=-3.142) | RX(q=7,θ=-3.142) | CNOT(7->2) | CNOT(7->2) | CNOT(7->2) | CNOT(7->2) | RZ(q=6,θ=-3.142) | RZ(q=1,θ=-3.142) | CNOT(0->6) | CNOT(2->3) | RZ(q=3,θ=-3.142) | RZ(q=1,θ=-3.142) | RY(q=1,θ=+0.180) | CNOT(0->4) | CNOT(2->4) | CNOT(2->4) | CNOT(2->4) | CNOT(2->4) | CNOT(2->4) | CNOT(0->2) | RX(q=4,θ=+0.000) | RX(q=4,θ=+3.142) | RX(q=4,θ=+3.142) | CNOT(3->2) | CNOT(7->3) | RX(q=4,θ=-0.000) | CNOT(0->7) | RX(q=0,θ=-0.000) | RX(q=6,θ=-0.000) | RX(q=6,θ=-0.000) | RX(q=6,θ=-0.000) | RX(q=6,θ=-0.000) | CNOT(5->3) | CNOT(1->5)	"[""RY(q=5)"", ""RX(q=7)"", ""CNOT(7->2)"", ""CNOT(7->2)"", ""CNOT(7->2)"", ""CNOT(7->2)"", ""RZ(q=6)"", ""RZ(q=1)"", ""CNOT(0->6)"", ""CNOT(2->3)"", ""RZ(q=3)"", ""RZ(q=1)"", ""RY(q=1)"", ""CNOT(0->4)"", ""CNOT(2->4)"", ""CNOT(2->4)"", ""CNOT(2->4)"", ""CNOT(2->4)"", ""CNOT(2->4)"", ""CNOT(0->2)"", ""RX(q=4)"", ""RX(q=4)"", ""RX(q=4)"", ""CNOT(3->2)"", ""CNOT(7->3)"", ""RX(q=4)"", ""CNOT(0->7)"", ""RX(q=0)"", ""RX(q=6)"", ""RX(q=6)"", ""RX(q=6)"", ""RX(q=6)"", ""CNOT(5->3)"", ""CNOT(1->5)""]"
crlqas__L3_CH2_Singlet_8q__L3_CH2_Singlet_8q_rotosolve_s2_20k__seed11111__ep11219__snap0	/home/ubuntu/NeurIPS2026/PSQASBench/results/crlqas/L3_CH2_Singlet_8q/Formal_EXP/L3_CH2_Singlet_8q_rotosolve_s2_20k/seed11111	11219	0	7	0.000623	0.000000	0.000000	0.000000	0.500000	7	2	5	4	3	42.86	rotosolve	CNOT(1->5)	RY(q=1) | RY(q=5) | RX(q=7) | CNOT(1->5)	RY(q=1,θ=+0.180) | RY(q=5,θ=-3.142) | RX(q=7,θ=+3.142) | CNOT(1->5)	"[""RY(q=1)"", ""RY(q=5)"", ""RX(q=7)"", ""CNOT(1->5)""]"
crlqas__L3_CH2_Singlet_8q__L3_CH2_Singlet_8q_rotosolve_s2_20k__seed11111__ep18630__snap0	/home/ubuntu/NeurIPS2026/PSQASBench/results/crlqas/L3_CH2_Singlet_8q/Formal_EXP/L3_CH2_Singlet_8q_rotosolve_s2_20k/seed11111	18630	0	6	0.000623	0.000000	0.000000	0.000000	0.500000	6	1	5	4	2	33.33	rotosolve	CNOT(1->5)	RY(q=1) | RY(q=5) | RY(q=7) | CNOT(1->5)	RY(q=1,θ=+0.180) | RY(q=5,θ=-3.142) | RY(q=7,θ=+3.142) | CNOT(1->5)	"[""RY(q=1)"", ""RY(q=5)"", ""RY(q=7)"", ""CNOT(1->5)""]"
crlqas__L3_CH2_Singlet_8q__L3_CH2_Singlet_8q_rotosolve_s2_20k__seed11111__ep18041__snap0	/home/ubuntu/NeurIPS2026/PSQASBench/results/crlqas/L3_CH2_Singlet_8q/Formal_EXP/L3_CH2_Singlet_8q_rotosolve_s2_20k/seed11111	18041	0	5	0.000623	0.000000	0.000000	0.000000	0.500000	5	1	4	4	1	20.00	rotosolve	CNOT(1->5)	RY(q=1) | RY(q=7) | RY(q=5) | CNOT(1->5)	RY(q=1,θ=+0.180) | RY(q=7,θ=+3.142) | RY(q=5,θ=-3.142) | CNOT(1->5)	"[""RY(q=1)"", ""RY(q=7)"", ""RY(q=5)"", ""CNOT(1->5)""]"
crlqas__L3_CH2_Singlet_8q__L3_CH2_Singlet_8q_rotosolve_s2_20k__seed11111__ep12222__snap0	/home/ubuntu/NeurIPS2026/PSQASBench/results/crlqas/L3_CH2_Singlet_8q/Formal_EXP/L3_CH2_Singlet_8q_rotosolve_s2_20k/seed11111	12222	0	9	0.000623	0.000000	0.000000	0.000000	0.500000	9	1	8	4	5	55.56	rotosolve	CNOT(1->5)	RY(q=1) | RY(q=7) | RY(q=5) | CNOT(1->5)	RY(q=1,θ=+0.180) | RY(q=7,θ=+3.142) | RY(q=5,θ=-3.142) | CNOT(1->5)	"[""RY(q=1)"", ""RY(q=7)"", ""RY(q=5)"", ""CNOT(1->5)""]"
crlqas__L3_CH2_Singlet_8q__L3_CH2_Singlet_8q_rotosolve_s2_20k__seed11111__ep18144__snap0	/home/ubuntu/NeurIPS2026/PSQASBench/results/crlqas/L3_CH2_Singlet_8q/Formal_EXP/L3_CH2_Singlet_8q_rotosolve_s2_20k/seed11111	18144	0	5	0.000623	0.000000	0.000000	0.000000	0.500000	5	2	3	4	1	20.00	rotosolve	CNOT(1->5)	RY(q=1) | RY(q=5) | RX(q=7) | CNOT(1->5)	RY(q=1,θ=+0.180) | RY(q=5,θ=-3.142) | RX(q=7,θ=+3.142) | CNOT(1->5)	"[""RY(q=1)"", ""RY(q=5)"", ""RX(q=7)"", ""CNOT(1->5)""]"
crlqas__L3_CH2_Singlet_8q__L3_CH2_Singlet_8q_rotosolve_s2_20k__seed11111__ep19927__snap0	/home/ubuntu/NeurIPS2026/PSQASBench/results/crlqas/L3_CH2_Singlet_8q/Formal_EXP/L3_CH2_Singlet_8q_rotosolve_s2_20k/seed11111	19927	0	6	0.000623	0.000000	0.000000	0.000000	0.500000	6	3	3	4	2	33.33	rotosolve	CNOT(1->5)	RY(q=1) | RX(q=7) | RY(q=5) | CNOT(1->5)	RY(q=1,θ=+0.180) | RX(q=7,θ=+3.142) | RY(q=5,θ=-3.142) | CNOT(1->5)	"[""RY(q=1)"", ""RX(q=7)"", ""RY(q=5)"", ""CNOT(1->5)""]"
crlqas__L3_CH2_Singlet_8q__L3_CH2_Singlet_8q_rotosolve_s2_20k__seed11111__ep18209__snap0	/home/ubuntu/NeurIPS2026/PSQASBench/results/crlqas/L3_CH2_Singlet_8q/Formal_EXP/L3_CH2_Singlet_8q_rotosolve_s2_20k/seed11111	18209	0	6	0.000623	0.000000	0.000000	0.000000	0.500000	6	2	4	4	2	33.33	rotosolve	CNOT(1->5)	RY(q=1) | RY(q=5) | RX(q=7) | CNOT(1->5)	RY(q=1,θ=+0.180) | RY(q=5,θ=-3.142) | RX(q=7,θ=+3.142) | CNOT(1->5)	"[""RY(q=1)"", ""RY(q=5)"", ""RX(q=7)"", ""CNOT(1->5)""]"
crlqas__L3_CH2_Singlet_8q__L3_CH2_Singlet_8q_rotosolve_s2_20k__seed11111__ep12373__snap0	/home/ubuntu/NeurIPS2026/PSQASBench/results/crlqas/L3_CH2_Singlet_8q/Formal_EXP/L3_CH2_Singlet_8q_rotosolve_s2_20k/seed11111	12373	0	6	0.000623	0.000000	0.000000	0.000000	0.500000	6	2	4	4	2	33.33	rotosolve	CNOT(1->5)	RY(q=1) | RY(q=5) | RX(q=7) | CNOT(1->5)	RY(q=1,θ=+0.180) | RY(q=5,θ=-3.142) | RX(q=7,θ=+3.142) | CNOT(1->5)	"[""RY(q=1)"", ""RY(q=5)"", ""RX(q=7)"", ""CNOT(1->5)""]"
crlqas__L3_CH2_Singlet_8q__L3_CH2_Singlet_8q_rotosolve_s2_20k__seed11111__ep19538__snap0	/home/ubuntu/NeurIPS2026/PSQASBench/results/crlqas/L3_CH2_Singlet_8q/Formal_EXP/L3_CH2_Singlet_8q_rotosolve_s2_20k/seed11111	19538	0	9	0.000623	0.000000	0.000000	0.000000	0.500000	9	1	8	4	5	55.56	rotosolve	CNOT(1->5)	RY(q=5) | RY(q=7) | RY(q=1) | CNOT(1->5)	RY(q=5,θ=-3.142) | RY(q=7,θ=+3.142) | RY(q=1,θ=+0.180) | CNOT(1->5)	"[""RY(q=5)"", ""RY(q=7)"", ""RY(q=1)"", ""CNOT(1->5)""]"
crlqas__L3_CH2_Singlet_8q__L3_CH2_Singlet_8q_rotosolve_s2_20k__seed11111__ep19071__snap0	/home/ubuntu/NeurIPS2026/PSQASBench/results/crlqas/L3_CH2_Singlet_8q/Formal_EXP/L3_CH2_Singlet_8q_rotosolve_s2_20k/seed11111	19071	0	6	0.000623	0.000000	0.000000	0.000000	0.500000	6	1	5	4	2	33.33	rotosolve	CNOT(1->5)	RY(q=1) | RY(q=5) | CNOT(5->7) | CNOT(1->5)	RY(q=1,θ=+0.180) | RY(q=5,θ=-3.142) | CNOT(5->7) | CNOT(1->5)	"[""RY(q=1)"", ""RY(q=5)"", ""CNOT(5->7)"", ""CNOT(1->5)""]"
crlqas__L3_CH2_Singlet_8q__L3_CH2_Singlet_8q_rotosolve_s2_20k__seed11111__ep15375__snap0	/home/ubuntu/NeurIPS2026/PSQASBench/results/crlqas/L3_CH2_Singlet_8q/Formal_EXP/L3_CH2_Singlet_8q_rotosolve_s2_20k/seed11111	15375	0	7	0.000623	0.000000	0.000000	0.000000	0.500000	7	1	6	4	3	42.86	rotosolve	CNOT(1->5)	RY(q=1) | RY(q=5) | CNOT(5->7) | CNOT(1->5)	RY(q=1,θ=+0.180) | RY(q=5,θ=-3.142) | CNOT(5->7) | CNOT(1->5)	"[""RY(q=1)"", ""RY(q=5)"", ""CNOT(5->7)"", ""CNOT(1->5)""]"
crlqas__L3_CH2_Singlet_8q__L3_CH2_Singlet_8q_rotosolve_s2_20k__seed11111__ep17873__snap0	/home/ubuntu/NeurIPS2026/PSQASBench/results/crlqas/L3_CH2_Singlet_8q/Formal_EXP/L3_CH2_Singlet_8q_rotosolve_s2_20k/seed11111	17873	0	5	0.000623	0.000000	0.000000	0.000000	0.500000	5	1	4	4	1	20.00	rotosolve	CNOT(1->5)	RY(q=1) | RY(q=5) | RY(q=7) | CNOT(1->5)	RY(q=1,θ=+0.180) | RY(q=5,θ=-3.142) | RY(q=7,θ=+3.142) | CNOT(1->5)	"[""RY(q=1)"", ""RY(q=5)"", ""RY(q=7)"", ""CNOT(1->5)""]"
crlqas__L3_CH2_Singlet_8q__L3_CH2_Singlet_8q_rotosolve_s2_20k__seed11111__ep15492__snap0	/home/ubuntu/NeurIPS2026/PSQASBench/results/crlqas/L3_CH2_Singlet_8q/Formal_EXP/L3_CH2_Singlet_8q_rotosolve_s2_20k/seed11111	15492	0	5	0.000623	0.000000	0.000000	0.000000	0.500000	5	2	3	4	1	20.00	rotosolve	CNOT(1->5)	RY(q=1) | RY(q=5) | RX(q=7) | CNOT(1->5)	RY(q=1,θ=+0.180) | RY(q=5,θ=-3.142) | RX(q=7,θ=+3.142) | CNOT(1->5)	"[""RY(q=1)"", ""RY(q=5)"", ""RX(q=7)"", ""CNOT(1->5)""]"
crlqas__L3_CH2_Singlet_8q__L3_CH2_Singlet_8q_rotosolve_s2_20k__seed11111__ep12626__snap0	/home/ubuntu/NeurIPS2026/PSQASBench/results/crlqas/L3_CH2_Singlet_8q/Formal_EXP/L3_CH2_Singlet_8q_rotosolve_s2_20k/seed11111	12626	0	10	0.000623	0.000000	0.000000	0.000000	0.500000	10	2	8	4	6	60.00	rotosolve	CNOT(1->5)	RY(q=1) | RY(q=5) | RX(q=7) | CNOT(1->5)	RY(q=1,θ=+0.180) | RY(q=5,θ=-3.142) | RX(q=7,θ=+3.142) | CNOT(1->5)	"[""RY(q=1)"", ""RY(q=5)"", ""RX(q=7)"", ""CNOT(1->5)""]"
crlqas__L3_CH2_Singlet_8q__L3_CH2_Singlet_8q_rotosolve_s2_20k__seed11111__ep10894__snap0	/home/ubuntu/NeurIPS2026/PSQASBench/results/crlqas/L3_CH2_Singlet_8q/Formal_EXP/L3_CH2_Singlet_8q_rotosolve_s2_20k/seed11111	10894	0	7	0.000623	0.000000	0.000000	0.000000	0.500000	7	2	5	4	3	42.86	rotosolve	CNOT(1->5)	RY(q=1) | RX(q=7) | RY(q=5) | CNOT(1->5)	RY(q=1,θ=+0.180) | RX(q=7,θ=+3.142) | RY(q=5,θ=-3.142) | CNOT(1->5)	"[""RY(q=1)"", ""RX(q=7)"", ""RY(q=5)"", ""CNOT(1->5)""]"
crlqas__L3_CH2_Singlet_8q__L3_CH2_Singlet_8q_rotosolve_s2_20k__seed11111__ep19761__snap0	/home/ubuntu/NeurIPS2026/PSQASBench/results/crlqas/L3_CH2_Singlet_8q/Formal_EXP/L3_CH2_Singlet_8q_rotosolve_s2_20k/seed11111	19761	0	4	0.000623	0.000000	0.000000	0.000000	0.500000	4	2	2	4	0	0.00	rotosolve	CNOT(1->5)	RX(q=7) | RY(q=1) | RY(q=5) | CNOT(1->5)	RX(q=7,θ=-3.142) | RY(q=1,θ=+0.180) | RY(q=5,θ=-3.142) | CNOT(1->5)	"[""RX(q=7)"", ""RY(q=1)"", ""RY(q=5)"", ""CNOT(1->5)""]"
crlqas__L3_CH2_Singlet_8q__L3_CH2_Singlet_8q_rotosolve_s2_20k__seed11111__ep16135__snap0	/home/ubuntu/NeurIPS2026/PSQASBench/results/crlqas/L3_CH2_Singlet_8q/Formal_EXP/L3_CH2_Singlet_8q_rotosolve_s2_20k/seed11111	16135	0	6	0.000623	0.000000	0.000000	0.000000	0.500000	6	1	5	4	2	33.33	rotosolve	CNOT(1->5)	RY(q=1) | RY(q=7) | RY(q=5) | CNOT(1->5)	RY(q=1,θ=+0.180) | RY(q=7,θ=+3.142) | RY(q=5,θ=-3.142) | CNOT(1->5)	"[""RY(q=1)"", ""RY(q=7)"", ""RY(q=5)"", ""CNOT(1->5)""]"
crlqas__L3_CH2_Singlet_8q__L3_CH2_Singlet_8q_rotosolve_s2_20k__seed11111__ep19097__snap0	/home/ubuntu/NeurIPS2026/PSQASBench/results/crlqas/L3_CH2_Singlet_8q/Formal_EXP/L3_CH2_Singlet_8q_rotosolve_s2_20k/seed11111	19097	0	5	0.000623	0.000000	0.000000	0.000000	0.500000	5	1	4	4	1	20.00	rotosolve	CNOT(1->5)	RY(q=7) | RY(q=1) | RY(q=5) | CNOT(1->5)	RY(q=7,θ=+3.142) | RY(q=1,θ=+0.180) | RY(q=5,θ=-3.142) | CNOT(1->5)	"[""RY(q=7)"", ""RY(q=1)"", ""RY(q=5)"", ""CNOT(1->5)""]"
crlqas__L3_CH2_Singlet_8q__L3_CH2_Singlet_8q_rotosolve_s2_20k__seed11111__ep16105__snap0	/home/ubuntu/NeurIPS2026/PSQASBench/results/crlqas/L3_CH2_Singlet_8q/Formal_EXP/L3_CH2_Singlet_8q_rotosolve_s2_20k/seed11111	16105	0	7	0.000623	0.000000	0.000000	0.000000	0.500000	7	2	5	4	3	42.86	rotosolve	CNOT(1->5)	RY(q=1) | RX(q=7) | RY(q=5) | CNOT(1->5)	RY(q=1,θ=+0.180) | RX(q=7,θ=+3.142) | RY(q=5,θ=-3.142) | CNOT(1->5)	"[""RY(q=1)"", ""RX(q=7)"", ""RY(q=5)"", ""CNOT(1->5)""]"
crlqas__L3_CH2_Singlet_8q__L3_CH2_Singlet_8q_rotosolve_s2_20k__seed11111__ep14922__snap0	/home/ubuntu/NeurIPS2026/PSQASBench/results/crlqas/L3_CH2_Singlet_8q/Formal_EXP/L3_CH2_Singlet_8q_rotosolve_s2_20k/seed11111	14922	0	5	0.000623	0.000000	0.000000	0.000000	0.500000	5	1	4	4	1	20.00	rotosolve	CNOT(0->4)	RX(q=6) | RY(q=0) | RY(q=4) | CNOT(0->4)	RX(q=6,θ=+3.142) | RY(q=0,θ=+0.180) | RY(q=4,θ=-3.142) | CNOT(0->4)	"[""RX(q=6)"", ""RY(q=0)"", ""RY(q=4)"", ""CNOT(0->4)""]"
crlqas__L3_CH2_Singlet_8q__L3_CH2_Singlet_8q_rotosolve_s2_20k__seed11111__ep15332__snap0	/home/ubuntu/NeurIPS2026/PSQASBench/results/crlqas/L3_CH2_Singlet_8q/Formal_EXP/L3_CH2_Singlet_8q_rotosolve_s2_20k/seed11111	15332	0	5	0.000623	0.000000	0.000000	0.000000	0.500000	5	1	4	4	1	20.00	rotosolve	CNOT(0->4)	RY(q=4) | RX(q=6) | RY(q=0) | CNOT(0->4)	RY(q=4,θ=-3.142) | RX(q=6,θ=+3.142) | RY(q=0,θ=+0.180) | CNOT(0->4)	"[""RY(q=4)"", ""RX(q=6)"", ""RY(q=0)"", ""CNOT(0->4)""]"
crlqas__L3_CH2_Singlet_8q__L3_CH2_Singlet_8q_rotosolve_s2_20k__seed11111__ep17214__snap0	/home/ubuntu/NeurIPS2026/PSQASBench/results/crlqas/L3_CH2_Singlet_8q/Formal_EXP/L3_CH2_Singlet_8q_rotosolve_s2_20k/seed11111	17214	0	4	0.000623	0.000000	0.000000	0.000000	0.500000	4	2	2	4	0	0.00	rotosolve	CNOT(1->5)	RX(q=7) | RY(q=1) | RY(q=5) | CNOT(1->5)	RX(q=7,θ=-3.142) | RY(q=1,θ=+0.180) | RY(q=5,θ=-3.142) | CNOT(1->5)	"[""RX(q=7)"", ""RY(q=1)"", ""RY(q=5)"", ""CNOT(1->5)""]"
crlqas__L3_CH2_Singlet_8q__L3_CH2_Singlet_8q_rotosolve_s2_20k__seed11111__ep17476__snap0	/home/ubuntu/NeurIPS2026/PSQASBench/results/crlqas/L3_CH2_Singlet_8q/Formal_EXP/L3_CH2_Singlet_8q_rotosolve_s2_20k/seed11111	17476	0	27	0.000623	0.000000	0.000000	0.000000	0.500000	27	2	25	6	21	77.78	rotosolve	CNOT(5->1)	RY(q=5) | RY(q=7) | CNOT(7->1) | CNOT(7->1) | CNOT(7->1) | CNOT(5->1)	RY(q=5,θ=+2.961) | RY(q=7,θ=-3.142) | CNOT(7->1) | CNOT(7->1) | CNOT(7->1) | CNOT(5->1)	"[""RY(q=5)"", ""RY(q=7)"", ""CNOT(7->1)"", ""CNOT(7->1)"", ""CNOT(7->1)"", ""CNOT(5->1)""]"
crlqas__L3_CH2_Singlet_8q__L3_CH2_Singlet_8q_rotosolve_s2_20k__seed11111__ep10666__snap0	/home/ubuntu/NeurIPS2026/PSQASBench/results/crlqas/L3_CH2_Singlet_8q/Formal_EXP/L3_CH2_Singlet_8q_rotosolve_s2_20k/seed11111	10666	0	5	0.000623	0.000000	0.000000	0.000000	0.500000	5	2	3	4	1	20.00	rotosolve	CNOT(1->5)	RY(q=1) | RY(q=5) | RX(q=7) | CNOT(1->5)	RY(q=1,θ=+0.180) | RY(q=5,θ=-3.142) | RX(q=7,θ=+3.142) | CNOT(1->5)	"[""RY(q=1)"", ""RY(q=5)"", ""RX(q=7)"", ""CNOT(1->5)""]"
crlqas__L3_CH2_Singlet_8q__L3_CH2_Singlet_8q_rotosolve_s2_20k__seed11111__ep14556__snap0	/home/ubuntu/NeurIPS2026/PSQASBench/results/crlqas/L3_CH2_Singlet_8q/Formal_EXP/L3_CH2_Singlet_8q_rotosolve_s2_20k/seed11111	14556	0	5	0.000623	0.000000	0.000000	0.000000	0.500000	5	1	4	4	1	20.00	rotosolve	CNOT(1->5)	RY(q=5) | RY(q=1) | RY(q=7) | CNOT(1->5)	RY(q=5,θ=-3.142) | RY(q=1,θ=+0.180) | RY(q=7,θ=+3.142) | CNOT(1->5)	"[""RY(q=5)"", ""RY(q=1)"", ""RY(q=7)"", ""CNOT(1->5)""]"
crlqas__L3_CH2_Singlet_8q__L3_CH2_Singlet_8q_rotosolve_s2_20k__seed11111__ep14520__snap0	/home/ubuntu/NeurIPS2026/PSQASBench/results/crlqas/L3_CH2_Singlet_8q/Formal_EXP/L3_CH2_Singlet_8q_rotosolve_s2_20k/seed11111	14520	0	6	0.000623	0.000000	0.000000	0.000000	0.500000	6	2	4	4	2	33.33	rotosolve	CNOT(1->5)	RY(q=1) | RY(q=5) | RX(q=7) | CNOT(1->5)	RY(q=1,θ=+0.180) | RY(q=5,θ=-3.142) | RX(q=7,θ=+3.142) | CNOT(1->5)	"[""RY(q=1)"", ""RY(q=5)"", ""RX(q=7)"", ""CNOT(1->5)""]"
crlqas__L3_CH2_Singlet_8q__L3_CH2_Singlet_8q_rotosolve_s2_20k__seed11111__ep18542__snap0	/home/ubuntu/NeurIPS2026/PSQASBench/results/crlqas/L3_CH2_Singlet_8q/Formal_EXP/L3_CH2_Singlet_8q_rotosolve_s2_20k/seed11111	18542	0	6	0.000623	0.000000	0.000000	0.000000	0.500000	6	1	5	4	2	33.33	rotosolve	CNOT(1->5)	RY(q=1) | RY(q=7) | RY(q=5) | CNOT(1->5)	RY(q=1,θ=+0.180) | RY(q=7,θ=+3.142) | RY(q=5,θ=-3.142) | CNOT(1->5)	"[""RY(q=1)"", ""RY(q=7)"", ""RY(q=5)"", ""CNOT(1->5)""]"
crlqas__L3_CH2_Singlet_8q__L3_CH2_Singlet_8q_rotosolve_s2_20k__seed11111__ep17673__snap0	/home/ubuntu/NeurIPS2026/PSQASBench/results/crlqas/L3_CH2_Singlet_8q/Formal_EXP/L3_CH2_Singlet_8q_rotosolve_s2_20k/seed11111	17673	0	8	0.000623	0.000000	0.000000	0.000000	0.500000	8	2	6	4	4	50.00	rotosolve	CNOT(1->5)	RY(q=1) | RY(q=7) | RY(q=5) | CNOT(1->5)	RY(q=1,θ=+0.180) | RY(q=7,θ=+3.142) | RY(q=5,θ=-3.142) | CNOT(1->5)	"[""RY(q=1)"", ""RY(q=7)"", ""RY(q=5)"", ""CNOT(1->5)""]"
crlqas__L3_CH2_Singlet_8q__L3_CH2_Singlet_8q_rotosolve_s2_20k__seed11111__ep10899__snap0	/home/ubuntu/NeurIPS2026/PSQASBench/results/crlqas/L3_CH2_Singlet_8q/Formal_EXP/L3_CH2_Singlet_8q_rotosolve_s2_20k/seed11111	10899	0	5	0.000623	0.000000	0.000000	0.000000	0.500000	5	2	3	4	1	20.00	rotosolve	CNOT(1->5)	RY(q=1) | RY(q=5) | RX(q=7) | CNOT(1->5)	RY(q=1,θ=+0.180) | RY(q=5,θ=-3.142) | RX(q=7,θ=+3.142) | CNOT(1->5)	"[""RY(q=1)"", ""RY(q=5)"", ""RX(q=7)"", ""CNOT(1->5)""]"
crlqas__L3_CH2_Singlet_8q__L3_CH2_Singlet_8q_rotosolve_s2_20k__seed11111__ep18465__snap0	/home/ubuntu/NeurIPS2026/PSQASBench/results/crlqas/L3_CH2_Singlet_8q/Formal_EXP/L3_CH2_Singlet_8q_rotosolve_s2_20k/seed11111	18465	0	6	0.000623	0.000000	0.000000	0.000000	0.500000	6	1	5	4	2	33.33	rotosolve	CNOT(1->5)	RY(q=1) | RY(q=5) | RY(q=7) | CNOT(1->5)	RY(q=1,θ=+0.180) | RY(q=5,θ=-3.142) | RY(q=7,θ=+3.142) | CNOT(1->5)	"[""RY(q=1)"", ""RY(q=5)"", ""RY(q=7)"", ""CNOT(1->5)""]"
crlqas__L3_CH2_Singlet_8q__L3_CH2_Singlet_8q_rotosolve_s2_20k__seed11111__ep16463__snap0	/home/ubuntu/NeurIPS2026/PSQASBench/results/crlqas/L3_CH2_Singlet_8q/Formal_EXP/L3_CH2_Singlet_8q_rotosolve_s2_20k/seed11111	16463	0	6	0.000623	0.000000	0.000000	0.000000	0.500000	6	1	5	4	2	33.33	rotosolve	CNOT(0->4)	RY(q=6) | RY(q=0) | RX(q=4) | CNOT(0->4)	RY(q=6,θ=+3.142) | RY(q=0,θ=+0.180) | RX(q=4,θ=-3.142) | CNOT(0->4)	"[""RY(q=6)"", ""RY(q=0)"", ""RX(q=4)"", ""CNOT(0->4)""]"
crlqas__L3_CH2_Singlet_8q__L3_CH2_Singlet_8q_rotosolve_s2_20k__seed11111__ep16859__snap0	/home/ubuntu/NeurIPS2026/PSQASBench/results/crlqas/L3_CH2_Singlet_8q/Formal_EXP/L3_CH2_Singlet_8q_rotosolve_s2_20k/seed11111	16859	0	5	0.000623	0.000000	0.000000	0.000000	0.500000	5	1	4	4	1	20.00	rotosolve	CNOT(0->4)	RY(q=6) | RX(q=4) | RY(q=0) | CNOT(0->4)	RY(q=6,θ=+3.142) | RX(q=4,θ=-3.142) | RY(q=0,θ=+0.180) | CNOT(0->4)	"[""RY(q=6)"", ""RX(q=4)"", ""RY(q=0)"", ""CNOT(0->4)""]"
crlqas__L3_CH2_Singlet_8q__L3_CH2_Singlet_8q_rotosolve_s2_20k__seed11111__ep13703__snap0	/home/ubuntu/NeurIPS2026/PSQASBench/results/crlqas/L3_CH2_Singlet_8q/Formal_EXP/L3_CH2_Singlet_8q_rotosolve_s2_20k/seed11111	13703	0	10	0.000623	0.000000	0.000000	0.000000	0.500000	10	1	9	4	6	60.00	rotosolve	CNOT(1->5)	RY(q=1) | RY(q=5) | CNOT(5->7) | CNOT(1->5)	RY(q=1,θ=+0.180) | RY(q=5,θ=-3.142) | CNOT(5->7) | CNOT(1->5)	"[""RY(q=1)"", ""RY(q=5)"", ""CNOT(5->7)"", ""CNOT(1->5)""]"
crlqas__L3_CH2_Singlet_8q__L3_CH2_Singlet_8q_rotosolve_s2_20k__seed11111__ep15740__snap0	/home/ubuntu/NeurIPS2026/PSQASBench/results/crlqas/L3_CH2_Singlet_8q/Formal_EXP/L3_CH2_Singlet_8q_rotosolve_s2_20k/seed11111	15740	0	7	0.000623	0.000000	0.000000	0.000000	0.500000	7	1	6	4	3	42.86	rotosolve	CNOT(1->5)	RY(q=5) | RY(q=1) | RY(q=7) | CNOT(1->5)	RY(q=5,θ=-3.142) | RY(q=1,θ=+0.180) | RY(q=7,θ=+3.142) | CNOT(1->5)	"[""RY(q=5)"", ""RY(q=1)"", ""RY(q=7)"", ""CNOT(1->5)""]"
crlqas__L3_CH2_Singlet_8q__L3_CH2_Singlet_8q_rotosolve_s2_20k__seed11111__ep12331__snap0	/home/ubuntu/NeurIPS2026/PSQASBench/results/crlqas/L3_CH2_Singlet_8q/Formal_EXP/L3_CH2_Singlet_8q_rotosolve_s2_20k/seed11111	12331	0	5	0.000623	0.000000	0.000000	0.000000	0.500000	5	1	4	4	1	20.00	rotosolve	CNOT(1->5)	RY(q=5) | RY(q=1) | CNOT(5->7) | CNOT(1->5)	RY(q=5,θ=-3.142) | RY(q=1,θ=+0.180) | CNOT(5->7) | CNOT(1->5)	"[""RY(q=5)"", ""RY(q=1)"", ""CNOT(5->7)"", ""CNOT(1->5)""]"
crlqas__L3_CH2_Singlet_8q__L3_CH2_Singlet_8q_rotosolve_s2_20k__seed11111__ep17843__snap0	/home/ubuntu/NeurIPS2026/PSQASBench/results/crlqas/L3_CH2_Singlet_8q/Formal_EXP/L3_CH2_Singlet_8q_rotosolve_s2_20k/seed11111	17843	0	6	0.000623	0.000000	0.000000	0.000000	0.500000	6	1	5	4	2	33.33	rotosolve	CNOT(1->5)	RY(q=7) | RY(q=5) | RY(q=1) | CNOT(1->5)	RY(q=7,θ=+3.142) | RY(q=5,θ=-3.142) | RY(q=1,θ=+0.180) | CNOT(1->5)	"[""RY(q=7)"", ""RY(q=5)"", ""RY(q=1)"", ""CNOT(1->5)""]"
crlqas__L3_CH2_Singlet_8q__L3_CH2_Singlet_8q_rotosolve_s2_20k__seed11111__ep15147__snap0	/home/ubuntu/NeurIPS2026/PSQASBench/results/crlqas/L3_CH2_Singlet_8q/Formal_EXP/L3_CH2_Singlet_8q_rotosolve_s2_20k/seed11111	15147	0	4	0.000623	0.000000	0.000000	0.000000	0.500000	4	1	3	4	0	0.00	rotosolve	CNOT(1->5)	RY(q=5) | RY(q=1) | CNOT(5->7) | CNOT(1->5)	RY(q=5,θ=-3.142) | RY(q=1,θ=+0.180) | CNOT(5->7) | CNOT(1->5)	"[""RY(q=5)"", ""RY(q=1)"", ""CNOT(5->7)"", ""CNOT(1->5)""]"
crlqas__L3_CH2_Singlet_8q__L3_CH2_Singlet_8q_rotosolve_s2_20k__seed11111__ep13267__snap0	/home/ubuntu/NeurIPS2026/PSQASBench/results/crlqas/L3_CH2_Singlet_8q/Formal_EXP/L3_CH2_Singlet_8q_rotosolve_s2_20k/seed11111	13267	0	6	0.000623	0.000000	0.000000	0.000000	0.500000	6	1	5	4	2	33.33	rotosolve	CNOT(1->5)	RY(q=5) | RY(q=1) | RY(q=7) | CNOT(1->5)	RY(q=5,θ=-3.142) | RY(q=1,θ=+0.180) | RY(q=7,θ=+3.142) | CNOT(1->5)	"[""RY(q=5)"", ""RY(q=1)"", ""RY(q=7)"", ""CNOT(1->5)""]"
crlqas__L3_CH2_Singlet_8q__L3_CH2_Singlet_8q_rotosolve_s2_20k__seed11111__ep14190__snap0	/home/ubuntu/NeurIPS2026/PSQASBench/results/crlqas/L3_CH2_Singlet_8q/Formal_EXP/L3_CH2_Singlet_8q_rotosolve_s2_20k/seed11111	14190	0	7	0.000623	0.000000	0.000000	0.000000	0.500000	7	2	5	4	3	42.86	rotosolve	CNOT(1->5)	RY(q=1) | RY(q=5) | RX(q=7) | CNOT(1->5)	RY(q=1,θ=+0.180) | RY(q=5,θ=-3.142) | RX(q=7,θ=+3.142) | CNOT(1->5)	"[""RY(q=1)"", ""RY(q=5)"", ""RX(q=7)"", ""CNOT(1->5)""]"
crlqas__L3_CH2_Singlet_8q__L3_CH2_Singlet_8q_rotosolve_s2_20k__seed11111__ep19343__snap0	/home/ubuntu/NeurIPS2026/PSQASBench/results/crlqas/L3_CH2_Singlet_8q/Formal_EXP/L3_CH2_Singlet_8q_rotosolve_s2_20k/seed11111	19343	0	4	0.000623	0.000000	0.000000	0.000000	0.500000	4	2	2	4	0	0.00	rotosolve	CNOT(1->5)	RY(q=1) | RY(q=5) | RX(q=7) | CNOT(1->5)	RY(q=1,θ=+0.180) | RY(q=5,θ=-3.142) | RX(q=7,θ=+3.142) | CNOT(1->5)	"[""RY(q=1)"", ""RY(q=5)"", ""RX(q=7)"", ""CNOT(1->5)""]"
crlqas__L3_CH2_Singlet_8q__L3_CH2_Singlet_8q_rotosolve_s2_20k__seed11111__ep11315__snap0	/home/ubuntu/NeurIPS2026/PSQASBench/results/crlqas/L3_CH2_Singlet_8q/Formal_EXP/L3_CH2_Singlet_8q_rotosolve_s2_20k/seed11111	11315	0	13	0.000623	0.000000	0.000000	0.000000	0.500000	13	2	11	4	9	69.23	rotosolve	CNOT(1->5)	RY(q=5) | RX(q=7) | RY(q=1) | CNOT(1->5)	RY(q=5,θ=-3.142) | RX(q=7,θ=+3.142) | RY(q=1,θ=+0.180) | CNOT(1->5)	"[""RY(q=5)"", ""RX(q=7)"", ""RY(q=1)"", ""CNOT(1->5)""]"
crlqas__L3_CH2_Singlet_8q__L3_CH2_Singlet_8q_rotosolve_s2_20k__seed11111__ep12888__snap0	/home/ubuntu/NeurIPS2026/PSQASBench/results/crlqas/L3_CH2_Singlet_8q/Formal_EXP/L3_CH2_Singlet_8q_rotosolve_s2_20k/seed11111	12888	0	7	0.000623	0.000000	0.000000	0.000000	0.500000	7	2	5	4	3	42.86	rotosolve	CNOT(1->5)	RY(q=1) | RY(q=5) | RX(q=7) | CNOT(1->5)	RY(q=1,θ=+0.180) | RY(q=5,θ=-3.142) | RX(q=7,θ=+3.142) | CNOT(1->5)	"[""RY(q=1)"", ""RY(q=5)"", ""RX(q=7)"", ""CNOT(1->5)""]"
crlqas__L3_CH2_Singlet_8q__L3_CH2_Singlet_8q_rotosolve_s2_20k__seed11111__ep16262__snap0	/home/ubuntu/NeurIPS2026/PSQASBench/results/crlqas/L3_CH2_Singlet_8q/Formal_EXP/L3_CH2_Singlet_8q_rotosolve_s2_20k/seed11111	16262	0	5	0.000623	0.000000	0.000000	0.000000	0.500000	5	2	3	4	1	20.00	rotosolve	CNOT(1->5)	RY(q=1) | RY(q=5) | RX(q=7) | CNOT(1->5)	RY(q=1,θ=+0.180) | RY(q=5,θ=-3.142) | RX(q=7,θ=+3.142) | CNOT(1->5)	"[""RY(q=1)"", ""RY(q=5)"", ""RX(q=7)"", ""CNOT(1->5)""]"
crlqas__L3_CH2_Singlet_8q__L3_CH2_Singlet_8q_rotosolve_s2_20k__seed11111__ep11838__snap0	/home/ubuntu/NeurIPS2026/PSQASBench/results/crlqas/L3_CH2_Singlet_8q/Formal_EXP/L3_CH2_Singlet_8q_rotosolve_s2_20k/seed11111	11838	0	8	0.000623	0.000000	0.000000	0.000000	0.500000	8	2	6	4	4	50.00	rotosolve	CNOT(1->5)	RY(q=1) | RY(q=5) | RX(q=7) | CNOT(1->5)	RY(q=1,θ=+0.180) | RY(q=5,θ=-3.142) | RX(q=7,θ=+3.142) | CNOT(1->5)	"[""RY(q=1)"", ""RY(q=5)"", ""RX(q=7)"", ""CNOT(1->5)""]"
crlqas__L3_CH2_Singlet_8q__L3_CH2_Singlet_8q_rotosolve_s2_20k__seed11111__ep13566__snap0	/home/ubuntu/NeurIPS2026/PSQASBench/results/crlqas/L3_CH2_Singlet_8q/Formal_EXP/L3_CH2_Singlet_8q_rotosolve_s2_20k/seed11111	13566	0	5	0.000623	0.000000	0.000000	0.000000	0.500000	5	2	3	4	1	20.00	rotosolve	CNOT(1->5)	RY(q=1) | RY(q=5) | RX(q=7) | CNOT(1->5)	RY(q=1,θ=+0.180) | RY(q=5,θ=-3.142) | RX(q=7,θ=+3.142) | CNOT(1->5)	"[""RY(q=1)"", ""RY(q=5)"", ""RX(q=7)"", ""CNOT(1->5)""]"
crlqas__L3_CH2_Singlet_8q__L3_CH2_Singlet_8q_rotosolve_s2_20k__seed11111__ep11685__snap0	/home/ubuntu/NeurIPS2026/PSQASBench/results/crlqas/L3_CH2_Singlet_8q/Formal_EXP/L3_CH2_Singlet_8q_rotosolve_s2_20k/seed11111	11685	0	6	0.000623	0.000000	0.000000	0.000000	0.500000	6	1	5	4	2	33.33	rotosolve	CNOT(1->5)	RY(q=1) | RY(q=7) | RY(q=5) | CNOT(1->5)	RY(q=1,θ=+0.180) | RY(q=7,θ=+3.142) | RY(q=5,θ=-3.142) | CNOT(1->5)	"[""RY(q=1)"", ""RY(q=7)"", ""RY(q=5)"", ""CNOT(1->5)""]"
crlqas__L3_CH2_Singlet_8q__L3_CH2_Singlet_8q_rotosolve_s2_20k__seed11111__ep10109__snap0	/home/ubuntu/NeurIPS2026/PSQASBench/results/crlqas/L3_CH2_Singlet_8q/Formal_EXP/L3_CH2_Singlet_8q_rotosolve_s2_20k/seed11111	10109	0	6	0.000623	0.000000	0.000000	0.000000	0.500000	6	1	5	4	2	33.33	rotosolve	CNOT(1->5)	RY(q=7) | RY(q=1) | RY(q=5) | CNOT(1->5)	RY(q=7,θ=+3.142) | RY(q=1,θ=+0.180) | RY(q=5,θ=-3.142) | CNOT(1->5)	"[""RY(q=7)"", ""RY(q=1)"", ""RY(q=5)"", ""CNOT(1->5)""]"
crlqas__L3_CH2_Singlet_8q__L3_CH2_Singlet_8q_rotosolve_s2_20k__seed11111__ep18989__snap0	/home/ubuntu/NeurIPS2026/PSQASBench/results/crlqas/L3_CH2_Singlet_8q/Formal_EXP/L3_CH2_Singlet_8q_rotosolve_s2_20k/seed11111	18989	0	5	0.000623	0.000000	0.000000	0.000000	0.500000	5	1	4	4	1	20.00	rotosolve	CNOT(1->5)	RY(q=7) | RY(q=1) | RY(q=5) | CNOT(1->5)	RY(q=7,θ=+3.142) | RY(q=1,θ=+0.180) | RY(q=5,θ=-3.142) | CNOT(1->5)	"[""RY(q=7)"", ""RY(q=1)"", ""RY(q=5)"", ""CNOT(1->5)""]"
crlqas__L3_CH2_Singlet_8q__L3_CH2_Singlet_8q_rotosolve_s2_20k__seed11111__ep16046__snap0	/home/ubuntu/NeurIPS2026/PSQASBench/results/crlqas/L3_CH2_Singlet_8q/Formal_EXP/L3_CH2_Singlet_8q_rotosolve_s2_20k/seed11111	16046	0	8	0.000623	0.000000	0.000000	0.000000	0.500000	8	2	6	4	4	50.00	rotosolve	CNOT(1->5)	RY(q=1) | RX(q=7) | RY(q=5) | CNOT(1->5)	RY(q=1,θ=+0.180) | RX(q=7,θ=+3.142) | RY(q=5,θ=-3.142) | CNOT(1->5)	"[""RY(q=1)"", ""RX(q=7)"", ""RY(q=5)"", ""CNOT(1->5)""]"
crlqas__L3_CH2_Singlet_8q__L3_CH2_Singlet_8q_rotosolve_s2_20k__seed11111__ep17920__snap0	/home/ubuntu/NeurIPS2026/PSQASBench/results/crlqas/L3_CH2_Singlet_8q/Formal_EXP/L3_CH2_Singlet_8q_rotosolve_s2_20k/seed11111	17920	0	5	0.000623	0.000000	0.000000	0.000000	0.500000	5	2	3	4	1	20.00	rotosolve	CNOT(1->5)	RX(q=7) | RY(q=1) | RY(q=5) | CNOT(1->5)	RX(q=7,θ=+3.142) | RY(q=1,θ=+0.180) | RY(q=5,θ=-3.142) | CNOT(1->5)	"[""RX(q=7)"", ""RY(q=1)"", ""RY(q=5)"", ""CNOT(1->5)""]"
crlqas__L3_CH2_Singlet_8q__L3_CH2_Singlet_8q_rotosolve_s2_20k__seed11111__ep17733__snap0	/home/ubuntu/NeurIPS2026/PSQASBench/results/crlqas/L3_CH2_Singlet_8q/Formal_EXP/L3_CH2_Singlet_8q_rotosolve_s2_20k/seed11111	17733	0	7	0.000623	0.000000	0.000000	0.000000	0.500000	7	1	6	4	3	42.86	rotosolve	CNOT(0->4)	RX(q=6) | RX(q=4) | RY(q=0) | CNOT(0->4)	RX(q=6,θ=+3.142) | RX(q=4,θ=-3.142) | RY(q=0,θ=+0.180) | CNOT(0->4)	"[""RX(q=6)"", ""RX(q=4)"", ""RY(q=0)"", ""CNOT(0->4)""]"
crlqas__L3_CH2_Singlet_8q__L3_CH2_Singlet_8q_rotosolve_s2_20k__seed11111__ep12023__snap0	/home/ubuntu/NeurIPS2026/PSQASBench/results/crlqas/L3_CH2_Singlet_8q/Formal_EXP/L3_CH2_Singlet_8q_rotosolve_s2_20k/seed11111	12023	0	5	0.000623	0.000000	0.000000	0.000000	0.500000	5	2	3	4	1	20.00	rotosolve	CNOT(1->5)	RY(q=1) | RY(q=5) | RX(q=7) | CNOT(1->5)	RY(q=1,θ=+0.180) | RY(q=5,θ=-3.142) | RX(q=7,θ=+3.142) | CNOT(1->5)	"[""RY(q=1)"", ""RY(q=5)"", ""RX(q=7)"", ""CNOT(1->5)""]"
crlqas__L3_CH2_Singlet_8q__L3_CH2_Singlet_8q_rotosolve_s2_20k__seed11111__ep14835__snap0	/home/ubuntu/NeurIPS2026/PSQASBench/results/crlqas/L3_CH2_Singlet_8q/Formal_EXP/L3_CH2_Singlet_8q_rotosolve_s2_20k/seed11111	14835	0	6	0.000623	0.000000	0.000000	0.000000	0.500000	6	1	5	4	2	33.33	rotosolve	CNOT(1->5)	RY(q=1) | RY(q=5) | RY(q=7) | CNOT(1->5)	RY(q=1,θ=+0.180) | RY(q=5,θ=-3.142) | RY(q=7,θ=+3.142) | CNOT(1->5)	"[""RY(q=1)"", ""RY(q=5)"", ""RY(q=7)"", ""CNOT(1->5)""]"
crlqas__L3_CH2_Singlet_8q__L3_CH2_Singlet_8q_rotosolve_s2_20k__seed11111__ep15322__snap0	/home/ubuntu/NeurIPS2026/PSQASBench/results/crlqas/L3_CH2_Singlet_8q/Formal_EXP/L3_CH2_Singlet_8q_rotosolve_s2_20k/seed11111	15322	0	6	0.000623	0.000000	0.000000	0.000000	0.500000	6	1	5	4	2	33.33	rotosolve	CNOT(1->5)	RY(q=1) | RY(q=7) | RY(q=5) | CNOT(1->5)	RY(q=1,θ=+0.180) | RY(q=7,θ=+3.142) | RY(q=5,θ=-3.142) | CNOT(1->5)	"[""RY(q=1)"", ""RY(q=7)"", ""RY(q=5)"", ""CNOT(1->5)""]"
crlqas__L3_CH2_Singlet_8q__L3_CH2_Singlet_8q_rotosolve_s2_20k__seed11111__ep12925__snap0	/home/ubuntu/NeurIPS2026/PSQASBench/results/crlqas/L3_CH2_Singlet_8q/Formal_EXP/L3_CH2_Singlet_8q_rotosolve_s2_20k/seed11111	12925	0	9	0.000623	0.000000	0.000000	0.000000	0.500000	9	1	8	4	5	55.56	rotosolve	CNOT(1->5)	RY(q=1) | RY(q=5) | RY(q=7) | CNOT(1->5)	RY(q=1,θ=+0.180) | RY(q=5,θ=-3.142) | RY(q=7,θ=+3.142) | CNOT(1->5)	"[""RY(q=1)"", ""RY(q=5)"", ""RY(q=7)"", ""CNOT(1->5)""]"
crlqas__L3_CH2_Singlet_8q__L3_CH2_Singlet_8q_rotosolve_s2_20k__seed11111__ep15575__snap0	/home/ubuntu/NeurIPS2026/PSQASBench/results/crlqas/L3_CH2_Singlet_8q/Formal_EXP/L3_CH2_Singlet_8q_rotosolve_s2_20k/seed11111	15575	0	7	0.000623	0.000000	0.000000	0.000000	0.500000	7	1	6	4	3	42.86	rotosolve	CNOT(1->5)	RY(q=5) | RY(q=1) | RY(q=7) | CNOT(1->5)	RY(q=5,θ=-3.142) | RY(q=1,θ=+0.180) | RY(q=7,θ=+3.142) | CNOT(1->5)	"[""RY(q=5)"", ""RY(q=1)"", ""RY(q=7)"", ""CNOT(1->5)""]"
crlqas__L3_CH2_Singlet_8q__L3_CH2_Singlet_8q_rotosolve_s2_20k__seed11111__ep19626__snap0	/home/ubuntu/NeurIPS2026/PSQASBench/results/crlqas/L3_CH2_Singlet_8q/Formal_EXP/L3_CH2_Singlet_8q_rotosolve_s2_20k/seed11111	19626	0	5	0.000623	0.000000	0.000000	0.000000	0.500000	5	2	3	4	1	20.00	rotosolve	CNOT(1->5)	RY(q=1) | RY(q=5) | RX(q=7) | CNOT(1->5)	RY(q=1,θ=+0.180) | RY(q=5,θ=-3.142) | RX(q=7,θ=+3.142) | CNOT(1->5)	"[""RY(q=1)"", ""RY(q=5)"", ""RX(q=7)"", ""CNOT(1->5)""]"
crlqas__L3_CH2_Singlet_8q__L3_CH2_Singlet_8q_rotosolve_s2_20k__seed11111__ep13561__snap0	/home/ubuntu/NeurIPS2026/PSQASBench/results/crlqas/L3_CH2_Singlet_8q/Formal_EXP/L3_CH2_Singlet_8q_rotosolve_s2_20k/seed11111	13561	0	6	0.000623	0.000000	0.000000	0.000000	0.500000	6	1	5	4	2	33.33	rotosolve	CNOT(1->5)	RY(q=1) | RY(q=5) | CNOT(5->7) | CNOT(1->5)	RY(q=1,θ=+0.180) | RY(q=5,θ=-3.142) | CNOT(5->7) | CNOT(1->5)	"[""RY(q=1)"", ""RY(q=5)"", ""CNOT(5->7)"", ""CNOT(1->5)""]"
crlqas__L3_CH2_Singlet_8q__L3_CH2_Singlet_8q_rotosolve_s2_20k__seed11111__ep10354__snap0	/home/ubuntu/NeurIPS2026/PSQASBench/results/crlqas/L3_CH2_Singlet_8q/Formal_EXP/L3_CH2_Singlet_8q_rotosolve_s2_20k/seed11111	10354	0	6	0.000623	0.000000	0.000000	0.000000	0.500000	6	2	4	4	2	33.33	rotosolve	CNOT(1->5)	RY(q=1) | RY(q=5) | RX(q=7) | CNOT(1->5)	RY(q=1,θ=+0.180) | RY(q=5,θ=-3.142) | RX(q=7,θ=+3.142) | CNOT(1->5)	"[""RY(q=1)"", ""RY(q=5)"", ""RX(q=7)"", ""CNOT(1->5)""]"
crlqas__L3_CH2_Singlet_8q__L3_CH2_Singlet_8q_rotosolve_s2_20k__seed11111__ep15029__snap0	/home/ubuntu/NeurIPS2026/PSQASBench/results/crlqas/L3_CH2_Singlet_8q/Formal_EXP/L3_CH2_Singlet_8q_rotosolve_s2_20k/seed11111	15029	0	5	0.000623	0.000000	0.000000	0.000000	0.500000	5	2	3	4	1	20.00	rotosolve	CNOT(1->5)	RY(q=1) | RX(q=7) | RY(q=5) | CNOT(1->5)	RY(q=1,θ=+0.180) | RX(q=7,θ=+3.142) | RY(q=5,θ=-3.142) | CNOT(1->5)	"[""RY(q=1)"", ""RX(q=7)"", ""RY(q=5)"", ""CNOT(1->5)""]"
crlqas__L3_CH2_Singlet_8q__L3_CH2_Singlet_8q_rotosolve_s2_20k__seed11111__ep12667__snap0	/home/ubuntu/NeurIPS2026/PSQASBench/results/crlqas/L3_CH2_Singlet_8q/Formal_EXP/L3_CH2_Singlet_8q_rotosolve_s2_20k/seed11111	12667	0	4	0.000623	0.000000	0.000000	0.000000	0.500000	4	1	3	4	0	0.00	rotosolve	CNOT(1->5)	RY(q=5) | RY(q=1) | CNOT(5->7) | CNOT(1->5)	RY(q=5,θ=-3.142) | RY(q=1,θ=+0.180) | CNOT(5->7) | CNOT(1->5)	"[""RY(q=5)"", ""RY(q=1)"", ""CNOT(5->7)"", ""CNOT(1->5)""]"
crlqas__L3_CH2_Singlet_8q__L3_CH2_Singlet_8q_rotosolve_s2_20k__seed11111__ep16763__snap0	/home/ubuntu/NeurIPS2026/PSQASBench/results/crlqas/L3_CH2_Singlet_8q/Formal_EXP/L3_CH2_Singlet_8q_rotosolve_s2_20k/seed11111	16763	0	6	0.000623	0.000000	0.000000	0.000000	0.500000	6	3	3	4	2	33.33	rotosolve	CNOT(1->5)	RY(q=1) | RY(q=5) | RX(q=7) | CNOT(1->5)	RY(q=1,θ=+0.180) | RY(q=5,θ=-3.142) | RX(q=7,θ=+3.142) | CNOT(1->5)	"[""RY(q=1)"", ""RY(q=5)"", ""RX(q=7)"", ""CNOT(1->5)""]"
crlqas__L3_CH2_Singlet_8q__L3_CH2_Singlet_8q_rotosolve_s2_20k__seed11111__ep10024__snap0	/home/ubuntu/NeurIPS2026/PSQASBench/results/crlqas/L3_CH2_Singlet_8q/Formal_EXP/L3_CH2_Singlet_8q_rotosolve_s2_20k/seed11111	10024	0	6	0.000623	0.000000	0.000000	0.000000	0.500000	6	2	4	4	2	33.33	rotosolve	CNOT(1->5)	RY(q=1) | RY(q=5) | RX(q=7) | CNOT(1->5)	RY(q=1,θ=+0.180) | RY(q=5,θ=-3.142) | RX(q=7,θ=+3.142) | CNOT(1->5)	"[""RY(q=1)"", ""RY(q=5)"", ""RX(q=7)"", ""CNOT(1->5)""]"
crlqas__L3_CH2_Singlet_8q__L3_CH2_Singlet_8q_rotosolve_s2_20k__seed11111__ep14322__snap0	/home/ubuntu/NeurIPS2026/PSQASBench/results/crlqas/L3_CH2_Singlet_8q/Formal_EXP/L3_CH2_Singlet_8q_rotosolve_s2_20k/seed11111	14322	0	10	0.000623	0.000000	0.000000	0.000000	0.500000	10	2	8	4	6	60.00	rotosolve	CNOT(1->5)	RY(q=1) | RY(q=5) | RX(q=7) | CNOT(1->5)	RY(q=1,θ=+0.180) | RY(q=5,θ=-3.142) | RX(q=7,θ=+3.142) | CNOT(1->5)	"[""RY(q=1)"", ""RY(q=5)"", ""RX(q=7)"", ""CNOT(1->5)""]"
crlqas__L3_CH2_Singlet_8q__L3_CH2_Singlet_8q_rotosolve_s2_20k__seed11111__ep13780__snap0	/home/ubuntu/NeurIPS2026/PSQASBench/results/crlqas/L3_CH2_Singlet_8q/Formal_EXP/L3_CH2_Singlet_8q_rotosolve_s2_20k/seed11111	13780	0	6	0.000623	0.000000	0.000000	0.000000	0.500000	6	2	4	4	2	33.33	rotosolve	CNOT(1->5)	RY(q=1) | RY(q=5) | RX(q=7) | CNOT(1->5)	RY(q=1,θ=+0.180) | RY(q=5,θ=-3.142) | RX(q=7,θ=+3.142) | CNOT(1->5)	"[""RY(q=1)"", ""RY(q=5)"", ""RX(q=7)"", ""CNOT(1->5)""]"
crlqas__L3_CH2_Singlet_8q__L3_CH2_Singlet_8q_rotosolve_s2_20k__seed11111__ep18923__snap0	/home/ubuntu/NeurIPS2026/PSQASBench/results/crlqas/L3_CH2_Singlet_8q/Formal_EXP/L3_CH2_Singlet_8q_rotosolve_s2_20k/seed11111	18923	0	6	0.000623	0.000000	0.000000	0.000000	0.500000	6	1	5	4	2	33.33	rotosolve	CNOT(1->5)	RY(q=1) | RY(q=5) | RY(q=7) | CNOT(1->5)	RY(q=1,θ=+0.180) | RY(q=5,θ=-3.142) | RY(q=7,θ=+3.142) | CNOT(1->5)	"[""RY(q=1)"", ""RY(q=5)"", ""RY(q=7)"", ""CNOT(1->5)""]"
crlqas__L3_CH2_Singlet_8q__L3_CH2_Singlet_8q_rotosolve_s2_20k__seed11111__ep17626__snap0	/home/ubuntu/NeurIPS2026/PSQASBench/results/crlqas/L3_CH2_Singlet_8q/Formal_EXP/L3_CH2_Singlet_8q_rotosolve_s2_20k/seed11111	17626	0	8	0.000623	0.000000	0.000000	0.000000	0.500000	8	1	7	4	4	50.00	rotosolve	CNOT(1->5)	RY(q=1) | RY(q=5) | RY(q=7) | CNOT(1->5)	RY(q=1,θ=+0.180) | RY(q=5,θ=-3.142) | RY(q=7,θ=+3.142) | CNOT(1->5)	"[""RY(q=1)"", ""RY(q=5)"", ""RY(q=7)"", ""CNOT(1->5)""]"
crlqas__L3_CH2_Singlet_8q__L3_CH2_Singlet_8q_rotosolve_s2_20k__seed11111__ep13099__snap0	/home/ubuntu/NeurIPS2026/PSQASBench/results/crlqas/L3_CH2_Singlet_8q/Formal_EXP/L3_CH2_Singlet_8q_rotosolve_s2_20k/seed11111	13099	0	5	0.000623	0.000000	0.000000	0.000000	0.500000	5	1	4	4	1	20.00	rotosolve	CNOT(1->5)	RY(q=7) | RY(q=1) | RY(q=5) | CNOT(1->5)	RY(q=7,θ=+3.142) | RY(q=1,θ=+0.180) | RY(q=5,θ=-3.142) | CNOT(1->5)	"[""RY(q=7)"", ""RY(q=1)"", ""RY(q=5)"", ""CNOT(1->5)""]"
crlqas__L3_CH2_Singlet_8q__L3_CH2_Singlet_8q_rotosolve_s2_20k__seed11111__ep19535__snap0	/home/ubuntu/NeurIPS2026/PSQASBench/results/crlqas/L3_CH2_Singlet_8q/Formal_EXP/L3_CH2_Singlet_8q_rotosolve_s2_20k/seed11111	19535	0	5	0.000623	0.000000	0.000000	0.000000	0.500000	5	1	4	4	1	20.00	rotosolve	CNOT(1->5)	RY(q=1) | RY(q=5) | RY(q=7) | CNOT(1->5)	RY(q=1,θ=+0.180) | RY(q=5,θ=-3.142) | RY(q=7,θ=+3.142) | CNOT(1->5)	"[""RY(q=1)"", ""RY(q=5)"", ""RY(q=7)"", ""CNOT(1->5)""]"
crlqas__L3_CH2_Singlet_8q__L3_CH2_Singlet_8q_rotosolve_s2_20k__seed11111__ep14036__snap0	/home/ubuntu/NeurIPS2026/PSQASBench/results/crlqas/L3_CH2_Singlet_8q/Formal_EXP/L3_CH2_Singlet_8q_rotosolve_s2_20k/seed11111	14036	0	7	0.000623	0.000000	0.000000	0.000000	0.500000	7	1	6	4	3	42.86	rotosolve	CNOT(1->5)	RY(q=7) | RY(q=1) | RY(q=5) | CNOT(1->5)	RY(q=7,θ=+3.142) | RY(q=1,θ=+0.180) | RY(q=5,θ=-3.142) | CNOT(1->5)	"[""RY(q=7)"", ""RY(q=1)"", ""RY(q=5)"", ""CNOT(1->5)""]"
crlqas__L3_CH2_Singlet_8q__L3_CH2_Singlet_8q_rotosolve_s2_20k__seed11111__ep19655__snap0	/home/ubuntu/NeurIPS2026/PSQASBench/results/crlqas/L3_CH2_Singlet_8q/Formal_EXP/L3_CH2_Singlet_8q_rotosolve_s2_20k/seed11111	19655	0	6	0.000623	0.000000	0.000000	0.000000	0.500000	6	2	4	4	2	33.33	rotosolve	CNOT(1->5)	RY(q=1) | RY(q=5) | RX(q=7) | CNOT(1->5)	RY(q=1,θ=+0.180) | RY(q=5,θ=-3.142) | RX(q=7,θ=+3.142) | CNOT(1->5)	"[""RY(q=1)"", ""RY(q=5)"", ""RX(q=7)"", ""CNOT(1->5)""]"
crlqas__L3_CH2_Singlet_8q__L3_CH2_Singlet_8q_rotosolve_s2_20k__seed11111__ep16543__snap0	/home/ubuntu/NeurIPS2026/PSQASBench/results/crlqas/L3_CH2_Singlet_8q/Formal_EXP/L3_CH2_Singlet_8q_rotosolve_s2_20k/seed11111	16543	0	7	0.000623	0.000000	0.000000	0.000000	0.500000	7	1	6	4	3	42.86	rotosolve	CNOT(1->5)	RY(q=1) | RY(q=7) | RY(q=5) | CNOT(1->5)	RY(q=1,θ=+0.180) | RY(q=7,θ=+3.142) | RY(q=5,θ=-3.142) | CNOT(1->5)	"[""RY(q=1)"", ""RY(q=7)"", ""RY(q=5)"", ""CNOT(1->5)""]"
crlqas__L3_CH2_Singlet_8q__L3_CH2_Singlet_8q_rotosolve_s2_20k__seed11111__ep14429__snap0	/home/ubuntu/NeurIPS2026/PSQASBench/results/crlqas/L3_CH2_Singlet_8q/Formal_EXP/L3_CH2_Singlet_8q_rotosolve_s2_20k/seed11111	14429	0	9	0.000623	0.000000	0.000000	0.000000	0.500000	9	1	8	4	5	55.56	rotosolve	CNOT(1->5)	RY(q=5) | RY(q=1) | RY(q=7) | CNOT(1->5)	RY(q=5,θ=-3.142) | RY(q=1,θ=+0.180) | RY(q=7,θ=+3.142) | CNOT(1->5)	"[""RY(q=5)"", ""RY(q=1)"", ""RY(q=7)"", ""CNOT(1->5)""]"
crlqas__L3_CH2_Singlet_8q__L3_CH2_Singlet_8q_rotosolve_s2_20k__seed11111__ep18492__snap0	/home/ubuntu/NeurIPS2026/PSQASBench/results/crlqas/L3_CH2_Singlet_8q/Formal_EXP/L3_CH2_Singlet_8q_rotosolve_s2_20k/seed11111	18492	0	6	0.000623	0.000000	0.000000	0.000000	0.500000	6	2	4	4	2	33.33	rotosolve	CNOT(1->5)	RY(q=1) | RX(q=7) | RY(q=5) | CNOT(1->5)	RY(q=1,θ=+0.180) | RX(q=7,θ=+3.142) | RY(q=5,θ=-3.142) | CNOT(1->5)	"[""RY(q=1)"", ""RX(q=7)"", ""RY(q=5)"", ""CNOT(1->5)""]"
crlqas__L3_CH2_Singlet_8q__L3_CH2_Singlet_8q_rotosolve_s2_20k__seed11111__ep18977__snap0	/home/ubuntu/NeurIPS2026/PSQASBench/results/crlqas/L3_CH2_Singlet_8q/Formal_EXP/L3_CH2_Singlet_8q_rotosolve_s2_20k/seed11111	18977	0	5	0.000623	0.000000	0.000000	0.000000	0.500000	5	2	3	4	1	20.00	rotosolve	CNOT(1->5)	RY(q=1) | RY(q=5) | RX(q=7) | CNOT(1->5)	RY(q=1,θ=+0.180) | RY(q=5,θ=-3.142) | RX(q=7,θ=+3.142) | CNOT(1->5)	"[""RY(q=1)"", ""RY(q=5)"", ""RX(q=7)"", ""CNOT(1->5)""]"
crlqas__L3_CH2_Singlet_8q__L3_CH2_Singlet_8q_rotosolve_s2_20k__seed11111__ep12544__snap0	/home/ubuntu/NeurIPS2026/PSQASBench/results/crlqas/L3_CH2_Singlet_8q/Formal_EXP/L3_CH2_Singlet_8q_rotosolve_s2_20k/seed11111	12544	0	9	0.000623	0.000000	0.000000	0.000000	0.500000	9	2	7	4	5	55.56	rotosolve	CNOT(1->5)	RY(q=1) | RY(q=5) | RY(q=7) | CNOT(1->5)	RY(q=1,θ=+0.180) | RY(q=5,θ=-3.142) | RY(q=7,θ=+3.142) | CNOT(1->5)	"[""RY(q=1)"", ""RY(q=5)"", ""RY(q=7)"", ""CNOT(1->5)""]"
crlqas__L3_CH2_Singlet_8q__L3_CH2_Singlet_8q_rotosolve_s2_20k__seed11111__ep10966__snap0	/home/ubuntu/NeurIPS2026/PSQASBench/results/crlqas/L3_CH2_Singlet_8q/Formal_EXP/L3_CH2_Singlet_8q_rotosolve_s2_20k/seed11111	10966	0	7	0.000623	0.000000	0.000000	0.000000	0.500000	7	1	6	4	3	42.86	rotosolve	CNOT(1->5)	RY(q=1) | RY(q=7) | RY(q=5) | CNOT(1->5)	RY(q=1,θ=+0.180) | RY(q=7,θ=+3.142) | RY(q=5,θ=-3.142) | CNOT(1->5)	"[""RY(q=1)"", ""RY(q=7)"", ""RY(q=5)"", ""CNOT(1->5)""]"
crlqas__L3_CH2_Singlet_8q__L3_CH2_Singlet_8q_rotosolve_s2_20k__seed11111__ep10954__snap0	/home/ubuntu/NeurIPS2026/PSQASBench/results/crlqas/L3_CH2_Singlet_8q/Formal_EXP/L3_CH2_Singlet_8q_rotosolve_s2_20k/seed11111	10954	0	7	0.000623	0.000000	0.000000	0.000000	0.500000	7	1	6	4	3	42.86	rotosolve	CNOT(1->5)	RY(q=1) | RY(q=5) | RY(q=7) | CNOT(1->5)	RY(q=1,θ=+0.180) | RY(q=5,θ=-3.142) | RY(q=7,θ=+3.142) | CNOT(1->5)	"[""RY(q=1)"", ""RY(q=5)"", ""RY(q=7)"", ""CNOT(1->5)""]"
crlqas__L3_CH2_Singlet_8q__L3_CH2_Singlet_8q_rotosolve_s2_20k__seed11111__ep16858__snap0	/home/ubuntu/NeurIPS2026/PSQASBench/results/crlqas/L3_CH2_Singlet_8q/Formal_EXP/L3_CH2_Singlet_8q_rotosolve_s2_20k/seed11111	16858	0	6	0.000623	0.000000	0.000000	0.000000	0.500000	6	2	4	4	2	33.33	rotosolve	CNOT(1->5)	RY(q=1) | RY(q=5) | RX(q=7) | CNOT(1->5)	RY(q=1,θ=+0.180) | RY(q=5,θ=-3.142) | RX(q=7,θ=+3.142) | CNOT(1->5)	"[""RY(q=1)"", ""RY(q=5)"", ""RX(q=7)"", ""CNOT(1->5)""]"
crlqas__L3_CH2_Singlet_8q__L3_CH2_Singlet_8q_rotosolve_s2_20k__seed11111__ep12410__snap0	/home/ubuntu/NeurIPS2026/PSQASBench/results/crlqas/L3_CH2_Singlet_8q/Formal_EXP/L3_CH2_Singlet_8q_rotosolve_s2_20k/seed11111	12410	0	5	0.000623	0.000000	0.000000	0.000000	0.500000	5	2	3	4	1	20.00	rotosolve	CNOT(1->5)	RY(q=1) | RY(q=5) | RX(q=7) | CNOT(1->5)	RY(q=1,θ=+0.180) | RY(q=5,θ=-3.142) | RX(q=7,θ=+3.142) | CNOT(1->5)	"[""RY(q=1)"", ""RY(q=5)"", ""RX(q=7)"", ""CNOT(1->5)""]"
crlqas__L3_CH2_Singlet_8q__L3_CH2_Singlet_8q_rotosolve_s2_20k__seed11111__ep13609__snap0	/home/ubuntu/NeurIPS2026/PSQASBench/results/crlqas/L3_CH2_Singlet_8q/Formal_EXP/L3_CH2_Singlet_8q_rotosolve_s2_20k/seed11111	13609	0	6	0.000623	0.000000	0.000000	0.000000	0.500000	6	1	5	4	2	33.33	rotosolve	CNOT(1->5)	RY(q=1) | RY(q=7) | RY(q=5) | CNOT(1->5)	RY(q=1,θ=+0.180) | RY(q=7,θ=+3.142) | RY(q=5,θ=-3.142) | CNOT(1->5)	"[""RY(q=1)"", ""RY(q=7)"", ""RY(q=5)"", ""CNOT(1->5)""]"
crlqas__L3_CH2_Singlet_8q__L3_CH2_Singlet_8q_rotosolve_s2_20k__seed11111__ep12889__snap0	/home/ubuntu/NeurIPS2026/PSQASBench/results/crlqas/L3_CH2_Singlet_8q/Formal_EXP/L3_CH2_Singlet_8q_rotosolve_s2_20k/seed11111	12889	0	6	0.000623	0.000000	0.000000	0.000000	0.500000	6	1	5	4	2	33.33	rotosolve	CNOT(1->5)	RY(q=1) | RY(q=7) | RY(q=5) | CNOT(1->5)	RY(q=1,θ=+0.180) | RY(q=7,θ=+3.142) | RY(q=5,θ=-3.142) | CNOT(1->5)	"[""RY(q=1)"", ""RY(q=7)"", ""RY(q=5)"", ""CNOT(1->5)""]"
crlqas__L3_CH2_Singlet_8q__L3_CH2_Singlet_8q_rotosolve_s2_20k__seed11111__ep18117__snap0	/home/ubuntu/NeurIPS2026/PSQASBench/results/crlqas/L3_CH2_Singlet_8q/Formal_EXP/L3_CH2_Singlet_8q_rotosolve_s2_20k/seed11111	18117	0	8	0.000623	0.000000	0.000000	0.000000	0.500000	8	2	6	4	4	50.00	rotosolve	CNOT(1->5)	RY(q=1) | RX(q=7) | RY(q=5) | CNOT(1->5)	RY(q=1,θ=+0.180) | RX(q=7,θ=+3.142) | RY(q=5,θ=-3.142) | CNOT(1->5)	"[""RY(q=1)"", ""RX(q=7)"", ""RY(q=5)"", ""CNOT(1->5)""]"
crlqas__L3_CH2_Singlet_8q__L3_CH2_Singlet_8q_rotosolve_s2_20k__seed11111__ep19572__snap0	/home/ubuntu/NeurIPS2026/PSQASBench/results/crlqas/L3_CH2_Singlet_8q/Formal_EXP/L3_CH2_Singlet_8q_rotosolve_s2_20k/seed11111	19572	0	5	0.000623	0.000000	0.000000	0.000000	0.500000	5	2	3	4	1	20.00	rotosolve	CNOT(1->5)	RY(q=1) | RX(q=5) | RX(q=7) | CNOT(1->5)	RY(q=1,θ=+0.180) | RX(q=5,θ=-3.142) | RX(q=7,θ=+3.142) | CNOT(1->5)	"[""RY(q=1)"", ""RX(q=5)"", ""RX(q=7)"", ""CNOT(1->5)""]"
crlqas__L3_CH2_Singlet_8q__L3_CH2_Singlet_8q_rotosolve_s2_20k__seed11111__ep15365__snap0	/home/ubuntu/NeurIPS2026/PSQASBench/results/crlqas/L3_CH2_Singlet_8q/Formal_EXP/L3_CH2_Singlet_8q_rotosolve_s2_20k/seed11111	15365	0	6	0.000623	0.000000	0.000000	0.000000	0.500000	6	2	4	4	2	33.33	rotosolve	CNOT(1->5)	RY(q=1) | RY(q=5) | RX(q=7) | CNOT(1->5)	RY(q=1,θ=+0.180) | RY(q=5,θ=-3.142) | RX(q=7,θ=+3.142) | CNOT(1->5)	"[""RY(q=1)"", ""RY(q=5)"", ""RX(q=7)"", ""CNOT(1->5)""]"
crlqas__L3_CH2_Singlet_8q__L3_CH2_Singlet_8q_rotosolve_s2_20k__seed11111__ep13612__snap0	/home/ubuntu/NeurIPS2026/PSQASBench/results/crlqas/L3_CH2_Singlet_8q/Formal_EXP/L3_CH2_Singlet_8q_rotosolve_s2_20k/seed11111	13612	0	5	0.000623	0.000000	0.000000	0.000000	0.500000	5	1	4	4	1	20.00	rotosolve	CNOT(1->5)	RY(q=1) | RY(q=7) | RY(q=5) | CNOT(1->5)	RY(q=1,θ=+0.180) | RY(q=7,θ=+3.142) | RY(q=5,θ=-3.142) | CNOT(1->5)	"[""RY(q=1)"", ""RY(q=7)"", ""RY(q=5)"", ""CNOT(1->5)""]"
crlqas__L3_CH2_Singlet_8q__L3_CH2_Singlet_8q_rotosolve_s2_20k__seed11111__ep13454__snap0	/home/ubuntu/NeurIPS2026/PSQASBench/results/crlqas/L3_CH2_Singlet_8q/Formal_EXP/L3_CH2_Singlet_8q_rotosolve_s2_20k/seed11111	13454	0	7	0.000623	0.000000	0.000000	0.000000	0.500000	7	1	6	4	3	42.86	rotosolve	CNOT(1->5)	RY(q=1) | RY(q=7) | RY(q=5) | CNOT(1->5)	RY(q=1,θ=+0.180) | RY(q=7,θ=+3.142) | RY(q=5,θ=-3.142) | CNOT(1->5)	"[""RY(q=1)"", ""RY(q=7)"", ""RY(q=5)"", ""CNOT(1->5)""]"
crlqas__L3_CH2_Singlet_8q__L3_CH2_Singlet_8q_rotosolve_s2_20k__seed11111__ep19139__snap0	/home/ubuntu/NeurIPS2026/PSQASBench/results/crlqas/L3_CH2_Singlet_8q/Formal_EXP/L3_CH2_Singlet_8q_rotosolve_s2_20k/seed11111	19139	0	7	0.000623	0.000000	0.000000	0.000000	0.500000	7	2	5	4	3	42.86	rotosolve	CNOT(1->5)	RY(q=1) | RY(q=5) | RY(q=7) | CNOT(1->5)	RY(q=1,θ=+0.180) | RY(q=5,θ=-3.142) | RY(q=7,θ=+3.142) | CNOT(1->5)	"[""RY(q=1)"", ""RY(q=5)"", ""RY(q=7)"", ""CNOT(1->5)""]"
crlqas__L3_CH2_Singlet_8q__L3_CH2_Singlet_8q_rotosolve_s2_20k__seed11111__ep16990__snap0	/home/ubuntu/NeurIPS2026/PSQASBench/results/crlqas/L3_CH2_Singlet_8q/Formal_EXP/L3_CH2_Singlet_8q_rotosolve_s2_20k/seed11111	16990	0	5	0.000623	0.000000	0.000000	0.000000	0.500000	5	2	3	4	1	20.00	rotosolve	CNOT(1->5)	RY(q=1) | RY(q=5) | RX(q=7) | CNOT(1->5)	RY(q=1,θ=+0.180) | RY(q=5,θ=-3.142) | RX(q=7,θ=+3.142) | CNOT(1->5)	"[""RY(q=1)"", ""RY(q=5)"", ""RX(q=7)"", ""CNOT(1->5)""]"
crlqas__L3_CH2_Singlet_8q__L3_CH2_Singlet_8q_rotosolve_s2_20k__seed11111__ep12945__snap0	/home/ubuntu/NeurIPS2026/PSQASBench/results/crlqas/L3_CH2_Singlet_8q/Formal_EXP/L3_CH2_Singlet_8q_rotosolve_s2_20k/seed11111	12945	0	5	0.000623	0.000000	0.000000	0.000000	0.500000	5	1	4	4	1	20.00	rotosolve	CNOT(1->5)	RY(q=1) | RY(q=5) | CNOT(5->7) | CNOT(1->5)	RY(q=1,θ=+0.180) | RY(q=5,θ=-3.142) | CNOT(5->7) | CNOT(1->5)	"[""RY(q=1)"", ""RY(q=5)"", ""CNOT(5->7)"", ""CNOT(1->5)""]"
crlqas__L3_CH2_Singlet_8q__L3_CH2_Singlet_8q_rotosolve_s2_20k__seed11111__ep10758__snap0	/home/ubuntu/NeurIPS2026/PSQASBench/results/crlqas/L3_CH2_Singlet_8q/Formal_EXP/L3_CH2_Singlet_8q_rotosolve_s2_20k/seed11111	10758	0	7	0.000623	0.000000	0.000000	0.000000	0.500000	7	1	6	4	3	42.86	rotosolve	CNOT(1->5)	RY(q=1) | RY(q=5) | RY(q=7) | CNOT(1->5)	RY(q=1,θ=+0.180) | RY(q=5,θ=-3.142) | RY(q=7,θ=+3.142) | CNOT(1->5)	"[""RY(q=1)"", ""RY(q=5)"", ""RY(q=7)"", ""CNOT(1->5)""]"
crlqas__L3_CH2_Singlet_8q__L3_CH2_Singlet_8q_rotosolve_s2_20k__seed11111__ep16926__snap0	/home/ubuntu/NeurIPS2026/PSQASBench/results/crlqas/L3_CH2_Singlet_8q/Formal_EXP/L3_CH2_Singlet_8q_rotosolve_s2_20k/seed11111	16926	0	6	0.000623	0.000000	0.000000	0.000000	0.500000	6	1	5	4	2	33.33	rotosolve	CNOT(1->5)	RY(q=7) | RY(q=1) | RY(q=5) | CNOT(1->5)	RY(q=7,θ=+3.142) | RY(q=1,θ=+0.180) | RY(q=5,θ=-3.142) | CNOT(1->5)	"[""RY(q=7)"", ""RY(q=1)"", ""RY(q=5)"", ""CNOT(1->5)""]"
crlqas__L3_CH2_Singlet_8q__L3_CH2_Singlet_8q_rotosolve_s2_20k__seed11111__ep18099__snap0	/home/ubuntu/NeurIPS2026/PSQASBench/results/crlqas/L3_CH2_Singlet_8q/Formal_EXP/L3_CH2_Singlet_8q_rotosolve_s2_20k/seed11111	18099	0	5	0.000623	0.000000	0.000000	0.000000	0.500000	5	1	4	4	1	20.00	rotosolve	CNOT(1->5)	RY(q=1) | RY(q=5) | CNOT(5->7) | CNOT(1->5)	RY(q=1,θ=+0.180) | RY(q=5,θ=-3.142) | CNOT(5->7) | CNOT(1->5)	"[""RY(q=1)"", ""RY(q=5)"", ""CNOT(5->7)"", ""CNOT(1->5)""]"
crlqas__L3_CH2_Singlet_8q__L3_CH2_Singlet_8q_rotosolve_s2_20k__seed11111__ep13116__snap0	/home/ubuntu/NeurIPS2026/PSQASBench/results/crlqas/L3_CH2_Singlet_8q/Formal_EXP/L3_CH2_Singlet_8q_rotosolve_s2_20k/seed11111	13116	0	6	0.000623	0.000000	0.000000	0.000000	0.500000	6	2	4	4	2	33.33	rotosolve	CNOT(1->5)	RY(q=1) | RY(q=5) | RX(q=7) | CNOT(1->5)	RY(q=1,θ=+0.180) | RY(q=5,θ=-3.142) | RX(q=7,θ=+3.142) | CNOT(1->5)	"[""RY(q=1)"", ""RY(q=5)"", ""RX(q=7)"", ""CNOT(1->5)""]"
crlqas__L3_CH2_Singlet_8q__L3_CH2_Singlet_8q_rotosolve_s2_20k__seed11111__ep16913__snap0	/home/ubuntu/NeurIPS2026/PSQASBench/results/crlqas/L3_CH2_Singlet_8q/Formal_EXP/L3_CH2_Singlet_8q_rotosolve_s2_20k/seed11111	16913	0	4	0.000623	0.000000	0.000000	0.000000	0.500000	4	2	2	4	0	0.00	rotosolve	CNOT(1->5)	RY(q=1) | RY(q=5) | RX(q=7) | CNOT(1->5)	RY(q=1,θ=+0.180) | RY(q=5,θ=-3.142) | RX(q=7,θ=+3.142) | CNOT(1->5)	"[""RY(q=1)"", ""RY(q=5)"", ""RX(q=7)"", ""CNOT(1->5)""]"
crlqas__L3_CH2_Singlet_8q__L3_CH2_Singlet_8q_rotosolve_s2_20k__seed11111__ep11422__snap0	/home/ubuntu/NeurIPS2026/PSQASBench/results/crlqas/L3_CH2_Singlet_8q/Formal_EXP/L3_CH2_Singlet_8q_rotosolve_s2_20k/seed11111	11422	0	5	0.000623	0.000000	0.000000	0.000000	0.500000	5	2	3	4	1	20.00	rotosolve	CNOT(1->5)	RX(q=7) | RY(q=1) | RY(q=5) | CNOT(1->5)	RX(q=7,θ=+3.142) | RY(q=1,θ=+0.180) | RY(q=5,θ=-3.142) | CNOT(1->5)	"[""RX(q=7)"", ""RY(q=1)"", ""RY(q=5)"", ""CNOT(1->5)""]"
crlqas__L3_CH2_Singlet_8q__L3_CH2_Singlet_8q_rotosolve_s2_20k__seed11111__ep16115__snap0	/home/ubuntu/NeurIPS2026/PSQASBench/results/crlqas/L3_CH2_Singlet_8q/Formal_EXP/L3_CH2_Singlet_8q_rotosolve_s2_20k/seed11111	16115	0	8	0.000623	0.000000	0.000000	0.000000	0.500000	8	3	5	4	4	50.00	rotosolve	CNOT(1->5)	RY(q=1) | RY(q=5) | RX(q=7) | CNOT(1->5)	RY(q=1,θ=+0.180) | RY(q=5,θ=-3.142) | RX(q=7,θ=+3.142) | CNOT(1->5)	"[""RY(q=1)"", ""RY(q=5)"", ""RX(q=7)"", ""CNOT(1->5)""]"
crlqas__L3_CH2_Singlet_8q__L3_CH2_Singlet_8q_rotosolve_s2_20k__seed11111__ep18529__snap0	/home/ubuntu/NeurIPS2026/PSQASBench/results/crlqas/L3_CH2_Singlet_8q/Formal_EXP/L3_CH2_Singlet_8q_rotosolve_s2_20k/seed11111	18529	0	6	0.000623	0.000000	0.000000	0.000000	0.500000	6	1	5	4	2	33.33	rotosolve	CNOT(1->5)	RY(q=1) | RY(q=7) | RY(q=5) | CNOT(1->5)	RY(q=1,θ=+0.180) | RY(q=7,θ=+3.142) | RY(q=5,θ=-3.142) | CNOT(1->5)	"[""RY(q=1)"", ""RY(q=7)"", ""RY(q=5)"", ""CNOT(1->5)""]"
crlqas__L3_CH2_Singlet_8q__L3_CH2_Singlet_8q_rotosolve_s2_20k__seed11111__ep15632__snap0	/home/ubuntu/NeurIPS2026/PSQASBench/results/crlqas/L3_CH2_Singlet_8q/Formal_EXP/L3_CH2_Singlet_8q_rotosolve_s2_20k/seed11111	15632	0	7	0.000623	0.000000	0.000000	0.000000	0.500000	7	2	5	4	3	42.86	rotosolve	CNOT(1->5)	RY(q=1) | RY(q=5) | RX(q=7) | CNOT(1->5)	RY(q=1,θ=+0.180) | RY(q=5,θ=-3.142) | RX(q=7,θ=+3.142) | CNOT(1->5)	"[""RY(q=1)"", ""RY(q=5)"", ""RX(q=7)"", ""CNOT(1->5)""]"
crlqas__L3_CH2_Singlet_8q__L3_CH2_Singlet_8q_rotosolve_s2_20k__seed11111__ep14076__snap0	/home/ubuntu/NeurIPS2026/PSQASBench/results/crlqas/L3_CH2_Singlet_8q/Formal_EXP/L3_CH2_Singlet_8q_rotosolve_s2_20k/seed11111	14076	0	7	0.000623	0.000000	0.000000	0.000000	0.500000	7	2	5	4	3	42.86	rotosolve	CNOT(1->5)	RY(q=1) | RY(q=5) | RX(q=7) | CNOT(1->5)	RY(q=1,θ=+0.180) | RY(q=5,θ=-3.142) | RX(q=7,θ=+3.142) | CNOT(1->5)	"[""RY(q=1)"", ""RY(q=5)"", ""RX(q=7)"", ""CNOT(1->5)""]"
crlqas__L3_CH2_Singlet_8q__L3_CH2_Singlet_8q_rotosolve_s2_20k__seed11111__ep10147__snap0	/home/ubuntu/NeurIPS2026/PSQASBench/results/crlqas/L3_CH2_Singlet_8q/Formal_EXP/L3_CH2_Singlet_8q_rotosolve_s2_20k/seed11111	10147	0	5	0.000623	0.000000	0.000000	0.000000	0.500000	5	1	4	4	1	20.00	rotosolve	CNOT(0->4)	RX(q=6) | RY(q=0) | RY(q=4) | CNOT(0->4)	RX(q=6,θ=+3.142) | RY(q=0,θ=+0.180) | RY(q=4,θ=-3.142) | CNOT(0->4)	"[""RX(q=6)"", ""RY(q=0)"", ""RY(q=4)"", ""CNOT(0->4)""]"
crlqas__L3_CH2_Singlet_8q__L3_CH2_Singlet_8q_rotosolve_s2_20k__seed11111__ep17859__snap0	/home/ubuntu/NeurIPS2026/PSQASBench/results/crlqas/L3_CH2_Singlet_8q/Formal_EXP/L3_CH2_Singlet_8q_rotosolve_s2_20k/seed11111	17859	0	9	0.000623	0.000000	0.000000	0.000000	0.500000	9	1	8	4	5	55.56	rotosolve	CNOT(1->5)	RY(q=1) | RY(q=7) | RY(q=5) | CNOT(1->5)	RY(q=1,θ=+0.180) | RY(q=7,θ=+3.142) | RY(q=5,θ=-3.142) | CNOT(1->5)	"[""RY(q=1)"", ""RY(q=7)"", ""RY(q=5)"", ""CNOT(1->5)""]"
crlqas__L3_CH2_Singlet_8q__L3_CH2_Singlet_8q_rotosolve_s2_20k__seed11111__ep17337__snap0	/home/ubuntu/NeurIPS2026/PSQASBench/results/crlqas/L3_CH2_Singlet_8q/Formal_EXP/L3_CH2_Singlet_8q_rotosolve_s2_20k/seed11111	17337	0	5	0.000623	0.000000	0.000000	0.000000	0.500000	5	2	3	4	1	20.00	rotosolve	CNOT(1->5)	RY(q=1) | RY(q=5) | RX(q=7) | CNOT(1->5)	RY(q=1,θ=+0.180) | RY(q=5,θ=-3.142) | RX(q=7,θ=+3.142) | CNOT(1->5)	"[""RY(q=1)"", ""RY(q=5)"", ""RX(q=7)"", ""CNOT(1->5)""]"
crlqas__L3_CH2_Singlet_8q__L3_CH2_Singlet_8q_rotosolve_s2_20k__seed11111__ep18735__snap0	/home/ubuntu/NeurIPS2026/PSQASBench/results/crlqas/L3_CH2_Singlet_8q/Formal_EXP/L3_CH2_Singlet_8q_rotosolve_s2_20k/seed11111	18735	0	6	0.000623	0.000000	0.000000	0.000000	0.500000	6	1	5	4	2	33.33	rotosolve	CNOT(1->5)	RY(q=5) | RY(q=1) | RY(q=7) | CNOT(1->5)	RY(q=5,θ=-3.142) | RY(q=1,θ=+0.180) | RY(q=7,θ=+3.142) | CNOT(1->5)	"[""RY(q=5)"", ""RY(q=1)"", ""RY(q=7)"", ""CNOT(1->5)""]"
crlqas__L3_CH2_Singlet_8q__L3_CH2_Singlet_8q_rotosolve_s2_20k__seed11111__ep11558__snap0	/home/ubuntu/NeurIPS2026/PSQASBench/results/crlqas/L3_CH2_Singlet_8q/Formal_EXP/L3_CH2_Singlet_8q_rotosolve_s2_20k/seed11111	11558	0	10	0.000623	0.000000	0.000000	0.000000	0.500000	10	2	8	4	6	60.00	rotosolve	CNOT(1->5)	RY(q=1) | RY(q=5) | RX(q=7) | CNOT(1->5)	RY(q=1,θ=+0.180) | RY(q=5,θ=-3.142) | RX(q=7,θ=+3.142) | CNOT(1->5)	"[""RY(q=1)"", ""RY(q=5)"", ""RX(q=7)"", ""CNOT(1->5)""]"
crlqas__L3_CH2_Singlet_8q__L3_CH2_Singlet_8q_rotosolve_s2_20k__seed11111__ep19146__snap0	/home/ubuntu/NeurIPS2026/PSQASBench/results/crlqas/L3_CH2_Singlet_8q/Formal_EXP/L3_CH2_Singlet_8q_rotosolve_s2_20k/seed11111	19146	0	5	0.000623	0.000000	0.000000	0.000000	0.500000	5	2	3	4	1	20.00	rotosolve	CNOT(1->5)	RX(q=7) | RY(q=1) | RY(q=5) | CNOT(1->5)	RX(q=7,θ=+3.142) | RY(q=1,θ=+0.180) | RY(q=5,θ=-3.142) | CNOT(1->5)	"[""RX(q=7)"", ""RY(q=1)"", ""RY(q=5)"", ""CNOT(1->5)""]"
crlqas__L3_CH2_Singlet_8q__L3_CH2_Singlet_8q_rotosolve_s2_20k__seed11111__ep16563__snap0	/home/ubuntu/NeurIPS2026/PSQASBench/results/crlqas/L3_CH2_Singlet_8q/Formal_EXP/L3_CH2_Singlet_8q_rotosolve_s2_20k/seed11111	16563	0	6	0.000623	0.000000	0.000000	0.000000	0.500000	6	2	4	4	2	33.33	rotosolve	CNOT(1->5)	RY(q=1) | RY(q=5) | RX(q=7) | CNOT(1->5)	RY(q=1,θ=+0.180) | RY(q=5,θ=-3.142) | RX(q=7,θ=+3.142) | CNOT(1->5)	"[""RY(q=1)"", ""RY(q=5)"", ""RX(q=7)"", ""CNOT(1->5)""]"
crlqas__L3_CH2_Singlet_8q__L3_CH2_Singlet_8q_rotosolve_s2_20k__seed11111__ep15286__snap0	/home/ubuntu/NeurIPS2026/PSQASBench/results/crlqas/L3_CH2_Singlet_8q/Formal_EXP/L3_CH2_Singlet_8q_rotosolve_s2_20k/seed11111	15286	0	6	0.000623	0.000000	0.000000	0.000000	0.500000	6	1	5	4	2	33.33	rotosolve	CNOT(0->4)	RY(q=4) | RX(q=6) | RY(q=0) | CNOT(0->4)	RY(q=4,θ=-3.142) | RX(q=6,θ=+3.142) | RY(q=0,θ=+0.180) | CNOT(0->4)	"[""RY(q=4)"", ""RX(q=6)"", ""RY(q=0)"", ""CNOT(0->4)""]"
crlqas__L3_CH2_Singlet_8q__L3_CH2_Singlet_8q_rotosolve_s2_20k__seed11111__ep14205__snap0	/home/ubuntu/NeurIPS2026/PSQASBench/results/crlqas/L3_CH2_Singlet_8q/Formal_EXP/L3_CH2_Singlet_8q_rotosolve_s2_20k/seed11111	14205	0	7	0.000623	0.000000	0.000000	0.000000	0.500000	7	1	6	4	3	42.86	rotosolve	CNOT(1->5)	RY(q=1) | RY(q=7) | RY(q=5) | CNOT(1->5)	RY(q=1,θ=+0.180) | RY(q=7,θ=+3.142) | RY(q=5,θ=-3.142) | CNOT(1->5)	"[""RY(q=1)"", ""RY(q=7)"", ""RY(q=5)"", ""CNOT(1->5)""]"
crlqas__L3_CH2_Singlet_8q__L3_CH2_Singlet_8q_rotosolve_s2_20k__seed11111__ep17718__snap0	/home/ubuntu/NeurIPS2026/PSQASBench/results/crlqas/L3_CH2_Singlet_8q/Formal_EXP/L3_CH2_Singlet_8q_rotosolve_s2_20k/seed11111	17718	0	6	0.000623	0.000000	0.000000	0.000000	0.500000	6	1	5	4	2	33.33	rotosolve	CNOT(0->4)	RX(q=6) | RY(q=0) | RY(q=4) | CNOT(0->4)	RX(q=6,θ=+3.142) | RY(q=0,θ=+0.180) | RY(q=4,θ=-3.142) | CNOT(0->4)	"[""RX(q=6)"", ""RY(q=0)"", ""RY(q=4)"", ""CNOT(0->4)""]"
crlqas__L3_CH2_Singlet_8q__L3_CH2_Singlet_8q_rotosolve_s2_20k__seed11111__ep16082__snap0	/home/ubuntu/NeurIPS2026/PSQASBench/results/crlqas/L3_CH2_Singlet_8q/Formal_EXP/L3_CH2_Singlet_8q_rotosolve_s2_20k/seed11111	16082	0	6	0.000623	0.000000	0.000000	0.000000	0.500000	6	2	4	4	2	33.33	rotosolve	CNOT(1->5)	RY(q=1) | RY(q=5) | RX(q=7) | CNOT(1->5)	RY(q=1,θ=+0.180) | RY(q=5,θ=-3.142) | RX(q=7,θ=+3.142) | CNOT(1->5)	"[""RY(q=1)"", ""RY(q=5)"", ""RX(q=7)"", ""CNOT(1->5)""]"
crlqas__L3_CH2_Singlet_8q__L3_CH2_Singlet_8q_rotosolve_s2_20k__seed11111__ep14180__snap0	/home/ubuntu/NeurIPS2026/PSQASBench/results/crlqas/L3_CH2_Singlet_8q/Formal_EXP/L3_CH2_Singlet_8q_rotosolve_s2_20k/seed11111	14180	0	5	0.000623	0.000000	0.000000	0.000000	0.500000	5	2	3	4	1	20.00	rotosolve	CNOT(1->5)	RY(q=1) | RY(q=5) | RX(q=7) | CNOT(1->5)	RY(q=1,θ=+0.180) | RY(q=5,θ=-3.142) | RX(q=7,θ=+3.142) | CNOT(1->5)	"[""RY(q=1)"", ""RY(q=5)"", ""RX(q=7)"", ""CNOT(1->5)""]"
crlqas__L3_CH2_Singlet_8q__L3_CH2_Singlet_8q_rotosolve_s2_20k__seed11111__ep16128__snap0	/home/ubuntu/NeurIPS2026/PSQASBench/results/crlqas/L3_CH2_Singlet_8q/Formal_EXP/L3_CH2_Singlet_8q_rotosolve_s2_20k/seed11111	16128	0	7	0.000623	0.000000	0.000000	0.000000	0.500000	7	1	6	4	3	42.86	rotosolve	CNOT(1->5)	RY(q=1) | RY(q=7) | RY(q=5) | CNOT(1->5)	RY(q=1,θ=+0.180) | RY(q=7,θ=+3.142) | RY(q=5,θ=-3.142) | CNOT(1->5)	"[""RY(q=1)"", ""RY(q=7)"", ""RY(q=5)"", ""CNOT(1->5)""]"
crlqas__L3_CH2_Singlet_8q__L3_CH2_Singlet_8q_rotosolve_s2_20k__seed11111__ep13412__snap0	/home/ubuntu/NeurIPS2026/PSQASBench/results/crlqas/L3_CH2_Singlet_8q/Formal_EXP/L3_CH2_Singlet_8q_rotosolve_s2_20k/seed11111	13412	0	7	0.000623	0.000000	0.000000	0.000000	0.500000	7	2	5	4	3	42.86	rotosolve	CNOT(1->5)	RY(q=1) | RY(q=5) | RX(q=7) | CNOT(1->5)	RY(q=1,θ=+0.180) | RY(q=5,θ=-3.142) | RX(q=7,θ=+3.142) | CNOT(1->5)	"[""RY(q=1)"", ""RY(q=5)"", ""RX(q=7)"", ""CNOT(1->5)""]"
crlqas__L3_CH2_Singlet_8q__L3_CH2_Singlet_8q_rotosolve_s2_20k__seed11111__ep12725__snap0	/home/ubuntu/NeurIPS2026/PSQASBench/results/crlqas/L3_CH2_Singlet_8q/Formal_EXP/L3_CH2_Singlet_8q_rotosolve_s2_20k/seed11111	12725	0	5	0.000623	0.000000	0.000000	0.000000	0.500000	5	1	4	4	1	20.00	rotosolve	CNOT(1->5)	RY(q=5) | RY(q=1) | CNOT(5->7) | CNOT(1->5)	RY(q=5,θ=-3.142) | RY(q=1,θ=+0.180) | CNOT(5->7) | CNOT(1->5)	"[""RY(q=5)"", ""RY(q=1)"", ""CNOT(5->7)"", ""CNOT(1->5)""]"
crlqas__L3_CH2_Singlet_8q__L3_CH2_Singlet_8q_rotosolve_s2_20k__seed11111__ep10731__snap0	/home/ubuntu/NeurIPS2026/PSQASBench/results/crlqas/L3_CH2_Singlet_8q/Formal_EXP/L3_CH2_Singlet_8q_rotosolve_s2_20k/seed11111	10731	0	5	0.000623	0.000000	0.000000	0.000000	0.500000	5	1	4	4	1	20.00	rotosolve	CNOT(0->4)	RY(q=4) | RX(q=6) | RY(q=0) | CNOT(0->4)	RY(q=4,θ=-3.142) | RX(q=6,θ=+3.142) | RY(q=0,θ=+0.180) | CNOT(0->4)	"[""RY(q=4)"", ""RX(q=6)"", ""RY(q=0)"", ""CNOT(0->4)""]"
crlqas__L3_CH2_Singlet_8q__L3_CH2_Singlet_8q_rotosolve_s2_20k__seed11111__ep10975__snap0	/home/ubuntu/NeurIPS2026/PSQASBench/results/crlqas/L3_CH2_Singlet_8q/Formal_EXP/L3_CH2_Singlet_8q_rotosolve_s2_20k/seed11111	10975	0	5	0.000623	0.000000	0.000000	0.000000	0.500000	5	1	4	4	1	20.00	rotosolve	CNOT(0->4)	RX(q=4) | RX(q=6) | RY(q=0) | CNOT(0->4)	RX(q=4,θ=-3.142) | RX(q=6,θ=+3.142) | RY(q=0,θ=+0.180) | CNOT(0->4)	"[""RX(q=4)"", ""RX(q=6)"", ""RY(q=0)"", ""CNOT(0->4)""]"
crlqas__L3_CH2_Singlet_8q__L3_CH2_Singlet_8q_rotosolve_s2_20k__seed11111__ep11242__snap0	/home/ubuntu/NeurIPS2026/PSQASBench/results/crlqas/L3_CH2_Singlet_8q/Formal_EXP/L3_CH2_Singlet_8q_rotosolve_s2_20k/seed11111	11242	0	5	0.000623	0.000000	0.000000	0.000000	0.500000	5	1	4	4	1	20.00	rotosolve	CNOT(0->4)	RY(q=4) | RX(q=6) | RY(q=0) | CNOT(0->4)	RY(q=4,θ=-3.142) | RX(q=6,θ=+3.142) | RY(q=0,θ=+0.180) | CNOT(0->4)	"[""RY(q=4)"", ""RX(q=6)"", ""RY(q=0)"", ""CNOT(0->4)""]"
crlqas__L3_CH2_Singlet_8q__L3_CH2_Singlet_8q_rotosolve_s2_20k__seed11111__ep10719__snap0	/home/ubuntu/NeurIPS2026/PSQASBench/results/crlqas/L3_CH2_Singlet_8q/Formal_EXP/L3_CH2_Singlet_8q_rotosolve_s2_20k/seed11111	10719	0	5	0.000623	0.000000	0.000000	0.000000	0.500000	5	1	4	4	1	20.00	rotosolve	CNOT(1->5)	RY(q=7) | RY(q=1) | RY(q=5) | CNOT(1->5)	RY(q=7,θ=+3.142) | RY(q=1,θ=+0.180) | RY(q=5,θ=-3.142) | CNOT(1->5)	"[""RY(q=7)"", ""RY(q=1)"", ""RY(q=5)"", ""CNOT(1->5)""]"
crlqas__L3_CH2_Singlet_8q__L3_CH2_Singlet_8q_rotosolve_s2_20k__seed11111__ep17219__snap0	/home/ubuntu/NeurIPS2026/PSQASBench/results/crlqas/L3_CH2_Singlet_8q/Formal_EXP/L3_CH2_Singlet_8q_rotosolve_s2_20k/seed11111	17219	0	6	0.000623	0.000000	0.000000	0.000000	0.500000	6	1	5	4	2	33.33	rotosolve	CNOT(1->5)	RY(q=1) | RY(q=7) | RY(q=5) | CNOT(1->5)	RY(q=1,θ=+0.180) | RY(q=7,θ=+3.142) | RY(q=5,θ=-3.142) | CNOT(1->5)	"[""RY(q=1)"", ""RY(q=7)"", ""RY(q=5)"", ""CNOT(1->5)""]"
crlqas__L3_CH2_Singlet_8q__L3_CH2_Singlet_8q_rotosolve_s2_20k__seed11111__ep16597__snap0	/home/ubuntu/NeurIPS2026/PSQASBench/results/crlqas/L3_CH2_Singlet_8q/Formal_EXP/L3_CH2_Singlet_8q_rotosolve_s2_20k/seed11111	16597	0	6	0.000623	0.000000	0.000000	0.000000	0.500000	6	2	4	4	2	33.33	rotosolve	CNOT(1->5)	RY(q=1) | RY(q=5) | RX(q=7) | CNOT(1->5)	RY(q=1,θ=+0.180) | RY(q=5,θ=-3.142) | RX(q=7,θ=+3.142) | CNOT(1->5)	"[""RY(q=1)"", ""RY(q=5)"", ""RX(q=7)"", ""CNOT(1->5)""]"
crlqas__L3_CH2_Singlet_8q__L3_CH2_Singlet_8q_rotosolve_s2_20k__seed11111__ep17985__snap0	/home/ubuntu/NeurIPS2026/PSQASBench/results/crlqas/L3_CH2_Singlet_8q/Formal_EXP/L3_CH2_Singlet_8q_rotosolve_s2_20k/seed11111	17985	0	8	0.000623	0.000000	0.000000	0.000000	0.500000	8	2	6	4	4	50.00	rotosolve	CNOT(1->5)	RX(q=7) | RY(q=5) | RY(q=1) | CNOT(1->5)	RX(q=7,θ=+3.142) | RY(q=5,θ=-3.142) | RY(q=1,θ=+0.180) | CNOT(1->5)	"[""RX(q=7)"", ""RY(q=5)"", ""RY(q=1)"", ""CNOT(1->5)""]"
crlqas__L3_CH2_Singlet_8q__L3_CH2_Singlet_8q_rotosolve_s2_20k__seed11111__ep13777__snap0	/home/ubuntu/NeurIPS2026/PSQASBench/results/crlqas/L3_CH2_Singlet_8q/Formal_EXP/L3_CH2_Singlet_8q_rotosolve_s2_20k/seed11111	13777	0	6	0.000623	0.000000	0.000000	0.000000	0.500000	6	1	5	4	2	33.33	rotosolve	CNOT(1->5)	RY(q=1) | RY(q=5) | RY(q=7) | CNOT(1->5)	RY(q=1,θ=+0.180) | RY(q=5,θ=-3.142) | RY(q=7,θ=+3.142) | CNOT(1->5)	"[""RY(q=1)"", ""RY(q=5)"", ""RY(q=7)"", ""CNOT(1->5)""]"
crlqas__L3_CH2_Singlet_8q__L3_CH2_Singlet_8q_rotosolve_s2_20k__seed11111__ep10017__snap0	/home/ubuntu/NeurIPS2026/PSQASBench/results/crlqas/L3_CH2_Singlet_8q/Formal_EXP/L3_CH2_Singlet_8q_rotosolve_s2_20k/seed11111	10017	0	5	0.000623	0.000000	0.000000	0.000000	0.500000	5	2	3	4	1	20.00	rotosolve	CNOT(1->5)	RY(q=1) | RY(q=5) | RX(q=7) | CNOT(1->5)	RY(q=1,θ=+0.180) | RY(q=5,θ=-3.142) | RX(q=7,θ=+3.142) | CNOT(1->5)	"[""RY(q=1)"", ""RY(q=5)"", ""RX(q=7)"", ""CNOT(1->5)""]"
crlqas__L3_CH2_Singlet_8q__L3_CH2_Singlet_8q_rotosolve_s2_20k__seed11111__ep19282__snap0	/home/ubuntu/NeurIPS2026/PSQASBench/results/crlqas/L3_CH2_Singlet_8q/Formal_EXP/L3_CH2_Singlet_8q_rotosolve_s2_20k/seed11111	19282	0	5	0.000623	0.000000	0.000000	0.000000	0.500000	5	2	3	4	1	20.00	rotosolve	CNOT(1->5)	RY(q=1) | RY(q=5) | RX(q=7) | CNOT(1->5)	RY(q=1,θ=+0.180) | RY(q=5,θ=-3.142) | RX(q=7,θ=+3.142) | CNOT(1->5)	"[""RY(q=1)"", ""RY(q=5)"", ""RX(q=7)"", ""CNOT(1->5)""]"
crlqas__L3_CH2_Singlet_8q__L3_CH2_Singlet_8q_rotosolve_s2_20k__seed11111__ep18353__snap0	/home/ubuntu/NeurIPS2026/PSQASBench/results/crlqas/L3_CH2_Singlet_8q/Formal_EXP/L3_CH2_Singlet_8q_rotosolve_s2_20k/seed11111	18353	0	5	0.000623	0.000000	0.000000	0.000000	0.500000	5	2	3	4	1	20.00	rotosolve	CNOT(1->5)	RY(q=1) | RY(q=5) | RX(q=7) | CNOT(1->5)	RY(q=1,θ=+0.180) | RY(q=5,θ=-3.142) | RX(q=7,θ=+3.142) | CNOT(1->5)	"[""RY(q=1)"", ""RY(q=5)"", ""RX(q=7)"", ""CNOT(1->5)""]"
crlqas__L3_CH2_Singlet_8q__L3_CH2_Singlet_8q_rotosolve_s2_20k__seed11111__ep17407__snap0	/home/ubuntu/NeurIPS2026/PSQASBench/results/crlqas/L3_CH2_Singlet_8q/Formal_EXP/L3_CH2_Singlet_8q_rotosolve_s2_20k/seed11111	17407	0	5	0.000623	0.000000	0.000000	0.000000	0.500000	5	2	3	4	1	20.00	rotosolve	CNOT(1->5)	RY(q=1) | RX(q=7) | RY(q=5) | CNOT(1->5)	RY(q=1,θ=+0.180) | RX(q=7,θ=+3.142) | RY(q=5,θ=-3.142) | CNOT(1->5)	"[""RY(q=1)"", ""RX(q=7)"", ""RY(q=5)"", ""CNOT(1->5)""]"
crlqas__L3_CH2_Singlet_8q__L3_CH2_Singlet_8q_rotosolve_s2_20k__seed11111__ep19184__snap0	/home/ubuntu/NeurIPS2026/PSQASBench/results/crlqas/L3_CH2_Singlet_8q/Formal_EXP/L3_CH2_Singlet_8q_rotosolve_s2_20k/seed11111	19184	0	8	0.000623	0.000000	0.000000	0.000000	0.500000	8	1	7	4	4	50.00	rotosolve	RY(q=5)	RY(q=7) | RY(q=1) | CNOT(1->5) | RY(q=5)	RY(q=7,θ=+3.142) | RY(q=1,θ=-0.180) | CNOT(1->5) | RY(q=5,θ=-3.142)	"[""RY(q=7)"", ""RY(q=1)"", ""CNOT(1->5)"", ""RY(q=5)""]"
crlqas__L3_CH2_Singlet_8q__L3_CH2_Singlet_8q_rotosolve_s2_20k__seed11111__ep16210__snap0	/home/ubuntu/NeurIPS2026/PSQASBench/results/crlqas/L3_CH2_Singlet_8q/Formal_EXP/L3_CH2_Singlet_8q_rotosolve_s2_20k/seed11111	16210	0	6	0.000623	0.000000	0.000000	0.000000	0.500000	6	1	5	4	2	33.33	rotosolve	CNOT(1->5)	RY(q=1) | RY(q=5) | RY(q=7) | CNOT(1->5)	RY(q=1,θ=+0.180) | RY(q=5,θ=-3.142) | RY(q=7,θ=+3.142) | CNOT(1->5)	"[""RY(q=1)"", ""RY(q=5)"", ""RY(q=7)"", ""CNOT(1->5)""]"
crlqas__L3_CH2_Singlet_8q__L3_CH2_Singlet_8q_rotosolve_s2_20k__seed11111__ep13647__snap0	/home/ubuntu/NeurIPS2026/PSQASBench/results/crlqas/L3_CH2_Singlet_8q/Formal_EXP/L3_CH2_Singlet_8q_rotosolve_s2_20k/seed11111	13647	0	5	0.000623	0.000000	0.000000	0.000000	0.500000	5	2	3	4	1	20.00	rotosolve	CNOT(1->5)	RY(q=1) | RY(q=5) | RX(q=7) | CNOT(1->5)	RY(q=1,θ=+0.180) | RY(q=5,θ=-3.142) | RX(q=7,θ=+3.142) | CNOT(1->5)	"[""RY(q=1)"", ""RY(q=5)"", ""RX(q=7)"", ""CNOT(1->5)""]"
crlqas__L3_CH2_Singlet_8q__L3_CH2_Singlet_8q_rotosolve_s2_20k__seed11111__ep16927__snap0	/home/ubuntu/NeurIPS2026/PSQASBench/results/crlqas/L3_CH2_Singlet_8q/Formal_EXP/L3_CH2_Singlet_8q_rotosolve_s2_20k/seed11111	16927	0	6	0.000623	0.000000	0.000000	0.000000	0.500000	6	2	4	4	2	33.33	rotosolve	CNOT(1->5)	RY(q=5) | RY(q=1) | RX(q=7) | CNOT(1->5)	RY(q=5,θ=-3.142) | RY(q=1,θ=+0.180) | RX(q=7,θ=+3.142) | CNOT(1->5)	"[""RY(q=5)"", ""RY(q=1)"", ""RX(q=7)"", ""CNOT(1->5)""]"
crlqas__L3_CH2_Singlet_8q__L3_CH2_Singlet_8q_rotosolve_s2_20k__seed11111__ep11325__snap0	/home/ubuntu/NeurIPS2026/PSQASBench/results/crlqas/L3_CH2_Singlet_8q/Formal_EXP/L3_CH2_Singlet_8q_rotosolve_s2_20k/seed11111	11325	0	7	0.000623	0.000000	0.000000	0.000000	0.500000	7	2	5	4	3	42.86	rotosolve	CNOT(1->5)	RY(q=1) | RY(q=5) | RX(q=7) | CNOT(1->5)	RY(q=1,θ=+0.180) | RY(q=5,θ=-3.142) | RX(q=7,θ=+3.142) | CNOT(1->5)	"[""RY(q=1)"", ""RY(q=5)"", ""RX(q=7)"", ""CNOT(1->5)""]"
crlqas__L3_CH2_Singlet_8q__L3_CH2_Singlet_8q_rotosolve_s2_20k__seed11111__ep15699__snap0	/home/ubuntu/NeurIPS2026/PSQASBench/results/crlqas/L3_CH2_Singlet_8q/Formal_EXP/L3_CH2_Singlet_8q_rotosolve_s2_20k/seed11111	15699	0	6	0.000623	0.000000	0.000000	0.000000	0.500000	6	1	5	4	2	33.33	rotosolve	CNOT(1->5)	RY(q=1) | RY(q=5) | RY(q=7) | CNOT(1->5)	RY(q=1,θ=+0.180) | RY(q=5,θ=-3.142) | RY(q=7,θ=+3.142) | CNOT(1->5)	"[""RY(q=1)"", ""RY(q=5)"", ""RY(q=7)"", ""CNOT(1->5)""]"
crlqas__L3_CH2_Singlet_8q__L3_CH2_Singlet_8q_rotosolve_s2_20k__seed11111__ep14009__snap0	/home/ubuntu/NeurIPS2026/PSQASBench/results/crlqas/L3_CH2_Singlet_8q/Formal_EXP/L3_CH2_Singlet_8q_rotosolve_s2_20k/seed11111	14009	0	5	0.000623	0.000000	0.000000	0.000000	0.500000	5	1	4	4	1	20.00	rotosolve	CNOT(0->4)	RY(q=0) | RX(q=6) | RY(q=4) | CNOT(0->4)	RY(q=0,θ=+0.180) | RX(q=6,θ=+3.142) | RY(q=4,θ=-3.142) | CNOT(0->4)	"[""RY(q=0)"", ""RX(q=6)"", ""RY(q=4)"", ""CNOT(0->4)""]"
crlqas__L3_CH2_Singlet_8q__L3_CH2_Singlet_8q_rotosolve_s2_20k__seed11111__ep15636__snap0	/home/ubuntu/NeurIPS2026/PSQASBench/results/crlqas/L3_CH2_Singlet_8q/Formal_EXP/L3_CH2_Singlet_8q_rotosolve_s2_20k/seed11111	15636	0	5	0.000623	0.000000	0.000000	0.000000	0.500000	5	1	4	4	1	20.00	rotosolve	CNOT(0->4)	RY(q=4) | RX(q=6) | RY(q=0) | CNOT(0->4)	RY(q=4,θ=-3.142) | RX(q=6,θ=+3.142) | RY(q=0,θ=+0.180) | CNOT(0->4)	"[""RY(q=4)"", ""RX(q=6)"", ""RY(q=0)"", ""CNOT(0->4)""]"
crlqas__L3_CH2_Singlet_8q__L3_CH2_Singlet_8q_rotosolve_s2_20k__seed11111__ep19120__snap0	/home/ubuntu/NeurIPS2026/PSQASBench/results/crlqas/L3_CH2_Singlet_8q/Formal_EXP/L3_CH2_Singlet_8q_rotosolve_s2_20k/seed11111	19120	0	7	0.000623	0.000000	0.000000	0.000000	0.500000	7	1	6	4	3	42.86	rotosolve	CNOT(1->5)	RY(q=1) | RY(q=7) | RY(q=5) | CNOT(1->5)	RY(q=1,θ=+0.180) | RY(q=7,θ=+3.142) | RY(q=5,θ=-3.142) | CNOT(1->5)	"[""RY(q=1)"", ""RY(q=7)"", ""RY(q=5)"", ""CNOT(1->5)""]"
crlqas__L3_CH2_Singlet_8q__L3_CH2_Singlet_8q_rotosolve_s2_20k__seed11111__ep10698__snap0	/home/ubuntu/NeurIPS2026/PSQASBench/results/crlqas/L3_CH2_Singlet_8q/Formal_EXP/L3_CH2_Singlet_8q_rotosolve_s2_20k/seed11111	10698	0	6	0.000623	0.000000	0.000000	0.000000	0.500000	6	2	4	4	2	33.33	rotosolve	CNOT(1->5)	RY(q=5) | RY(q=1) | RX(q=7) | CNOT(1->5)	RY(q=5,θ=-3.142) | RY(q=1,θ=+0.180) | RX(q=7,θ=+3.142) | CNOT(1->5)	"[""RY(q=5)"", ""RY(q=1)"", ""RX(q=7)"", ""CNOT(1->5)""]"
crlqas__L3_CH2_Singlet_8q__L3_CH2_Singlet_8q_rotosolve_s2_20k__seed11111__ep14567__snap0	/home/ubuntu/NeurIPS2026/PSQASBench/results/crlqas/L3_CH2_Singlet_8q/Formal_EXP/L3_CH2_Singlet_8q_rotosolve_s2_20k/seed11111	14567	0	7	0.000623	0.000000	0.000000	0.000000	0.500000	7	1	6	4	3	42.86	rotosolve	CNOT(0->4)	RY(q=6) | RY(q=0) | RY(q=4) | CNOT(0->4)	RY(q=6,θ=+3.142) | RY(q=0,θ=+0.180) | RY(q=4,θ=-3.142) | CNOT(0->4)	"[""RY(q=6)"", ""RY(q=0)"", ""RY(q=4)"", ""CNOT(0->4)""]"
crlqas__L3_CH2_Singlet_8q__L3_CH2_Singlet_8q_rotosolve_s2_20k__seed11111__ep16439__snap0	/home/ubuntu/NeurIPS2026/PSQASBench/results/crlqas/L3_CH2_Singlet_8q/Formal_EXP/L3_CH2_Singlet_8q_rotosolve_s2_20k/seed11111	16439	0	6	0.000623	0.000000	0.000000	0.000000	0.500000	6	2	4	4	2	33.33	rotosolve	CNOT(1->5)	RY(q=1) | RY(q=5) | RX(q=7) | CNOT(1->5)	RY(q=1,θ=+0.180) | RY(q=5,θ=-3.142) | RX(q=7,θ=+3.142) | CNOT(1->5)	"[""RY(q=1)"", ""RY(q=5)"", ""RX(q=7)"", ""CNOT(1->5)""]"
crlqas__L3_CH2_Singlet_8q__L3_CH2_Singlet_8q_rotosolve_s2_20k__seed11111__ep10400__snap0	/home/ubuntu/NeurIPS2026/PSQASBench/results/crlqas/L3_CH2_Singlet_8q/Formal_EXP/L3_CH2_Singlet_8q_rotosolve_s2_20k/seed11111	10400	0	6	0.000623	0.000000	0.000000	0.000000	0.500000	6	1	5	4	2	33.33	rotosolve	CNOT(0->4)	RY(q=4) | RX(q=6) | RY(q=0) | CNOT(0->4)	RY(q=4,θ=-3.142) | RX(q=6,θ=+3.142) | RY(q=0,θ=+0.180) | CNOT(0->4)	"[""RY(q=4)"", ""RX(q=6)"", ""RY(q=0)"", ""CNOT(0->4)""]"
crlqas__L3_CH2_Singlet_8q__L3_CH2_Singlet_8q_rotosolve_s2_20k__seed11111__ep19026__snap0	/home/ubuntu/NeurIPS2026/PSQASBench/results/crlqas/L3_CH2_Singlet_8q/Formal_EXP/L3_CH2_Singlet_8q_rotosolve_s2_20k/seed11111	19026	0	8	0.000623	0.000000	0.000000	0.000000	0.500000	8	1	7	4	4	50.00	rotosolve	CNOT(1->5)	RY(q=1) | RY(q=5) | CNOT(5->7) | CNOT(1->5)	RY(q=1,θ=+0.180) | RY(q=5,θ=-3.142) | CNOT(5->7) | CNOT(1->5)	"[""RY(q=1)"", ""RY(q=5)"", ""CNOT(5->7)"", ""CNOT(1->5)""]"
crlqas__L3_CH2_Singlet_8q__L3_CH2_Singlet_8q_rotosolve_s2_20k__seed11111__ep17378__snap0	/home/ubuntu/NeurIPS2026/PSQASBench/results/crlqas/L3_CH2_Singlet_8q/Formal_EXP/L3_CH2_Singlet_8q_rotosolve_s2_20k/seed11111	17378	0	6	0.000623	0.000000	0.000000	0.000000	0.500000	6	1	5	4	2	33.33	rotosolve	CNOT(0->4)	RY(q=4) | RX(q=6) | RY(q=0) | CNOT(0->4)	RY(q=4,θ=-3.142) | RX(q=6,θ=+3.142) | RY(q=0,θ=+0.180) | CNOT(0->4)	"[""RY(q=4)"", ""RX(q=6)"", ""RY(q=0)"", ""CNOT(0->4)""]"
crlqas__L3_CH2_Singlet_8q__L3_CH2_Singlet_8q_rotosolve_s2_20k__seed11111__ep18729__snap0	/home/ubuntu/NeurIPS2026/PSQASBench/results/crlqas/L3_CH2_Singlet_8q/Formal_EXP/L3_CH2_Singlet_8q_rotosolve_s2_20k/seed11111	18729	0	5	0.000623	0.000000	0.000000	0.000000	0.500000	5	1	4	4	1	20.00	rotosolve	CNOT(1->5)	RY(q=1) | RY(q=5) | RY(q=7) | CNOT(1->5)	RY(q=1,θ=+0.180) | RY(q=5,θ=-3.142) | RY(q=7,θ=+3.142) | CNOT(1->5)	"[""RY(q=1)"", ""RY(q=5)"", ""RY(q=7)"", ""CNOT(1->5)""]"
crlqas__L3_CH2_Singlet_8q__L3_CH2_Singlet_8q_rotosolve_s2_20k__seed11111__ep11425__snap0	/home/ubuntu/NeurIPS2026/PSQASBench/results/crlqas/L3_CH2_Singlet_8q/Formal_EXP/L3_CH2_Singlet_8q_rotosolve_s2_20k/seed11111	11425	0	5	0.000623	0.000000	0.000000	0.000000	0.500000	5	2	3	4	1	20.00	rotosolve	CNOT(1->5)	RY(q=5) | RY(q=1) | RX(q=7) | CNOT(1->5)	RY(q=5,θ=-3.142) | RY(q=1,θ=+0.180) | RX(q=7,θ=+3.142) | CNOT(1->5)	"[""RY(q=5)"", ""RY(q=1)"", ""RX(q=7)"", ""CNOT(1->5)""]"
crlqas__L3_CH2_Singlet_8q__L3_CH2_Singlet_8q_rotosolve_s2_20k__seed11111__ep15103__snap0	/home/ubuntu/NeurIPS2026/PSQASBench/results/crlqas/L3_CH2_Singlet_8q/Formal_EXP/L3_CH2_Singlet_8q_rotosolve_s2_20k/seed11111	15103	0	4	0.000623	0.000000	0.000000	0.000000	0.500000	4	2	2	4	0	0.00	rotosolve	CNOT(1->5)	RX(q=7) | RY(q=1) | RY(q=5) | CNOT(1->5)	RX(q=7,θ=-3.142) | RY(q=1,θ=+0.180) | RY(q=5,θ=-3.142) | CNOT(1->5)	"[""RX(q=7)"", ""RY(q=1)"", ""RY(q=5)"", ""CNOT(1->5)""]"
crlqas__L3_CH2_Singlet_8q__L3_CH2_Singlet_8q_rotosolve_s2_20k__seed11111__ep17781__snap0	/home/ubuntu/NeurIPS2026/PSQASBench/results/crlqas/L3_CH2_Singlet_8q/Formal_EXP/L3_CH2_Singlet_8q_rotosolve_s2_20k/seed11111	17781	0	6	0.000623	0.000000	0.000000	0.000000	0.500000	6	1	5	4	2	33.33	rotosolve	CNOT(1->5)	RY(q=1) | RY(q=7) | RY(q=5) | CNOT(1->5)	RY(q=1,θ=+0.180) | RY(q=7,θ=+3.142) | RY(q=5,θ=-3.142) | CNOT(1->5)	"[""RY(q=1)"", ""RY(q=7)"", ""RY(q=5)"", ""CNOT(1->5)""]"
crlqas__L3_CH2_Singlet_8q__L3_CH2_Singlet_8q_rotosolve_s2_20k__seed11111__ep17313__snap0	/home/ubuntu/NeurIPS2026/PSQASBench/results/crlqas/L3_CH2_Singlet_8q/Formal_EXP/L3_CH2_Singlet_8q_rotosolve_s2_20k/seed11111	17313	0	8	0.000623	0.000000	0.000000	0.000000	0.500000	8	1	7	4	4	50.00	rotosolve	CNOT(1->5)	RY(q=5) | RY(q=1) | RY(q=7) | CNOT(1->5)	RY(q=5,θ=-3.142) | RY(q=1,θ=+0.180) | RY(q=7,θ=+3.142) | CNOT(1->5)	"[""RY(q=5)"", ""RY(q=1)"", ""RY(q=7)"", ""CNOT(1->5)""]"
crlqas__L3_CH2_Singlet_8q__L3_CH2_Singlet_8q_rotosolve_s2_20k__seed11111__ep15416__snap0	/home/ubuntu/NeurIPS2026/PSQASBench/results/crlqas/L3_CH2_Singlet_8q/Formal_EXP/L3_CH2_Singlet_8q_rotosolve_s2_20k/seed11111	15416	0	5	0.000623	0.000000	0.000000	0.000000	0.500000	5	2	3	4	1	20.00	rotosolve	CNOT(1->5)	RY(q=1) | RY(q=5) | RX(q=7) | CNOT(1->5)	RY(q=1,θ=+0.180) | RY(q=5,θ=-3.142) | RX(q=7,θ=+3.142) | CNOT(1->5)	"[""RY(q=1)"", ""RY(q=5)"", ""RX(q=7)"", ""CNOT(1->5)""]"
crlqas__L3_CH2_Singlet_8q__L3_CH2_Singlet_8q_rotosolve_s2_20k__seed11111__ep11508__snap0	/home/ubuntu/NeurIPS2026/PSQASBench/results/crlqas/L3_CH2_Singlet_8q/Formal_EXP/L3_CH2_Singlet_8q_rotosolve_s2_20k/seed11111	11508	0	6	0.000623	0.000000	0.000000	0.000000	0.500000	6	1	5	4	2	33.33	rotosolve	CNOT(1->5)	RY(q=1) | RY(q=7) | RY(q=5) | CNOT(1->5)	RY(q=1,θ=+0.180) | RY(q=7,θ=+3.142) | RY(q=5,θ=-3.142) | CNOT(1->5)	"[""RY(q=1)"", ""RY(q=7)"", ""RY(q=5)"", ""CNOT(1->5)""]"
crlqas__L3_CH2_Singlet_8q__L3_CH2_Singlet_8q_rotosolve_s2_20k__seed11111__ep15281__snap0	/home/ubuntu/NeurIPS2026/PSQASBench/results/crlqas/L3_CH2_Singlet_8q/Formal_EXP/L3_CH2_Singlet_8q_rotosolve_s2_20k/seed11111	15281	0	9	0.000623	0.000000	0.000000	0.000000	0.500000	9	2	7	4	5	55.56	rotosolve	CNOT(1->5)	RY(q=1) | RY(q=5) | RX(q=7) | CNOT(1->5)	RY(q=1,θ=+0.180) | RY(q=5,θ=-3.142) | RX(q=7,θ=+3.142) | CNOT(1->5)	"[""RY(q=1)"", ""RY(q=5)"", ""RX(q=7)"", ""CNOT(1->5)""]"
crlqas__L3_CH2_Singlet_8q__L3_CH2_Singlet_8q_rotosolve_s2_20k__seed11111__ep10842__snap0	/home/ubuntu/NeurIPS2026/PSQASBench/results/crlqas/L3_CH2_Singlet_8q/Formal_EXP/L3_CH2_Singlet_8q_rotosolve_s2_20k/seed11111	10842	0	5	0.000623	0.000000	0.000000	0.000000	0.500000	5	2	3	4	1	20.00	rotosolve	CNOT(1->5)	RY(q=1) | RY(q=5) | RX(q=7) | CNOT(1->5)	RY(q=1,θ=+0.180) | RY(q=5,θ=-3.142) | RX(q=7,θ=+3.142) | CNOT(1->5)	"[""RY(q=1)"", ""RY(q=5)"", ""RX(q=7)"", ""CNOT(1->5)""]"
crlqas__L3_CH2_Singlet_8q__L3_CH2_Singlet_8q_rotosolve_s2_20k__seed11111__ep11856__snap0	/home/ubuntu/NeurIPS2026/PSQASBench/results/crlqas/L3_CH2_Singlet_8q/Formal_EXP/L3_CH2_Singlet_8q_rotosolve_s2_20k/seed11111	11856	0	10	0.000623	0.000000	0.000000	0.000000	0.500000	10	1	9	4	6	60.00	rotosolve	CNOT(1->5)	RY(q=1) | RY(q=7) | RY(q=5) | CNOT(1->5)	RY(q=1,θ=+0.180) | RY(q=7,θ=+3.142) | RY(q=5,θ=-3.142) | CNOT(1->5)	"[""RY(q=1)"", ""RY(q=7)"", ""RY(q=5)"", ""CNOT(1->5)""]"
crlqas__L3_CH2_Singlet_8q__L3_CH2_Singlet_8q_rotosolve_s2_20k__seed11111__ep13921__snap0	/home/ubuntu/NeurIPS2026/PSQASBench/results/crlqas/L3_CH2_Singlet_8q/Formal_EXP/L3_CH2_Singlet_8q_rotosolve_s2_20k/seed11111	13921	0	7	0.000623	0.000000	0.000000	0.000000	0.500000	7	1	6	4	3	42.86	rotosolve	CNOT(1->5)	RY(q=1) | RY(q=5) | RY(q=7) | CNOT(1->5)	RY(q=1,θ=+0.180) | RY(q=5,θ=-3.142) | RY(q=7,θ=+3.142) | CNOT(1->5)	"[""RY(q=1)"", ""RY(q=5)"", ""RY(q=7)"", ""CNOT(1->5)""]"
crlqas__L3_CH2_Singlet_8q__L3_CH2_Singlet_8q_rotosolve_s2_20k__seed11111__ep15787__snap0	/home/ubuntu/NeurIPS2026/PSQASBench/results/crlqas/L3_CH2_Singlet_8q/Formal_EXP/L3_CH2_Singlet_8q_rotosolve_s2_20k/seed11111	15787	0	8	0.000623	0.000000	0.000000	0.000000	0.500000	8	1	7	4	4	50.00	rotosolve	CNOT(1->5)	RY(q=1) | RY(q=7) | RY(q=5) | CNOT(1->5)	RY(q=1,θ=+0.180) | RY(q=7,θ=+3.142) | RY(q=5,θ=-3.142) | CNOT(1->5)	"[""RY(q=1)"", ""RY(q=7)"", ""RY(q=5)"", ""CNOT(1->5)""]"
crlqas__L3_CH2_Singlet_8q__L3_CH2_Singlet_8q_rotosolve_s2_20k__seed11111__ep16556__snap0	/home/ubuntu/NeurIPS2026/PSQASBench/results/crlqas/L3_CH2_Singlet_8q/Formal_EXP/L3_CH2_Singlet_8q_rotosolve_s2_20k/seed11111	16556	0	6	0.000623	0.000000	0.000000	0.000000	0.500000	6	2	4	4	2	33.33	rotosolve	CNOT(1->5)	RY(q=1) | RY(q=5) | RX(q=7) | CNOT(1->5)	RY(q=1,θ=+0.180) | RY(q=5,θ=-3.142) | RX(q=7,θ=+3.142) | CNOT(1->5)	"[""RY(q=1)"", ""RY(q=5)"", ""RX(q=7)"", ""CNOT(1->5)""]"
crlqas__L3_CH2_Singlet_8q__L3_CH2_Singlet_8q_rotosolve_s2_20k__seed11111__ep16912__snap0	/home/ubuntu/NeurIPS2026/PSQASBench/results/crlqas/L3_CH2_Singlet_8q/Formal_EXP/L3_CH2_Singlet_8q_rotosolve_s2_20k/seed11111	16912	0	5	0.000623	0.000000	0.000000	0.000000	0.500000	5	1	4	4	1	20.00	rotosolve	CNOT(1->5)	RY(q=7) | RY(q=1) | RY(q=5) | CNOT(1->5)	RY(q=7,θ=+3.142) | RY(q=1,θ=+0.180) | RY(q=5,θ=-3.142) | CNOT(1->5)	"[""RY(q=7)"", ""RY(q=1)"", ""RY(q=5)"", ""CNOT(1->5)""]"
crlqas__L3_CH2_Singlet_8q__L3_CH2_Singlet_8q_rotosolve_s2_20k__seed11111__ep15423__snap0	/home/ubuntu/NeurIPS2026/PSQASBench/results/crlqas/L3_CH2_Singlet_8q/Formal_EXP/L3_CH2_Singlet_8q_rotosolve_s2_20k/seed11111	15423	0	11	0.000623	0.000000	0.000000	0.000000	0.500000	11	1	10	4	7	63.64	rotosolve	CNOT(1->5)	RY(q=1) | RY(q=5) | RY(q=7) | CNOT(1->5)	RY(q=1,θ=+0.180) | RY(q=5,θ=-3.142) | RY(q=7,θ=+3.142) | CNOT(1->5)	"[""RY(q=1)"", ""RY(q=5)"", ""RY(q=7)"", ""CNOT(1->5)""]"
crlqas__L3_CH2_Singlet_8q__L3_CH2_Singlet_8q_rotosolve_s2_20k__seed11111__ep17256__snap0	/home/ubuntu/NeurIPS2026/PSQASBench/results/crlqas/L3_CH2_Singlet_8q/Formal_EXP/L3_CH2_Singlet_8q_rotosolve_s2_20k/seed11111	17256	0	9	0.000623	0.000000	0.000000	0.000000	0.500000	9	2	7	4	5	55.56	rotosolve	CNOT(1->5)	RY(q=5) | RY(q=1) | RX(q=7) | CNOT(1->5)	RY(q=5,θ=-3.142) | RY(q=1,θ=+0.180) | RX(q=7,θ=+3.142) | CNOT(1->5)	"[""RY(q=5)"", ""RY(q=1)"", ""RX(q=7)"", ""CNOT(1->5)""]"
crlqas__L3_CH2_Singlet_8q__L3_CH2_Singlet_8q_rotosolve_s2_20k__seed11111__ep13739__snap0	/home/ubuntu/NeurIPS2026/PSQASBench/results/crlqas/L3_CH2_Singlet_8q/Formal_EXP/L3_CH2_Singlet_8q_rotosolve_s2_20k/seed11111	13739	0	5	0.000623	0.000000	0.000000	0.000000	0.500000	5	1	4	4	1	20.00	rotosolve	CNOT(0->4)	RX(q=6) | RY(q=0) | RY(q=4) | CNOT(0->4)	RX(q=6,θ=+3.142) | RY(q=0,θ=+0.180) | RY(q=4,θ=-3.142) | CNOT(0->4)	"[""RX(q=6)"", ""RY(q=0)"", ""RY(q=4)"", ""CNOT(0->4)""]"
crlqas__L3_CH2_Singlet_8q__L3_CH2_Singlet_8q_rotosolve_s2_20k__seed11111__ep17900__snap0	/home/ubuntu/NeurIPS2026/PSQASBench/results/crlqas/L3_CH2_Singlet_8q/Formal_EXP/L3_CH2_Singlet_8q_rotosolve_s2_20k/seed11111	17900	0	7	0.000623	0.000000	0.000000	0.000000	0.500000	7	1	6	4	3	42.86	rotosolve	CNOT(1->5)	RY(q=1) | RY(q=5) | RY(q=7) | CNOT(1->5)	RY(q=1,θ=+0.180) | RY(q=5,θ=-3.142) | RY(q=7,θ=+3.142) | CNOT(1->5)	"[""RY(q=1)"", ""RY(q=5)"", ""RY(q=7)"", ""CNOT(1->5)""]"
crlqas__L3_CH2_Singlet_8q__L3_CH2_Singlet_8q_rotosolve_s2_20k__seed11111__ep17188__snap0	/home/ubuntu/NeurIPS2026/PSQASBench/results/crlqas/L3_CH2_Singlet_8q/Formal_EXP/L3_CH2_Singlet_8q_rotosolve_s2_20k/seed11111	17188	0	6	0.000623	0.000000	0.000000	0.000000	0.500000	6	1	5	4	2	33.33	rotosolve	CNOT(1->5)	RY(q=5) | RY(q=1) | RY(q=7) | CNOT(1->5)	RY(q=5,θ=-3.142) | RY(q=1,θ=+0.180) | RY(q=7,θ=+3.142) | CNOT(1->5)	"[""RY(q=5)"", ""RY(q=1)"", ""RY(q=7)"", ""CNOT(1->5)""]"
crlqas__L3_CH2_Singlet_8q__L3_CH2_Singlet_8q_rotosolve_s2_20k__seed11111__ep13211__snap0	/home/ubuntu/NeurIPS2026/PSQASBench/results/crlqas/L3_CH2_Singlet_8q/Formal_EXP/L3_CH2_Singlet_8q_rotosolve_s2_20k/seed11111	13211	0	6	0.000623	0.000000	0.000000	0.000000	0.500000	6	2	4	4	2	33.33	rotosolve	CNOT(1->5)	RY(q=1) | RY(q=5) | RX(q=7) | CNOT(1->5)	RY(q=1,θ=+0.180) | RY(q=5,θ=-3.142) | RX(q=7,θ=+3.142) | CNOT(1->5)	"[""RY(q=1)"", ""RY(q=5)"", ""RX(q=7)"", ""CNOT(1->5)""]"
crlqas__L3_CH2_Singlet_8q__L3_CH2_Singlet_8q_rotosolve_s2_20k__seed11111__ep17982__snap0	/home/ubuntu/NeurIPS2026/PSQASBench/results/crlqas/L3_CH2_Singlet_8q/Formal_EXP/L3_CH2_Singlet_8q_rotosolve_s2_20k/seed11111	17982	0	6	0.000623	0.000000	0.000000	0.000000	0.500000	6	1	5	4	2	33.33	rotosolve	CNOT(1->5)	RY(q=1) | RY(q=7) | RY(q=5) | CNOT(1->5)	RY(q=1,θ=+0.180) | RY(q=7,θ=+3.142) | RY(q=5,θ=-3.142) | CNOT(1->5)	"[""RY(q=1)"", ""RY(q=7)"", ""RY(q=5)"", ""CNOT(1->5)""]"
crlqas__L3_CH2_Singlet_8q__L3_CH2_Singlet_8q_rotosolve_s2_20k__seed11111__ep15716__snap0	/home/ubuntu/NeurIPS2026/PSQASBench/results/crlqas/L3_CH2_Singlet_8q/Formal_EXP/L3_CH2_Singlet_8q_rotosolve_s2_20k/seed11111	15716	0	10	0.000623	0.000000	0.000000	0.000000	0.500000	10	2	8	4	6	60.00	rotosolve	CNOT(1->5)	RY(q=1) | RY(q=5) | RY(q=7) | CNOT(1->5)	RY(q=1,θ=+0.180) | RY(q=5,θ=-3.142) | RY(q=7,θ=+3.142) | CNOT(1->5)	"[""RY(q=1)"", ""RY(q=5)"", ""RY(q=7)"", ""CNOT(1->5)""]"
crlqas__L3_CH2_Singlet_8q__L3_CH2_Singlet_8q_rotosolve_s2_20k__seed11111__ep10693__snap0	/home/ubuntu/NeurIPS2026/PSQASBench/results/crlqas/L3_CH2_Singlet_8q/Formal_EXP/L3_CH2_Singlet_8q_rotosolve_s2_20k/seed11111	10693	0	7	0.000623	0.000000	0.000000	0.000000	0.500000	7	1	6	4	3	42.86	rotosolve	CNOT(1->5)	RY(q=1) | RY(q=5) | RY(q=7) | CNOT(1->5)	RY(q=1,θ=+0.180) | RY(q=5,θ=-3.142) | RY(q=7,θ=+3.142) | CNOT(1->5)	"[""RY(q=1)"", ""RY(q=5)"", ""RY(q=7)"", ""CNOT(1->5)""]"
crlqas__L3_CH2_Singlet_8q__L3_CH2_Singlet_8q_rotosolve_s2_20k__seed11111__ep10714__snap0	/home/ubuntu/NeurIPS2026/PSQASBench/results/crlqas/L3_CH2_Singlet_8q/Formal_EXP/L3_CH2_Singlet_8q_rotosolve_s2_20k/seed11111	10714	0	5	0.000623	0.000000	0.000000	0.000000	0.500000	5	1	4	4	1	20.00	rotosolve	CNOT(1->5)	RY(q=7) | RY(q=1) | RY(q=5) | CNOT(1->5)	RY(q=7,θ=+3.142) | RY(q=1,θ=+0.180) | RY(q=5,θ=-3.142) | CNOT(1->5)	"[""RY(q=7)"", ""RY(q=1)"", ""RY(q=5)"", ""CNOT(1->5)""]"
crlqas__L3_CH2_Singlet_8q__L3_CH2_Singlet_8q_rotosolve_s2_20k__seed11111__ep15585__snap0	/home/ubuntu/NeurIPS2026/PSQASBench/results/crlqas/L3_CH2_Singlet_8q/Formal_EXP/L3_CH2_Singlet_8q_rotosolve_s2_20k/seed11111	15585	0	8	0.000623	0.000000	0.000000	0.000000	0.500000	8	3	5	4	4	50.00	rotosolve	CNOT(1->5)	RY(q=1) | RY(q=5) | RY(q=7) | CNOT(1->5)	RY(q=1,θ=+0.180) | RY(q=5,θ=-3.142) | RY(q=7,θ=+3.142) | CNOT(1->5)	"[""RY(q=1)"", ""RY(q=5)"", ""RY(q=7)"", ""CNOT(1->5)""]"
crlqas__L3_CH2_Singlet_8q__L3_CH2_Singlet_8q_rotosolve_s2_20k__seed11111__ep13258__snap0	/home/ubuntu/NeurIPS2026/PSQASBench/results/crlqas/L3_CH2_Singlet_8q/Formal_EXP/L3_CH2_Singlet_8q_rotosolve_s2_20k/seed11111	13258	0	5	0.000623	0.000000	0.000000	0.000000	0.500000	5	2	3	4	1	20.00	rotosolve	CNOT(1->5)	RY(q=1) | RY(q=5) | RX(q=7) | CNOT(1->5)	RY(q=1,θ=+0.180) | RY(q=5,θ=-3.142) | RX(q=7,θ=+3.142) | CNOT(1->5)	"[""RY(q=1)"", ""RY(q=5)"", ""RX(q=7)"", ""CNOT(1->5)""]"
crlqas__L3_CH2_Singlet_8q__L3_CH2_Singlet_8q_rotosolve_s2_20k__seed11111__ep12958__snap0	/home/ubuntu/NeurIPS2026/PSQASBench/results/crlqas/L3_CH2_Singlet_8q/Formal_EXP/L3_CH2_Singlet_8q_rotosolve_s2_20k/seed11111	12958	0	7	0.000623	0.000000	0.000000	0.000000	0.500000	7	2	5	4	3	42.86	rotosolve	CNOT(1->5)	RY(q=1) | RY(q=5) | RX(q=7) | CNOT(1->5)	RY(q=1,θ=+0.180) | RY(q=5,θ=-3.142) | RX(q=7,θ=+3.142) | CNOT(1->5)	"[""RY(q=1)"", ""RY(q=5)"", ""RX(q=7)"", ""CNOT(1->5)""]"
crlqas__L3_CH2_Singlet_8q__L3_CH2_Singlet_8q_rotosolve_s2_20k__seed11111__ep10942__snap0	/home/ubuntu/NeurIPS2026/PSQASBench/results/crlqas/L3_CH2_Singlet_8q/Formal_EXP/L3_CH2_Singlet_8q_rotosolve_s2_20k/seed11111	10942	0	5	0.000623	0.000000	0.000000	0.000000	0.500000	5	2	3	4	1	20.00	rotosolve	CNOT(1->5)	RY(q=1) | RY(q=5) | RX(q=7) | CNOT(1->5)	RY(q=1,θ=+0.180) | RY(q=5,θ=-3.142) | RX(q=7,θ=+3.142) | CNOT(1->5)	"[""RY(q=1)"", ""RY(q=5)"", ""RX(q=7)"", ""CNOT(1->5)""]"
crlqas__L3_CH2_Singlet_8q__L3_CH2_Singlet_8q_rotosolve_s2_20k__seed11111__ep15102__snap0	/home/ubuntu/NeurIPS2026/PSQASBench/results/crlqas/L3_CH2_Singlet_8q/Formal_EXP/L3_CH2_Singlet_8q_rotosolve_s2_20k/seed11111	15102	0	7	0.000623	0.000000	0.000000	0.000000	0.500000	7	1	6	4	3	42.86	rotosolve	CNOT(1->5)	RY(q=1) | RY(q=7) | RY(q=5) | CNOT(1->5)	RY(q=1,θ=+0.180) | RY(q=7,θ=+3.142) | RY(q=5,θ=-3.142) | CNOT(1->5)	"[""RY(q=1)"", ""RY(q=7)"", ""RY(q=5)"", ""CNOT(1->5)""]"
crlqas__L3_CH2_Singlet_8q__L3_CH2_Singlet_8q_rotosolve_s2_20k__seed11111__ep12114__snap0	/home/ubuntu/NeurIPS2026/PSQASBench/results/crlqas/L3_CH2_Singlet_8q/Formal_EXP/L3_CH2_Singlet_8q_rotosolve_s2_20k/seed11111	12114	0	6	0.000623	0.000000	0.000000	0.000000	0.500000	6	2	4	4	2	33.33	rotosolve	CNOT(1->5)	RY(q=1) | RY(q=5) | RX(q=7) | CNOT(1->5)	RY(q=1,θ=+0.180) | RY(q=5,θ=-3.142) | RX(q=7,θ=+3.142) | CNOT(1->5)	"[""RY(q=1)"", ""RY(q=5)"", ""RX(q=7)"", ""CNOT(1->5)""]"
crlqas__L3_CH2_Singlet_8q__L3_CH2_Singlet_8q_rotosolve_s2_20k__seed11111__ep10697__snap0	/home/ubuntu/NeurIPS2026/PSQASBench/results/crlqas/L3_CH2_Singlet_8q/Formal_EXP/L3_CH2_Singlet_8q_rotosolve_s2_20k/seed11111	10697	0	7	0.000623	0.000000	0.000000	0.000000	0.500000	7	2	5	4	3	42.86	rotosolve	CNOT(1->5)	RY(q=5) | RY(q=1) | RX(q=7) | CNOT(1->5)	RY(q=5,θ=-3.142) | RY(q=1,θ=+0.180) | RX(q=7,θ=+3.142) | CNOT(1->5)	"[""RY(q=5)"", ""RY(q=1)"", ""RX(q=7)"", ""CNOT(1->5)""]"
crlqas__L3_CH2_Singlet_8q__L3_CH2_Singlet_8q_rotosolve_s2_20k__seed11111__ep14654__snap0	/home/ubuntu/NeurIPS2026/PSQASBench/results/crlqas/L3_CH2_Singlet_8q/Formal_EXP/L3_CH2_Singlet_8q_rotosolve_s2_20k/seed11111	14654	0	5	0.000623	0.000000	0.000000	0.000000	0.500000	5	1	4	4	1	20.00	rotosolve	CNOT(0->4)	RX(q=6) | RY(q=0) | RY(q=4) | CNOT(0->4)	RX(q=6,θ=+3.142) | RY(q=0,θ=+0.180) | RY(q=4,θ=-3.142) | CNOT(0->4)	"[""RX(q=6)"", ""RY(q=0)"", ""RY(q=4)"", ""CNOT(0->4)""]"
crlqas__L3_CH2_Singlet_8q__L3_CH2_Singlet_8q_rotosolve_s2_20k__seed11111__ep17364__snap0	/home/ubuntu/NeurIPS2026/PSQASBench/results/crlqas/L3_CH2_Singlet_8q/Formal_EXP/L3_CH2_Singlet_8q_rotosolve_s2_20k/seed11111	17364	0	12	0.000623	0.000000	0.000000	0.000000	0.500000	12	3	9	4	8	66.67	rotosolve	CNOT(1->5)	RY(q=5) | RY(q=1) | RX(q=7) | CNOT(1->5)	RY(q=5,θ=-3.142) | RY(q=1,θ=+0.180) | RX(q=7,θ=+3.142) | CNOT(1->5)	"[""RY(q=5)"", ""RY(q=1)"", ""RX(q=7)"", ""CNOT(1->5)""]"
crlqas__L3_CH2_Singlet_8q__L3_CH2_Singlet_8q_rotosolve_s2_20k__seed11111__ep19943__snap0	/home/ubuntu/NeurIPS2026/PSQASBench/results/crlqas/L3_CH2_Singlet_8q/Formal_EXP/L3_CH2_Singlet_8q_rotosolve_s2_20k/seed11111	19943	0	5	0.000623	0.000000	0.000000	0.000000	0.500000	5	1	4	4	1	20.00	rotosolve	CNOT(1->5)	RY(q=1) | RY(q=5) | RY(q=7) | CNOT(1->5)	RY(q=1,θ=+0.180) | RY(q=5,θ=-3.142) | RY(q=7,θ=+3.142) | CNOT(1->5)	"[""RY(q=1)"", ""RY(q=5)"", ""RY(q=7)"", ""CNOT(1->5)""]"
crlqas__L3_CH2_Singlet_8q__L3_CH2_Singlet_8q_rotosolve_s2_20k__seed11111__ep17433__snap0	/home/ubuntu/NeurIPS2026/PSQASBench/results/crlqas/L3_CH2_Singlet_8q/Formal_EXP/L3_CH2_Singlet_8q_rotosolve_s2_20k/seed11111	17433	0	8	0.000623	0.000000	0.000000	0.000000	0.500000	8	2	6	4	4	50.00	rotosolve	CNOT(1->5)	RY(q=5) | RY(q=1) | RX(q=7) | CNOT(1->5)	RY(q=5,θ=-3.142) | RY(q=1,θ=+0.180) | RX(q=7,θ=+3.142) | CNOT(1->5)	"[""RY(q=5)"", ""RY(q=1)"", ""RX(q=7)"", ""CNOT(1->5)""]"
crlqas__L3_CH2_Singlet_8q__L3_CH2_Singlet_8q_rotosolve_s2_20k__seed11111__ep12850__snap0	/home/ubuntu/NeurIPS2026/PSQASBench/results/crlqas/L3_CH2_Singlet_8q/Formal_EXP/L3_CH2_Singlet_8q_rotosolve_s2_20k/seed11111	12850	0	9	0.000623	0.000000	0.000000	0.000000	0.500000	9	1	8	4	5	55.56	rotosolve	CNOT(1->5)	RY(q=1) | RY(q=7) | RY(q=5) | CNOT(1->5)	RY(q=1,θ=+0.180) | RY(q=7,θ=+3.142) | RY(q=5,θ=-3.142) | CNOT(1->5)	"[""RY(q=1)"", ""RY(q=7)"", ""RY(q=5)"", ""CNOT(1->5)""]"
crlqas__L3_CH2_Singlet_8q__L3_CH2_Singlet_8q_rotosolve_s2_20k__seed11111__ep13799__snap0	/home/ubuntu/NeurIPS2026/PSQASBench/results/crlqas/L3_CH2_Singlet_8q/Formal_EXP/L3_CH2_Singlet_8q_rotosolve_s2_20k/seed11111	13799	0	7	0.000623	0.000000	0.000000	0.000000	0.500000	7	1	6	4	3	42.86	rotosolve	CNOT(1->5)	RY(q=7) | RY(q=1) | RY(q=5) | CNOT(1->5)	RY(q=7,θ=+3.142) | RY(q=1,θ=+0.180) | RY(q=5,θ=-3.142) | CNOT(1->5)	"[""RY(q=7)"", ""RY(q=1)"", ""RY(q=5)"", ""CNOT(1->5)""]"
crlqas__L3_CH2_Singlet_8q__L3_CH2_Singlet_8q_rotosolve_s2_20k__seed11111__ep15476__snap0	/home/ubuntu/NeurIPS2026/PSQASBench/results/crlqas/L3_CH2_Singlet_8q/Formal_EXP/L3_CH2_Singlet_8q_rotosolve_s2_20k/seed11111	15476	0	6	0.000623	0.000000	0.000000	0.000000	0.500000	6	1	5	4	2	33.33	rotosolve	CNOT(1->5)	RY(q=1) | RY(q=7) | RY(q=5) | CNOT(1->5)	RY(q=1,θ=+0.180) | RY(q=7,θ=+3.142) | RY(q=5,θ=-3.142) | CNOT(1->5)	"[""RY(q=1)"", ""RY(q=7)"", ""RY(q=5)"", ""CNOT(1->5)""]"
crlqas__L3_CH2_Singlet_8q__L3_CH2_Singlet_8q_rotosolve_s2_20k__seed11111__ep10909__snap0	/home/ubuntu/NeurIPS2026/PSQASBench/results/crlqas/L3_CH2_Singlet_8q/Formal_EXP/L3_CH2_Singlet_8q_rotosolve_s2_20k/seed11111	10909	0	6	0.000623	0.000000	0.000000	0.000000	0.500000	6	2	4	4	2	33.33	rotosolve	CNOT(1->5)	RY(q=1) | RY(q=5) | RX(q=7) | CNOT(1->5)	RY(q=1,θ=+0.180) | RY(q=5,θ=-3.142) | RX(q=7,θ=+3.142) | CNOT(1->5)	"[""RY(q=1)"", ""RY(q=5)"", ""RX(q=7)"", ""CNOT(1->5)""]"
crlqas__L3_CH2_Singlet_8q__L3_CH2_Singlet_8q_rotosolve_s2_20k__seed11111__ep19138__snap0	/home/ubuntu/NeurIPS2026/PSQASBench/results/crlqas/L3_CH2_Singlet_8q/Formal_EXP/L3_CH2_Singlet_8q_rotosolve_s2_20k/seed11111	19138	0	9	0.000623	0.000000	0.000000	0.000000	0.500000	9	1	8	4	5	55.56	rotosolve	CNOT(7->5)	RY(q=1) | RY(q=7) | CNOT(1->5) | CNOT(7->5)	RY(q=1,θ=+0.180) | RY(q=7,θ=-3.142) | CNOT(1->5) | CNOT(7->5)	"[""RY(q=1)"", ""RY(q=7)"", ""CNOT(1->5)"", ""CNOT(7->5)""]"
crlqas__L3_CH2_Singlet_8q__L3_CH2_Singlet_8q_rotosolve_s2_20k__seed11111__ep18903__snap0	/home/ubuntu/NeurIPS2026/PSQASBench/results/crlqas/L3_CH2_Singlet_8q/Formal_EXP/L3_CH2_Singlet_8q_rotosolve_s2_20k/seed11111	18903	0	46	0.000623	0.000000	0.000000	-0.000000	0.500000	46	2	44	23	23	50.00	rotosolve	CNOT(1->7)	RY(q=1) | CNOT(1->7) | RY(q=5) | RX(q=7) | CNOT(1->5) | CNOT(6->0) | CNOT(4->1) | CNOT(6->0) | RX(q=6) | CNOT(6->0) | CNOT(6->0) | CNOT(6->0) | CNOT(6->7) | CNOT(6->0) | CNOT(6->7) | CNOT(6->7) | CNOT(6->7) | CNOT(6->0) | CNOT(6->0) | CNOT(4->5) | CNOT(3->1) | RY(q=5) | CNOT(1->7)	RY(q=1,θ=+0.180) | CNOT(1->7) | RY(q=5,θ=+3.142) | RX(q=7,θ=-3.142) | CNOT(1->5) | CNOT(6->0) | CNOT(4->1) | CNOT(6->0) | RX(q=6,θ=-0.000) | CNOT(6->0) | CNOT(6->0) | CNOT(6->0) | CNOT(6->7) | CNOT(6->0) | CNOT(6->7) | CNOT(6->7) | CNOT(6->7) | CNOT(6->0) | CNOT(6->0) | CNOT(4->5) | CNOT(3->1) | RY(q=5,θ=+0.000) | CNOT(1->7)	"[""RY(q=1)"", ""CNOT(1->7)"", ""RY(q=5)"", ""RX(q=7)"", ""CNOT(1->5)"", ""CNOT(6->0)"", ""CNOT(4->1)"", ""CNOT(6->0)"", ""RX(q=6)"", ""CNOT(6->0)"", ""CNOT(6->0)"", ""CNOT(6->0)"", ""CNOT(6->7)"", ""CNOT(6->0)"", ""CNOT(6->7)"", ""CNOT(6->7)"", ""CNOT(6->7)"", ""CNOT(6->0)"", ""CNOT(6->0)"", ""CNOT(4->5)"", ""CNOT(3->1)"", ""RY(q=5)"", ""CNOT(1->7)""]"
crlqas__L3_CH2_Singlet_8q__L3_CH2_Singlet_8q_rotosolve_s2_20k__seed11111__ep18286__snap0	/home/ubuntu/NeurIPS2026/PSQASBench/results/crlqas/L3_CH2_Singlet_8q/Formal_EXP/L3_CH2_Singlet_8q_rotosolve_s2_20k/seed11111	18286	0	5	0.000623	0.000000	0.000000	0.000000	0.500000	5	1	4	4	1	20.00	rotosolve	CNOT(0->4)	RY(q=0) | RX(q=6) | RY(q=4) | CNOT(0->4)	RY(q=0,θ=+0.180) | RX(q=6,θ=+3.142) | RY(q=4,θ=-3.142) | CNOT(0->4)	"[""RY(q=0)"", ""RX(q=6)"", ""RY(q=4)"", ""CNOT(0->4)""]"
crlqas__L3_CH2_Singlet_8q__L3_CH2_Singlet_8q_rotosolve_s2_20k__seed11111__ep15553__snap0	/home/ubuntu/NeurIPS2026/PSQASBench/results/crlqas/L3_CH2_Singlet_8q/Formal_EXP/L3_CH2_Singlet_8q_rotosolve_s2_20k/seed11111	15553	0	5	0.000623	0.000000	0.000000	0.000000	0.500000	5	1	4	4	1	20.00	rotosolve	CNOT(1->5)	RY(q=1) | RY(q=7) | RY(q=5) | CNOT(1->5)	RY(q=1,θ=+0.180) | RY(q=7,θ=+3.142) | RY(q=5,θ=-3.142) | CNOT(1->5)	"[""RY(q=1)"", ""RY(q=7)"", ""RY(q=5)"", ""CNOT(1->5)""]"
crlqas__L3_CH2_Singlet_8q__L3_CH2_Singlet_8q_rotosolve_s2_20k__seed11111__ep11393__snap0	/home/ubuntu/NeurIPS2026/PSQASBench/results/crlqas/L3_CH2_Singlet_8q/Formal_EXP/L3_CH2_Singlet_8q_rotosolve_s2_20k/seed11111	11393	0	8	0.000623	0.000000	0.000000	0.000000	0.500000	8	1	7	4	4	50.00	rotosolve	CNOT(1->5)	RY(q=5) | RY(q=1) | RY(q=7) | CNOT(1->5)	RY(q=5,θ=-3.142) | RY(q=1,θ=+0.180) | RY(q=7,θ=+3.142) | CNOT(1->5)	"[""RY(q=5)"", ""RY(q=1)"", ""RY(q=7)"", ""CNOT(1->5)""]"
crlqas__L3_CH2_Singlet_8q__L3_CH2_Singlet_8q_rotosolve_s2_20k__seed11111__ep13063__snap0	/home/ubuntu/NeurIPS2026/PSQASBench/results/crlqas/L3_CH2_Singlet_8q/Formal_EXP/L3_CH2_Singlet_8q_rotosolve_s2_20k/seed11111	13063	0	6	0.000623	0.000000	0.000000	0.000000	0.500000	6	1	5	4	2	33.33	rotosolve	CNOT(1->5)	RY(q=5) | RY(q=1) | RY(q=7) | CNOT(1->5)	RY(q=5,θ=-3.142) | RY(q=1,θ=+0.180) | RY(q=7,θ=+3.142) | CNOT(1->5)	"[""RY(q=5)"", ""RY(q=1)"", ""RY(q=7)"", ""CNOT(1->5)""]"
crlqas__L3_CH2_Singlet_8q__L3_CH2_Singlet_8q_rotosolve_s2_20k__seed11111__ep14802__snap0	/home/ubuntu/NeurIPS2026/PSQASBench/results/crlqas/L3_CH2_Singlet_8q/Formal_EXP/L3_CH2_Singlet_8q_rotosolve_s2_20k/seed11111	14802	0	6	0.000623	0.000000	0.000000	0.000000	0.500000	6	2	4	4	2	33.33	rotosolve	CNOT(1->5)	RY(q=1) | RY(q=5) | RX(q=7) | CNOT(1->5)	RY(q=1,θ=+0.180) | RY(q=5,θ=-3.142) | RX(q=7,θ=+3.142) | CNOT(1->5)	"[""RY(q=1)"", ""RY(q=5)"", ""RX(q=7)"", ""CNOT(1->5)""]"
crlqas__L3_CH2_Singlet_8q__L3_CH2_Singlet_8q_rotosolve_s2_20k__seed11111__ep13401__snap0	/home/ubuntu/NeurIPS2026/PSQASBench/results/crlqas/L3_CH2_Singlet_8q/Formal_EXP/L3_CH2_Singlet_8q_rotosolve_s2_20k/seed11111	13401	0	5	0.000623	0.000000	0.000000	0.000000	0.500000	5	1	4	4	1	20.00	rotosolve	CNOT(1->5)	RY(q=1) | RY(q=7) | RY(q=5) | CNOT(1->5)	RY(q=1,θ=+0.180) | RY(q=7,θ=+3.142) | RY(q=5,θ=-3.142) | CNOT(1->5)	"[""RY(q=1)"", ""RY(q=7)"", ""RY(q=5)"", ""CNOT(1->5)""]"
crlqas__L3_CH2_Singlet_8q__L3_CH2_Singlet_8q_rotosolve_s2_20k__seed11111__ep15683__snap0	/home/ubuntu/NeurIPS2026/PSQASBench/results/crlqas/L3_CH2_Singlet_8q/Formal_EXP/L3_CH2_Singlet_8q_rotosolve_s2_20k/seed11111	15683	0	14	0.000623	0.000000	0.000000	0.000000	0.500000	14	4	10	4	10	71.43	rotosolve	CNOT(0->4)	RX(q=6) | RY(q=0) | CNOT(6->4) | CNOT(0->4)	RX(q=6,θ=-3.142) | RY(q=0,θ=+0.180) | CNOT(6->4) | CNOT(0->4)	"[""RX(q=6)"", ""RY(q=0)"", ""CNOT(6->4)"", ""CNOT(0->4)""]"
crlqas__L3_CH2_Singlet_8q__L3_CH2_Singlet_8q_rotosolve_s2_20k__seed11111__ep14289__snap0	/home/ubuntu/NeurIPS2026/PSQASBench/results/crlqas/L3_CH2_Singlet_8q/Formal_EXP/L3_CH2_Singlet_8q_rotosolve_s2_20k/seed11111	14289	0	5	0.000623	0.000000	0.000000	0.000000	0.500000	5	1	4	4	1	20.00	rotosolve	CNOT(1->5)	RY(q=7) | RY(q=1) | RY(q=5) | CNOT(1->5)	RY(q=7,θ=+3.142) | RY(q=1,θ=+0.180) | RY(q=5,θ=-3.142) | CNOT(1->5)	"[""RY(q=7)"", ""RY(q=1)"", ""RY(q=5)"", ""CNOT(1->5)""]"
crlqas__L3_CH2_Singlet_8q__L3_CH2_Singlet_8q_rotosolve_s2_20k__seed11111__ep10423__snap0	/home/ubuntu/NeurIPS2026/PSQASBench/results/crlqas/L3_CH2_Singlet_8q/Formal_EXP/L3_CH2_Singlet_8q_rotosolve_s2_20k/seed11111	10423	0	7	0.000623	0.000000	0.000000	0.000000	0.500000	7	2	5	4	3	42.86	rotosolve	CNOT(1->5)	RY(q=1) | RY(q=5) | RX(q=7) | CNOT(1->5)	RY(q=1,θ=+0.180) | RY(q=5,θ=-3.142) | RX(q=7,θ=+3.142) | CNOT(1->5)	"[""RY(q=1)"", ""RY(q=5)"", ""RX(q=7)"", ""CNOT(1->5)""]"
crlqas__L3_CH2_Singlet_8q__L3_CH2_Singlet_8q_rotosolve_s2_20k__seed11111__ep13744__snap0	/home/ubuntu/NeurIPS2026/PSQASBench/results/crlqas/L3_CH2_Singlet_8q/Formal_EXP/L3_CH2_Singlet_8q_rotosolve_s2_20k/seed11111	13744	0	4	0.000623	0.000000	0.000000	0.000000	0.500000	4	1	3	4	0	0.00	rotosolve	CNOT(1->5)	RY(q=1) | RY(q=5) | CNOT(5->7) | CNOT(1->5)	RY(q=1,θ=+0.180) | RY(q=5,θ=-3.142) | CNOT(5->7) | CNOT(1->5)	"[""RY(q=1)"", ""RY(q=5)"", ""CNOT(5->7)"", ""CNOT(1->5)""]"
crlqas__L3_CH2_Singlet_8q__L3_CH2_Singlet_8q_rotosolve_s2_20k__seed11111__ep12047__snap0	/home/ubuntu/NeurIPS2026/PSQASBench/results/crlqas/L3_CH2_Singlet_8q/Formal_EXP/L3_CH2_Singlet_8q_rotosolve_s2_20k/seed11111	12047	0	8	0.000623	0.000000	0.000000	0.000000	0.500000	8	2	6	4	4	50.00	rotosolve	CNOT(1->5)	RY(q=5) | RY(q=1) | RX(q=7) | CNOT(1->5)	RY(q=5,θ=-3.142) | RY(q=1,θ=+0.180) | RX(q=7,θ=+3.142) | CNOT(1->5)	"[""RY(q=5)"", ""RY(q=1)"", ""RX(q=7)"", ""CNOT(1->5)""]"
crlqas__L3_CH2_Singlet_8q__L3_CH2_Singlet_8q_rotosolve_s2_20k__seed11111__ep16205__snap0	/home/ubuntu/NeurIPS2026/PSQASBench/results/crlqas/L3_CH2_Singlet_8q/Formal_EXP/L3_CH2_Singlet_8q_rotosolve_s2_20k/seed11111	16205	0	6	0.000623	0.000000	0.000000	0.000000	0.500000	6	1	5	4	2	33.33	rotosolve	CNOT(1->5)	RY(q=1) | RY(q=5) | RY(q=7) | CNOT(1->5)	RY(q=1,θ=+0.180) | RY(q=5,θ=-3.142) | RY(q=7,θ=+3.142) | CNOT(1->5)	"[""RY(q=1)"", ""RY(q=5)"", ""RY(q=7)"", ""CNOT(1->5)""]"
crlqas__L3_CH2_Singlet_8q__L3_CH2_Singlet_8q_rotosolve_s2_20k__seed11111__ep11209__snap0	/home/ubuntu/NeurIPS2026/PSQASBench/results/crlqas/L3_CH2_Singlet_8q/Formal_EXP/L3_CH2_Singlet_8q_rotosolve_s2_20k/seed11111	11209	0	9	0.000623	0.000000	0.000000	0.000000	0.500000	9	2	7	4	5	55.56	rotosolve	CNOT(1->5)	RY(q=1) | RY(q=5) | RX(q=7) | CNOT(1->5)	RY(q=1,θ=+0.180) | RY(q=5,θ=-3.142) | RX(q=7,θ=+3.142) | CNOT(1->5)	"[""RY(q=1)"", ""RY(q=5)"", ""RX(q=7)"", ""CNOT(1->5)""]"
crlqas__L3_CH2_Singlet_8q__L3_CH2_Singlet_8q_rotosolve_s2_20k__seed11111__ep12802__snap0	/home/ubuntu/NeurIPS2026/PSQASBench/results/crlqas/L3_CH2_Singlet_8q/Formal_EXP/L3_CH2_Singlet_8q_rotosolve_s2_20k/seed11111	12802	0	4	0.000623	0.000000	0.000000	0.000000	0.500000	4	1	3	4	0	0.00	rotosolve	CNOT(1->5)	RY(q=7) | RY(q=1) | RY(q=5) | CNOT(1->5)	RY(q=7,θ=-3.142) | RY(q=1,θ=+0.180) | RY(q=5,θ=-3.142) | CNOT(1->5)	"[""RY(q=7)"", ""RY(q=1)"", ""RY(q=5)"", ""CNOT(1->5)""]"
crlqas__L3_CH2_Singlet_8q__L3_CH2_Singlet_8q_rotosolve_s2_20k__seed11111__ep13806__snap0	/home/ubuntu/NeurIPS2026/PSQASBench/results/crlqas/L3_CH2_Singlet_8q/Formal_EXP/L3_CH2_Singlet_8q_rotosolve_s2_20k/seed11111	13806	0	5	0.000623	0.000000	0.000000	0.000000	0.500000	5	1	4	4	1	20.00	rotosolve	CNOT(0->4)	RY(q=4) | RX(q=6) | RY(q=0) | CNOT(0->4)	RY(q=4,θ=-3.142) | RX(q=6,θ=+3.142) | RY(q=0,θ=+0.180) | CNOT(0->4)	"[""RY(q=4)"", ""RX(q=6)"", ""RY(q=0)"", ""CNOT(0->4)""]"
crlqas__L3_CH2_Singlet_8q__L3_CH2_Singlet_8q_rotosolve_s2_20k__seed11111__ep10440__snap0	/home/ubuntu/NeurIPS2026/PSQASBench/results/crlqas/L3_CH2_Singlet_8q/Formal_EXP/L3_CH2_Singlet_8q_rotosolve_s2_20k/seed11111	10440	0	5	0.000623	0.000000	0.000000	0.000000	0.500000	5	2	3	4	1	20.00	rotosolve	CNOT(1->5)	RY(q=1) | RY(q=5) | RX(q=7) | CNOT(1->5)	RY(q=1,θ=+0.180) | RY(q=5,θ=-3.142) | RX(q=7,θ=+3.142) | CNOT(1->5)	"[""RY(q=1)"", ""RY(q=5)"", ""RX(q=7)"", ""CNOT(1->5)""]"
crlqas__L3_CH2_Singlet_8q__L3_CH2_Singlet_8q_rotosolve_s2_20k__seed11111__ep12818__snap0	/home/ubuntu/NeurIPS2026/PSQASBench/results/crlqas/L3_CH2_Singlet_8q/Formal_EXP/L3_CH2_Singlet_8q_rotosolve_s2_20k/seed11111	12818	0	8	0.000623	0.000000	0.000000	0.000000	0.500000	8	2	6	4	4	50.00	rotosolve	CNOT(0->4)	RY(q=4) | RX(q=6) | RY(q=0) | CNOT(0->4)	RY(q=4,θ=-3.142) | RX(q=6,θ=+3.142) | RY(q=0,θ=+0.180) | CNOT(0->4)	"[""RY(q=4)"", ""RX(q=6)"", ""RY(q=0)"", ""CNOT(0->4)""]"
crlqas__L3_CH2_Singlet_8q__L3_CH2_Singlet_8q_rotosolve_s2_20k__seed11111__ep15292__snap0	/home/ubuntu/NeurIPS2026/PSQASBench/results/crlqas/L3_CH2_Singlet_8q/Formal_EXP/L3_CH2_Singlet_8q_rotosolve_s2_20k/seed11111	15292	0	5	0.000623	0.000000	0.000000	0.000000	0.500000	5	2	3	4	1	20.00	rotosolve	CNOT(1->5)	RY(q=1) | RY(q=5) | RX(q=7) | CNOT(1->5)	RY(q=1,θ=+0.180) | RY(q=5,θ=-3.142) | RX(q=7,θ=+3.142) | CNOT(1->5)	"[""RY(q=1)"", ""RY(q=5)"", ""RX(q=7)"", ""CNOT(1->5)""]"
crlqas__L3_CH2_Singlet_8q__L3_CH2_Singlet_8q_rotosolve_s2_20k__seed11111__ep18227__snap0	/home/ubuntu/NeurIPS2026/PSQASBench/results/crlqas/L3_CH2_Singlet_8q/Formal_EXP/L3_CH2_Singlet_8q_rotosolve_s2_20k/seed11111	18227	0	5	0.000623	0.000000	0.000000	0.000000	0.500000	5	1	4	4	1	20.00	rotosolve	CNOT(1->5)	RY(q=1) | RY(q=5) | RY(q=7) | CNOT(1->5)	RY(q=1,θ=+0.180) | RY(q=5,θ=-3.142) | RY(q=7,θ=+3.142) | CNOT(1->5)	"[""RY(q=1)"", ""RY(q=5)"", ""RY(q=7)"", ""CNOT(1->5)""]"
crlqas__L3_CH2_Singlet_8q__L3_CH2_Singlet_8q_rotosolve_s2_20k__seed11111__ep16240__snap0	/home/ubuntu/NeurIPS2026/PSQASBench/results/crlqas/L3_CH2_Singlet_8q/Formal_EXP/L3_CH2_Singlet_8q_rotosolve_s2_20k/seed11111	16240	0	7	0.000623	0.000000	0.000000	0.000000	0.500000	7	2	5	4	3	42.86	rotosolve	CNOT(1->5)	RY(q=1) | RY(q=5) | RX(q=7) | CNOT(1->5)	RY(q=1,θ=+0.180) | RY(q=5,θ=-3.142) | RX(q=7,θ=+3.142) | CNOT(1->5)	"[""RY(q=1)"", ""RY(q=5)"", ""RX(q=7)"", ""CNOT(1->5)""]"
crlqas__L3_CH2_Singlet_8q__L3_CH2_Singlet_8q_rotosolve_s2_20k__seed11111__ep18703__snap0	/home/ubuntu/NeurIPS2026/PSQASBench/results/crlqas/L3_CH2_Singlet_8q/Formal_EXP/L3_CH2_Singlet_8q_rotosolve_s2_20k/seed11111	18703	0	7	0.000623	0.000000	0.000000	0.000000	0.500000	7	1	6	4	3	42.86	rotosolve	CNOT(1->5)	RY(q=1) | RY(q=5) | RY(q=7) | CNOT(1->5)	RY(q=1,θ=+0.180) | RY(q=5,θ=-3.142) | RY(q=7,θ=+3.142) | CNOT(1->5)	"[""RY(q=1)"", ""RY(q=5)"", ""RY(q=7)"", ""CNOT(1->5)""]"
crlqas__L3_CH2_Singlet_8q__L3_CH2_Singlet_8q_rotosolve_s2_20k__seed11111__ep14677__snap0	/home/ubuntu/NeurIPS2026/PSQASBench/results/crlqas/L3_CH2_Singlet_8q/Formal_EXP/L3_CH2_Singlet_8q_rotosolve_s2_20k/seed11111	14677	0	5	0.000623	0.000000	0.000000	0.000000	0.500000	5	2	3	4	1	20.00	rotosolve	CNOT(1->5)	RY(q=1) | RY(q=5) | RX(q=7) | CNOT(1->5)	RY(q=1,θ=+0.180) | RY(q=5,θ=-3.142) | RX(q=7,θ=+3.142) | CNOT(1->5)	"[""RY(q=1)"", ""RY(q=5)"", ""RX(q=7)"", ""CNOT(1->5)""]"
crlqas__L3_CH2_Singlet_8q__L3_CH2_Singlet_8q_rotosolve_s2_20k__seed11111__ep12594__snap0	/home/ubuntu/NeurIPS2026/PSQASBench/results/crlqas/L3_CH2_Singlet_8q/Formal_EXP/L3_CH2_Singlet_8q_rotosolve_s2_20k/seed11111	12594	0	5	0.000623	0.000000	0.000000	0.000000	0.500000	5	1	4	4	1	20.00	rotosolve	CNOT(1->5)	RY(q=1) | RY(q=5) | CNOT(5->7) | CNOT(1->5)	RY(q=1,θ=+0.180) | RY(q=5,θ=-3.142) | CNOT(5->7) | CNOT(1->5)	"[""RY(q=1)"", ""RY(q=5)"", ""CNOT(5->7)"", ""CNOT(1->5)""]"
crlqas__L3_CH2_Singlet_8q__L3_CH2_Singlet_8q_rotosolve_s2_20k__seed11111__ep11052__snap0	/home/ubuntu/NeurIPS2026/PSQASBench/results/crlqas/L3_CH2_Singlet_8q/Formal_EXP/L3_CH2_Singlet_8q_rotosolve_s2_20k/seed11111	11052	0	7	0.000623	0.000000	0.000000	0.000000	0.500000	7	2	5	4	3	42.86	rotosolve	CNOT(1->5)	RY(q=1) | RY(q=5) | RX(q=7) | CNOT(1->5)	RY(q=1,θ=+0.180) | RY(q=5,θ=-3.142) | RX(q=7,θ=+3.142) | CNOT(1->5)	"[""RY(q=1)"", ""RY(q=5)"", ""RX(q=7)"", ""CNOT(1->5)""]"
crlqas__L3_CH2_Singlet_8q__L3_CH2_Singlet_8q_rotosolve_s2_20k__seed11111__ep19099__snap0	/home/ubuntu/NeurIPS2026/PSQASBench/results/crlqas/L3_CH2_Singlet_8q/Formal_EXP/L3_CH2_Singlet_8q_rotosolve_s2_20k/seed11111	19099	0	5	0.000623	0.000000	0.000000	0.000000	0.500000	5	1	4	4	1	20.00	rotosolve	CNOT(1->5)	RY(q=1) | RY(q=5) | CNOT(5->7) | CNOT(1->5)	RY(q=1,θ=+0.180) | RY(q=5,θ=-3.142) | CNOT(5->7) | CNOT(1->5)	"[""RY(q=1)"", ""RY(q=5)"", ""CNOT(5->7)"", ""CNOT(1->5)""]"
crlqas__L3_CH2_Singlet_8q__L3_CH2_Singlet_8q_rotosolve_s2_20k__seed11111__ep15721__snap0	/home/ubuntu/NeurIPS2026/PSQASBench/results/crlqas/L3_CH2_Singlet_8q/Formal_EXP/L3_CH2_Singlet_8q_rotosolve_s2_20k/seed11111	15721	0	6	0.000623	0.000000	0.000000	0.000000	0.500000	6	1	5	4	2	33.33	rotosolve	CNOT(1->5)	RY(q=1) | RY(q=5) | CNOT(5->7) | CNOT(1->5)	RY(q=1,θ=+0.180) | RY(q=5,θ=-3.142) | CNOT(5->7) | CNOT(1->5)	"[""RY(q=1)"", ""RY(q=5)"", ""CNOT(5->7)"", ""CNOT(1->5)""]"
crlqas__L3_CH2_Singlet_8q__L3_CH2_Singlet_8q_rotosolve_s2_20k__seed11111__ep15020__snap0	/home/ubuntu/NeurIPS2026/PSQASBench/results/crlqas/L3_CH2_Singlet_8q/Formal_EXP/L3_CH2_Singlet_8q_rotosolve_s2_20k/seed11111	15020	0	5	0.000623	0.000000	0.000000	0.000000	0.500000	5	2	3	4	1	20.00	rotosolve	CNOT(1->5)	RY(q=1) | RY(q=5) | RX(q=7) | CNOT(1->5)	RY(q=1,θ=+0.180) | RY(q=5,θ=-3.142) | RX(q=7,θ=+3.142) | CNOT(1->5)	"[""RY(q=1)"", ""RY(q=5)"", ""RX(q=7)"", ""CNOT(1->5)""]"
crlqas__L3_CH2_Singlet_8q__L3_CH2_Singlet_8q_rotosolve_s2_20k__seed11111__ep13085__snap0	/home/ubuntu/NeurIPS2026/PSQASBench/results/crlqas/L3_CH2_Singlet_8q/Formal_EXP/L3_CH2_Singlet_8q_rotosolve_s2_20k/seed11111	13085	0	10	0.000623	0.000000	0.000000	0.000000	0.500000	10	1	9	4	6	60.00	rotosolve	CNOT(1->5)	RY(q=1) | RY(q=5) | RY(q=7) | CNOT(1->5)	RY(q=1,θ=+0.180) | RY(q=5,θ=-3.142) | RY(q=7,θ=+3.142) | CNOT(1->5)	"[""RY(q=1)"", ""RY(q=5)"", ""RY(q=7)"", ""CNOT(1->5)""]"
crlqas__L3_CH2_Singlet_8q__L3_CH2_Singlet_8q_rotosolve_s2_20k__seed11111__ep14388__snap0	/home/ubuntu/NeurIPS2026/PSQASBench/results/crlqas/L3_CH2_Singlet_8q/Formal_EXP/L3_CH2_Singlet_8q_rotosolve_s2_20k/seed11111	14388	0	5	0.000623	0.000000	0.000000	0.000000	0.500000	5	1	4	4	1	20.00	rotosolve	CNOT(1->5)	RY(q=1) | RY(q=5) | CNOT(5->7) | CNOT(1->5)	RY(q=1,θ=+0.180) | RY(q=5,θ=-3.142) | CNOT(5->7) | CNOT(1->5)	"[""RY(q=1)"", ""RY(q=5)"", ""CNOT(5->7)"", ""CNOT(1->5)""]"
crlqas__L3_CH2_Singlet_8q__L3_CH2_Singlet_8q_rotosolve_s2_20k__seed11111__ep14362__snap0	/home/ubuntu/NeurIPS2026/PSQASBench/results/crlqas/L3_CH2_Singlet_8q/Formal_EXP/L3_CH2_Singlet_8q_rotosolve_s2_20k/seed11111	14362	0	5	0.000623	0.000000	0.000000	0.000000	0.500000	5	2	3	4	1	20.00	rotosolve	CNOT(1->5)	RY(q=7) | RY(q=1) | RY(q=5) | CNOT(1->5)	RY(q=7,θ=+3.142) | RY(q=1,θ=+0.180) | RY(q=5,θ=-3.142) | CNOT(1->5)	"[""RY(q=7)"", ""RY(q=1)"", ""RY(q=5)"", ""CNOT(1->5)""]"
crlqas__L3_CH2_Singlet_8q__L3_CH2_Singlet_8q_rotosolve_s2_20k__seed11111__ep12968__snap0	/home/ubuntu/NeurIPS2026/PSQASBench/results/crlqas/L3_CH2_Singlet_8q/Formal_EXP/L3_CH2_Singlet_8q_rotosolve_s2_20k/seed11111	12968	0	5	0.000623	0.000000	0.000000	0.000000	0.500000	5	2	3	4	1	20.00	rotosolve	CNOT(1->5)	RY(q=1) | RX(q=7) | RY(q=5) | CNOT(1->5)	RY(q=1,θ=+0.180) | RX(q=7,θ=+3.142) | RY(q=5,θ=-3.142) | CNOT(1->5)	"[""RY(q=1)"", ""RX(q=7)"", ""RY(q=5)"", ""CNOT(1->5)""]"
crlqas__L3_CH2_Singlet_8q__L3_CH2_Singlet_8q_rotosolve_s2_20k__seed11111__ep17595__snap0	/home/ubuntu/NeurIPS2026/PSQASBench/results/crlqas/L3_CH2_Singlet_8q/Formal_EXP/L3_CH2_Singlet_8q_rotosolve_s2_20k/seed11111	17595	0	7	0.000623	0.000000	0.000000	0.000000	0.500000	7	2	5	4	3	42.86	rotosolve	CNOT(1->5)	RY(q=1) | RY(q=5) | RX(q=7) | CNOT(1->5)	RY(q=1,θ=+0.180) | RY(q=5,θ=-3.142) | RX(q=7,θ=+3.142) | CNOT(1->5)	"[""RY(q=1)"", ""RY(q=5)"", ""RX(q=7)"", ""CNOT(1->5)""]"
crlqas__L3_CH2_Singlet_8q__L3_CH2_Singlet_8q_rotosolve_s2_20k__seed11111__ep18528__snap0	/home/ubuntu/NeurIPS2026/PSQASBench/results/crlqas/L3_CH2_Singlet_8q/Formal_EXP/L3_CH2_Singlet_8q_rotosolve_s2_20k/seed11111	18528	0	6	0.000623	0.000000	0.000000	0.000000	0.500000	6	2	4	4	2	33.33	rotosolve	CNOT(1->5)	RY(q=1) | RY(q=5) | RX(q=7) | CNOT(1->5)	RY(q=1,θ=+0.180) | RY(q=5,θ=-3.142) | RX(q=7,θ=+3.142) | CNOT(1->5)	"[""RY(q=1)"", ""RY(q=5)"", ""RX(q=7)"", ""CNOT(1->5)""]"
crlqas__L3_CH2_Singlet_8q__L3_CH2_Singlet_8q_rotosolve_s2_20k__seed11111__ep11161__snap0	/home/ubuntu/NeurIPS2026/PSQASBench/results/crlqas/L3_CH2_Singlet_8q/Formal_EXP/L3_CH2_Singlet_8q_rotosolve_s2_20k/seed11111	11161	0	37	0.000623	0.000000	0.000000	0.000000	0.500000	37	4	33	14	23	62.16	rotosolve	RX(q=4)	RY(q=0) | RZ(q=5) | RZ(q=3) | RY(q=6) | RZ(q=3) | RZ(q=3) | RZ(q=3) | RY(q=6) | CNOT(0->4) | CNOT(7->5) | CNOT(7->5) | CNOT(7->5) | CNOT(7->5) | RX(q=4)	RY(q=0,θ=+0.180) | RZ(q=5,θ=-3.142) | RZ(q=3,θ=-3.142) | RY(q=6,θ=+3.142) | RZ(q=3,θ=-3.142) | RZ(q=3,θ=-3.142) | RZ(q=3,θ=-3.142) | RY(q=6,θ=+0.000) | CNOT(0->4) | CNOT(7->5) | CNOT(7->5) | CNOT(7->5) | CNOT(7->5) | RX(q=4,θ=-3.142)	"[""RY(q=0)"", ""RZ(q=5)"", ""RZ(q=3)"", ""RY(q=6)"", ""RZ(q=3)"", ""RZ(q=3)"", ""RZ(q=3)"", ""RY(q=6)"", ""CNOT(0->4)"", ""CNOT(7->5)"", ""CNOT(7->5)"", ""CNOT(7->5)"", ""CNOT(7->5)"", ""RX(q=4)""]"
crlqas__L3_CH2_Singlet_8q__L3_CH2_Singlet_8q_rotosolve_s2_20k__seed11111__ep14804__snap0	/home/ubuntu/NeurIPS2026/PSQASBench/results/crlqas/L3_CH2_Singlet_8q/Formal_EXP/L3_CH2_Singlet_8q_rotosolve_s2_20k/seed11111	14804	0	6	0.000623	0.000000	0.000000	0.000000	0.500000	6	1	5	4	2	33.33	rotosolve	CNOT(0->4)	RX(q=6) | RY(q=0) | RY(q=4) | CNOT(0->4)	RX(q=6,θ=+3.142) | RY(q=0,θ=+0.180) | RY(q=4,θ=-3.142) | CNOT(0->4)	"[""RX(q=6)"", ""RY(q=0)"", ""RY(q=4)"", ""CNOT(0->4)""]"
crlqas__L3_CH2_Singlet_8q__L3_CH2_Singlet_8q_rotosolve_s2_20k__seed11111__ep18834__snap0	/home/ubuntu/NeurIPS2026/PSQASBench/results/crlqas/L3_CH2_Singlet_8q/Formal_EXP/L3_CH2_Singlet_8q_rotosolve_s2_20k/seed11111	18834	0	5	0.000623	0.000000	0.000000	0.000000	0.500000	5	1	4	4	1	20.00	rotosolve	CNOT(0->4)	RY(q=4) | RX(q=6) | RY(q=0) | CNOT(0->4)	RY(q=4,θ=-3.142) | RX(q=6,θ=+3.142) | RY(q=0,θ=+0.180) | CNOT(0->4)	"[""RY(q=4)"", ""RX(q=6)"", ""RY(q=0)"", ""CNOT(0->4)""]"
crlqas__L3_CH2_Singlet_8q__L3_CH2_Singlet_8q_rotosolve_s2_20k__seed11111__ep12094__snap0	/home/ubuntu/NeurIPS2026/PSQASBench/results/crlqas/L3_CH2_Singlet_8q/Formal_EXP/L3_CH2_Singlet_8q_rotosolve_s2_20k/seed11111	12094	0	5	0.000623	0.000000	0.000000	0.000000	0.500000	5	1	4	4	1	20.00	rotosolve	CNOT(1->5)	RY(q=1) | RY(q=5) | CNOT(5->7) | CNOT(1->5)	RY(q=1,θ=+0.180) | RY(q=5,θ=-3.142) | CNOT(5->7) | CNOT(1->5)	"[""RY(q=1)"", ""RY(q=5)"", ""CNOT(5->7)"", ""CNOT(1->5)""]"
crlqas__L3_CH2_Singlet_8q__L3_CH2_Singlet_8q_rotosolve_s2_20k__seed11111__ep10272__snap0	/home/ubuntu/NeurIPS2026/PSQASBench/results/crlqas/L3_CH2_Singlet_8q/Formal_EXP/L3_CH2_Singlet_8q_rotosolve_s2_20k/seed11111	10272	0	10	0.000623	0.000000	0.000000	0.000000	0.500000	10	2	8	4	6	60.00	rotosolve	CNOT(1->5)	RY(q=1) | RY(q=5) | RX(q=7) | CNOT(1->5)	RY(q=1,θ=+0.180) | RY(q=5,θ=-3.142) | RX(q=7,θ=+3.142) | CNOT(1->5)	"[""RY(q=1)"", ""RY(q=5)"", ""RX(q=7)"", ""CNOT(1->5)""]"
crlqas__L3_CH2_Singlet_8q__L3_CH2_Singlet_8q_rotosolve_s2_20k__seed11111__ep19703__snap0	/home/ubuntu/NeurIPS2026/PSQASBench/results/crlqas/L3_CH2_Singlet_8q/Formal_EXP/L3_CH2_Singlet_8q_rotosolve_s2_20k/seed11111	19703	0	6	0.000623	0.000000	0.000000	0.000000	0.500000	6	2	4	4	2	33.33	rotosolve	CNOT(1->5)	RY(q=1) | RX(q=7) | RY(q=5) | CNOT(1->5)	RY(q=1,θ=+0.180) | RX(q=7,θ=+3.142) | RY(q=5,θ=-3.142) | CNOT(1->5)	"[""RY(q=1)"", ""RX(q=7)"", ""RY(q=5)"", ""CNOT(1->5)""]"
crlqas__L3_CH2_Singlet_8q__L3_CH2_Singlet_8q_rotosolve_s2_20k__seed11111__ep16181__snap0	/home/ubuntu/NeurIPS2026/PSQASBench/results/crlqas/L3_CH2_Singlet_8q/Formal_EXP/L3_CH2_Singlet_8q_rotosolve_s2_20k/seed11111	16181	0	5	0.000623	0.000000	0.000000	0.000000	0.500000	5	1	4	4	1	20.00	rotosolve	CNOT(1->5)	RY(q=1) | RY(q=5) | CNOT(5->7) | CNOT(1->5)	RY(q=1,θ=+0.180) | RY(q=5,θ=-3.142) | CNOT(5->7) | CNOT(1->5)	"[""RY(q=1)"", ""RY(q=5)"", ""CNOT(5->7)"", ""CNOT(1->5)""]"
crlqas__L3_CH2_Singlet_8q__L3_CH2_Singlet_8q_rotosolve_s2_20k__seed11111__ep10760__snap0	/home/ubuntu/NeurIPS2026/PSQASBench/results/crlqas/L3_CH2_Singlet_8q/Formal_EXP/L3_CH2_Singlet_8q_rotosolve_s2_20k/seed11111	10760	0	8	0.000623	0.000000	0.000000	0.000000	0.500000	8	2	6	4	4	50.00	rotosolve	CNOT(1->5)	RY(q=5) | RY(q=1) | RX(q=7) | CNOT(1->5)	RY(q=5,θ=-3.142) | RY(q=1,θ=+0.180) | RX(q=7,θ=+3.142) | CNOT(1->5)	"[""RY(q=5)"", ""RY(q=1)"", ""RX(q=7)"", ""CNOT(1->5)""]"
crlqas__L3_CH2_Singlet_8q__L3_CH2_Singlet_8q_rotosolve_s2_20k__seed11111__ep16920__snap0	/home/ubuntu/NeurIPS2026/PSQASBench/results/crlqas/L3_CH2_Singlet_8q/Formal_EXP/L3_CH2_Singlet_8q_rotosolve_s2_20k/seed11111	16920	0	5	0.000623	0.000000	0.000000	0.000000	0.500000	5	1	4	4	1	20.00	rotosolve	CNOT(0->4)	RY(q=6) | RY(q=0) | RY(q=4) | CNOT(0->4)	RY(q=6,θ=+3.142) | RY(q=0,θ=+0.180) | RY(q=4,θ=-3.142) | CNOT(0->4)	"[""RY(q=6)"", ""RY(q=0)"", ""RY(q=4)"", ""CNOT(0->4)""]"
crlqas__L3_CH2_Singlet_8q__L3_CH2_Singlet_8q_rotosolve_s2_20k__seed11111__ep12039__snap0	/home/ubuntu/NeurIPS2026/PSQASBench/results/crlqas/L3_CH2_Singlet_8q/Formal_EXP/L3_CH2_Singlet_8q_rotosolve_s2_20k/seed11111	12039	0	8	0.000623	0.000000	0.000000	0.000000	0.500000	8	1	7	4	4	50.00	rotosolve	CNOT(0->4)	RY(q=0) | RX(q=6) | RY(q=4) | CNOT(0->4)	RY(q=0,θ=+0.180) | RX(q=6,θ=+3.142) | RY(q=4,θ=-3.142) | CNOT(0->4)	"[""RY(q=0)"", ""RX(q=6)"", ""RY(q=4)"", ""CNOT(0->4)""]"
crlqas__L3_CH2_Singlet_8q__L3_CH2_Singlet_8q_rotosolve_s2_20k__seed11111__ep17508__snap0	/home/ubuntu/NeurIPS2026/PSQASBench/results/crlqas/L3_CH2_Singlet_8q/Formal_EXP/L3_CH2_Singlet_8q_rotosolve_s2_20k/seed11111	17508	0	6	0.000623	0.000000	0.000000	0.000000	0.500000	6	2	4	4	2	33.33	rotosolve	CNOT(1->5)	RY(q=1) | RY(q=5) | RX(q=7) | CNOT(1->5)	RY(q=1,θ=+0.180) | RY(q=5,θ=-3.142) | RX(q=7,θ=+3.142) | CNOT(1->5)	"[""RY(q=1)"", ""RY(q=5)"", ""RX(q=7)"", ""CNOT(1->5)""]"
crlqas__L3_CH2_Singlet_8q__L3_CH2_Singlet_8q_rotosolve_s2_20k__seed11111__ep16475__snap0	/home/ubuntu/NeurIPS2026/PSQASBench/results/crlqas/L3_CH2_Singlet_8q/Formal_EXP/L3_CH2_Singlet_8q_rotosolve_s2_20k/seed11111	16475	0	8	0.000623	0.000000	0.000000	0.000000	0.500000	8	2	6	4	4	50.00	rotosolve	CNOT(1->5)	RY(q=1) | RY(q=5) | RX(q=7) | CNOT(1->5)	RY(q=1,θ=+0.180) | RY(q=5,θ=-3.142) | RX(q=7,θ=+3.142) | CNOT(1->5)	"[""RY(q=1)"", ""RY(q=5)"", ""RX(q=7)"", ""CNOT(1->5)""]"
crlqas__L3_CH2_Singlet_8q__L3_CH2_Singlet_8q_rotosolve_s2_20k__seed11111__ep17802__snap0	/home/ubuntu/NeurIPS2026/PSQASBench/results/crlqas/L3_CH2_Singlet_8q/Formal_EXP/L3_CH2_Singlet_8q_rotosolve_s2_20k/seed11111	17802	0	5	0.000623	0.000000	0.000000	0.000000	0.500000	5	2	3	4	1	20.00	rotosolve	CNOT(1->5)	RY(q=1) | RY(q=5) | RX(q=7) | CNOT(1->5)	RY(q=1,θ=+0.180) | RY(q=5,θ=-3.142) | RX(q=7,θ=+3.142) | CNOT(1->5)	"[""RY(q=1)"", ""RY(q=5)"", ""RX(q=7)"", ""CNOT(1->5)""]"
crlqas__L3_CH2_Singlet_8q__L3_CH2_Singlet_8q_rotosolve_s2_20k__seed11111__ep16577__snap0	/home/ubuntu/NeurIPS2026/PSQASBench/results/crlqas/L3_CH2_Singlet_8q/Formal_EXP/L3_CH2_Singlet_8q_rotosolve_s2_20k/seed11111	16577	0	12	0.000623	0.000000	0.000000	0.000000	0.500000	12	1	11	4	8	66.67	rotosolve	CNOT(1->5)	RY(q=1) | RY(q=5) | RY(q=7) | CNOT(1->5)	RY(q=1,θ=+0.180) | RY(q=5,θ=-3.142) | RY(q=7,θ=+3.142) | CNOT(1->5)	"[""RY(q=1)"", ""RY(q=5)"", ""RY(q=7)"", ""CNOT(1->5)""]"
crlqas__L3_CH2_Singlet_8q__L3_CH2_Singlet_8q_rotosolve_s2_20k__seed11111__ep19297__snap0	/home/ubuntu/NeurIPS2026/PSQASBench/results/crlqas/L3_CH2_Singlet_8q/Formal_EXP/L3_CH2_Singlet_8q_rotosolve_s2_20k/seed11111	19297	0	6	0.000623	0.000000	0.000000	0.000000	0.500000	6	2	4	4	2	33.33	rotosolve	CNOT(1->5)	RY(q=1) | RY(q=5) | RX(q=7) | CNOT(1->5)	RY(q=1,θ=+0.180) | RY(q=5,θ=-3.142) | RX(q=7,θ=+3.142) | CNOT(1->5)	"[""RY(q=1)"", ""RY(q=5)"", ""RX(q=7)"", ""CNOT(1->5)""]"
crlqas__L3_CH2_Singlet_8q__L3_CH2_Singlet_8q_rotosolve_s2_20k__seed11111__ep15032__snap0	/home/ubuntu/NeurIPS2026/PSQASBench/results/crlqas/L3_CH2_Singlet_8q/Formal_EXP/L3_CH2_Singlet_8q_rotosolve_s2_20k/seed11111	15032	0	8	0.000623	0.000000	0.000000	0.000000	0.500000	8	1	7	4	4	50.00	rotosolve	CNOT(1->5)	RY(q=1) | RY(q=7) | RY(q=5) | CNOT(1->5)	RY(q=1,θ=+0.180) | RY(q=7,θ=+3.142) | RY(q=5,θ=-3.142) | CNOT(1->5)	"[""RY(q=1)"", ""RY(q=7)"", ""RY(q=5)"", ""CNOT(1->5)""]"
crlqas__L3_CH2_Singlet_8q__L3_CH2_Singlet_8q_rotosolve_s2_20k__seed11111__ep12896__snap0	/home/ubuntu/NeurIPS2026/PSQASBench/results/crlqas/L3_CH2_Singlet_8q/Formal_EXP/L3_CH2_Singlet_8q_rotosolve_s2_20k/seed11111	12896	0	4	0.000623	0.000000	0.000000	0.000000	0.500000	4	1	3	4	0	0.00	rotosolve	CNOT(1->5)	RX(q=5) | RY(q=7) | RY(q=1) | CNOT(1->5)	RX(q=5,θ=-3.142) | RY(q=7,θ=+3.142) | RY(q=1,θ=+0.180) | CNOT(1->5)	"[""RX(q=5)"", ""RY(q=7)"", ""RY(q=1)"", ""CNOT(1->5)""]"
crlqas__L3_CH2_Singlet_8q__L3_CH2_Singlet_8q_rotosolve_s2_20k__seed11111__ep14423__snap0	/home/ubuntu/NeurIPS2026/PSQASBench/results/crlqas/L3_CH2_Singlet_8q/Formal_EXP/L3_CH2_Singlet_8q_rotosolve_s2_20k/seed11111	14423	0	6	0.000623	0.000000	0.000000	0.000000	0.500000	6	1	5	4	2	33.33	rotosolve	CNOT(0->4)	RX(q=6) | RX(q=4) | RY(q=0) | CNOT(0->4)	RX(q=6,θ=+3.142) | RX(q=4,θ=-3.142) | RY(q=0,θ=+0.180) | CNOT(0->4)	"[""RX(q=6)"", ""RX(q=4)"", ""RY(q=0)"", ""CNOT(0->4)""]"
crlqas__L3_CH2_Singlet_8q__L3_CH2_Singlet_8q_rotosolve_s2_20k__seed11111__ep17620__snap0	/home/ubuntu/NeurIPS2026/PSQASBench/results/crlqas/L3_CH2_Singlet_8q/Formal_EXP/L3_CH2_Singlet_8q_rotosolve_s2_20k/seed11111	17620	0	5	0.000623	0.000000	0.000000	0.000000	0.500000	5	2	3	4	1	20.00	rotosolve	CNOT(1->5)	RY(q=1) | RY(q=5) | RX(q=7) | CNOT(1->5)	RY(q=1,θ=+0.180) | RY(q=5,θ=-3.142) | RX(q=7,θ=+3.142) | CNOT(1->5)	"[""RY(q=1)"", ""RY(q=5)"", ""RX(q=7)"", ""CNOT(1->5)""]"
crlqas__L3_CH2_Singlet_8q__L3_CH2_Singlet_8q_rotosolve_s2_20k__seed11111__ep18728__snap0	/home/ubuntu/NeurIPS2026/PSQASBench/results/crlqas/L3_CH2_Singlet_8q/Formal_EXP/L3_CH2_Singlet_8q_rotosolve_s2_20k/seed11111	18728	0	6	0.000623	0.000000	0.000000	0.000000	0.500000	6	1	5	4	2	33.33	rotosolve	CNOT(1->5)	RY(q=1) | RY(q=5) | RY(q=7) | CNOT(1->5)	RY(q=1,θ=+0.180) | RY(q=5,θ=-3.142) | RY(q=7,θ=+3.142) | CNOT(1->5)	"[""RY(q=1)"", ""RY(q=5)"", ""RY(q=7)"", ""CNOT(1->5)""]"
crlqas__L3_CH2_Singlet_8q__L3_CH2_Singlet_8q_rotosolve_s2_20k__seed11111__ep18816__snap0	/home/ubuntu/NeurIPS2026/PSQASBench/results/crlqas/L3_CH2_Singlet_8q/Formal_EXP/L3_CH2_Singlet_8q_rotosolve_s2_20k/seed11111	18816	0	5	0.000623	0.000000	0.000000	0.000000	0.500000	5	2	3	4	1	20.00	rotosolve	CNOT(1->5)	RY(q=1) | RX(q=5) | RX(q=7) | CNOT(1->5)	RY(q=1,θ=+0.180) | RX(q=5,θ=-3.142) | RX(q=7,θ=+3.142) | CNOT(1->5)	"[""RY(q=1)"", ""RX(q=5)"", ""RX(q=7)"", ""CNOT(1->5)""]"
crlqas__L3_CH2_Singlet_8q__L3_CH2_Singlet_8q_rotosolve_s2_20k__seed11111__ep14763__snap0	/home/ubuntu/NeurIPS2026/PSQASBench/results/crlqas/L3_CH2_Singlet_8q/Formal_EXP/L3_CH2_Singlet_8q_rotosolve_s2_20k/seed11111	14763	0	5	0.000623	0.000000	0.000000	0.000000	0.500000	5	2	3	4	1	20.00	rotosolve	CNOT(1->5)	RY(q=1) | RY(q=5) | RX(q=7) | CNOT(1->5)	RY(q=1,θ=+0.180) | RY(q=5,θ=-3.142) | RX(q=7,θ=+3.142) | CNOT(1->5)	"[""RY(q=1)"", ""RY(q=5)"", ""RX(q=7)"", ""CNOT(1->5)""]"
crlqas__L3_CH2_Singlet_8q__L3_CH2_Singlet_8q_rotosolve_s2_20k__seed11111__ep16509__snap0	/home/ubuntu/NeurIPS2026/PSQASBench/results/crlqas/L3_CH2_Singlet_8q/Formal_EXP/L3_CH2_Singlet_8q_rotosolve_s2_20k/seed11111	16509	0	5	0.000623	0.000000	0.000000	0.000000	0.500000	5	2	3	4	1	20.00	rotosolve	CNOT(1->5)	RY(q=5) | RY(q=1) | RX(q=7) | CNOT(1->5)	RY(q=5,θ=-3.142) | RY(q=1,θ=+0.180) | RX(q=7,θ=+3.142) | CNOT(1->5)	"[""RY(q=5)"", ""RY(q=1)"", ""RX(q=7)"", ""CNOT(1->5)""]"
crlqas__L3_CH2_Singlet_8q__L3_CH2_Singlet_8q_rotosolve_s2_20k__seed11111__ep19913__snap0	/home/ubuntu/NeurIPS2026/PSQASBench/results/crlqas/L3_CH2_Singlet_8q/Formal_EXP/L3_CH2_Singlet_8q_rotosolve_s2_20k/seed11111	19913	0	5	0.000623	0.000000	0.000000	0.000000	0.500000	5	1	4	4	1	20.00	rotosolve	CNOT(0->4)	RX(q=6) | RY(q=4) | RY(q=0) | CNOT(0->4)	RX(q=6,θ=+3.142) | RY(q=4,θ=-3.142) | RY(q=0,θ=+0.180) | CNOT(0->4)	"[""RX(q=6)"", ""RY(q=4)"", ""RY(q=0)"", ""CNOT(0->4)""]"
crlqas__L3_CH2_Singlet_8q__L3_CH2_Singlet_8q_rotosolve_s2_20k__seed11111__ep17042__snap0	/home/ubuntu/NeurIPS2026/PSQASBench/results/crlqas/L3_CH2_Singlet_8q/Formal_EXP/L3_CH2_Singlet_8q_rotosolve_s2_20k/seed11111	17042	0	5	0.000623	0.000000	0.000000	0.000000	0.500000	5	2	3	4	1	20.00	rotosolve	CNOT(1->5)	RX(q=5) | RY(q=1) | RX(q=7) | CNOT(1->5)	RX(q=5,θ=-3.142) | RY(q=1,θ=+0.180) | RX(q=7,θ=+3.142) | CNOT(1->5)	"[""RX(q=5)"", ""RY(q=1)"", ""RX(q=7)"", ""CNOT(1->5)""]"
crlqas__L3_CH2_Singlet_8q__L3_CH2_Singlet_8q_rotosolve_s2_20k__seed11111__ep19863__snap0	/home/ubuntu/NeurIPS2026/PSQASBench/results/crlqas/L3_CH2_Singlet_8q/Formal_EXP/L3_CH2_Singlet_8q_rotosolve_s2_20k/seed11111	19863	0	8	0.000623	0.000000	0.000000	0.000000	0.500000	8	3	5	4	4	50.00	rotosolve	CNOT(1->5)	RY(q=1) | RY(q=5) | RX(q=7) | CNOT(1->5)	RY(q=1,θ=+0.180) | RY(q=5,θ=-3.142) | RX(q=7,θ=+3.142) | CNOT(1->5)	"[""RY(q=1)"", ""RY(q=5)"", ""RX(q=7)"", ""CNOT(1->5)""]"
crlqas__L3_CH2_Singlet_8q__L3_CH2_Singlet_8q_rotosolve_s2_20k__seed11111__ep18348__snap0	/home/ubuntu/NeurIPS2026/PSQASBench/results/crlqas/L3_CH2_Singlet_8q/Formal_EXP/L3_CH2_Singlet_8q_rotosolve_s2_20k/seed11111	18348	0	10	0.000623	0.000000	0.000000	0.000000	0.500000	10	2	8	4	6	60.00	rotosolve	CNOT(1->5)	RY(q=1) | RY(q=5) | CNOT(5->7) | CNOT(1->5)	RY(q=1,θ=+0.180) | RY(q=5,θ=-3.142) | CNOT(5->7) | CNOT(1->5)	"[""RY(q=1)"", ""RY(q=5)"", ""CNOT(5->7)"", ""CNOT(1->5)""]"
crlqas__L3_CH2_Singlet_8q__L3_CH2_Singlet_8q_rotosolve_s2_20k__seed11111__ep19959__snap0	/home/ubuntu/NeurIPS2026/PSQASBench/results/crlqas/L3_CH2_Singlet_8q/Formal_EXP/L3_CH2_Singlet_8q_rotosolve_s2_20k/seed11111	19959	0	7	0.000623	0.000000	0.000000	0.000000	0.500000	7	2	5	4	3	42.86	rotosolve	CNOT(1->5)	RY(q=1) | RY(q=5) | RX(q=7) | CNOT(1->5)	RY(q=1,θ=+0.180) | RY(q=5,θ=-3.142) | RX(q=7,θ=+3.142) | CNOT(1->5)	"[""RY(q=1)"", ""RY(q=5)"", ""RX(q=7)"", ""CNOT(1->5)""]"
crlqas__L3_CH2_Singlet_8q__L3_CH2_Singlet_8q_rotosolve_s2_20k__seed11111__ep19692__snap0	/home/ubuntu/NeurIPS2026/PSQASBench/results/crlqas/L3_CH2_Singlet_8q/Formal_EXP/L3_CH2_Singlet_8q_rotosolve_s2_20k/seed11111	19692	0	8	0.000623	0.000000	0.000000	0.000000	0.500000	8	1	7	4	4	50.00	rotosolve	CNOT(1->5)	RY(q=1) | RY(q=5) | RY(q=7) | CNOT(1->5)	RY(q=1,θ=+0.180) | RY(q=5,θ=-3.142) | RY(q=7,θ=+3.142) | CNOT(1->5)	"[""RY(q=1)"", ""RY(q=5)"", ""RY(q=7)"", ""CNOT(1->5)""]"
crlqas__L3_CH2_Singlet_8q__L3_CH2_Singlet_8q_rotosolve_s2_20k__seed11111__ep17548__snap0	/home/ubuntu/NeurIPS2026/PSQASBench/results/crlqas/L3_CH2_Singlet_8q/Formal_EXP/L3_CH2_Singlet_8q_rotosolve_s2_20k/seed11111	17548	0	6	0.000623	0.000000	0.000000	0.000000	0.500000	6	2	4	4	2	33.33	rotosolve	CNOT(1->5)	RY(q=1) | RY(q=5) | RX(q=7) | CNOT(1->5)	RY(q=1,θ=+0.180) | RY(q=5,θ=-3.142) | RX(q=7,θ=+3.142) | CNOT(1->5)	"[""RY(q=1)"", ""RY(q=5)"", ""RX(q=7)"", ""CNOT(1->5)""]"
crlqas__L3_CH2_Singlet_8q__L3_CH2_Singlet_8q_rotosolve_s2_20k__seed11111__ep11804__snap0	/home/ubuntu/NeurIPS2026/PSQASBench/results/crlqas/L3_CH2_Singlet_8q/Formal_EXP/L3_CH2_Singlet_8q_rotosolve_s2_20k/seed11111	11804	0	7	0.000623	0.000000	0.000000	0.000000	0.500000	7	0	7	4	3	42.86	rotosolve	RY(q=7)	RY(q=5) | CNOT(5->1) | RY(q=5) | RY(q=7)	RY(q=5,θ=-0.180) | CNOT(5->1) | RY(q=5,θ=-3.142) | RY(q=7,θ=+3.142)	"[""RY(q=5)"", ""CNOT(5->1)"", ""RY(q=5)"", ""RY(q=7)""]"
crlqas__L3_CH2_Singlet_8q__L3_CH2_Singlet_8q_rotosolve_s2_20k__seed11111__ep15455__snap0	/home/ubuntu/NeurIPS2026/PSQASBench/results/crlqas/L3_CH2_Singlet_8q/Formal_EXP/L3_CH2_Singlet_8q_rotosolve_s2_20k/seed11111	15455	0	7	0.000623	0.000000	0.000000	0.000000	0.500000	7	2	5	4	3	42.86	rotosolve	CNOT(1->5)	RY(q=1) | RY(q=5) | RX(q=7) | CNOT(1->5)	RY(q=1,θ=+0.180) | RY(q=5,θ=-3.142) | RX(q=7,θ=+3.142) | CNOT(1->5)	"[""RY(q=1)"", ""RY(q=5)"", ""RX(q=7)"", ""CNOT(1->5)""]"
crlqas__L3_CH2_Singlet_8q__L3_CH2_Singlet_8q_rotosolve_s2_20k__seed11111__ep12125__snap0	/home/ubuntu/NeurIPS2026/PSQASBench/results/crlqas/L3_CH2_Singlet_8q/Formal_EXP/L3_CH2_Singlet_8q_rotosolve_s2_20k/seed11111	12125	0	6	0.000623	0.000000	0.000000	0.000000	0.500000	6	1	5	4	2	33.33	rotosolve	CNOT(1->5)	RY(q=7) | RY(q=1) | RY(q=5) | CNOT(1->5)	RY(q=7,θ=+3.142) | RY(q=1,θ=+0.180) | RY(q=5,θ=-3.142) | CNOT(1->5)	"[""RY(q=7)"", ""RY(q=1)"", ""RY(q=5)"", ""CNOT(1->5)""]"
crlqas__L3_CH2_Singlet_8q__L3_CH2_Singlet_8q_rotosolve_s2_20k__seed11111__ep19740__snap0	/home/ubuntu/NeurIPS2026/PSQASBench/results/crlqas/L3_CH2_Singlet_8q/Formal_EXP/L3_CH2_Singlet_8q_rotosolve_s2_20k/seed11111	19740	0	5	0.000623	0.000000	0.000000	0.000000	0.500000	5	1	4	4	1	20.00	rotosolve	CNOT(1->5)	RY(q=7) | RY(q=1) | RY(q=5) | CNOT(1->5)	RY(q=7,θ=+3.142) | RY(q=1,θ=+0.180) | RY(q=5,θ=-3.142) | CNOT(1->5)	"[""RY(q=7)"", ""RY(q=1)"", ""RY(q=5)"", ""CNOT(1->5)""]"
crlqas__L3_CH2_Singlet_8q__L3_CH2_Singlet_8q_rotosolve_s2_20k__seed11111__ep11298__snap0	/home/ubuntu/NeurIPS2026/PSQASBench/results/crlqas/L3_CH2_Singlet_8q/Formal_EXP/L3_CH2_Singlet_8q_rotosolve_s2_20k/seed11111	11298	0	8	0.000623	0.000000	0.000000	0.000000	0.500000	8	1	7	4	4	50.00	rotosolve	CNOT(1->5)	RY(q=1) | RY(q=5) | RY(q=7) | CNOT(1->5)	RY(q=1,θ=+0.180) | RY(q=5,θ=-3.142) | RY(q=7,θ=+3.142) | CNOT(1->5)	"[""RY(q=1)"", ""RY(q=5)"", ""RY(q=7)"", ""CNOT(1->5)""]"
crlqas__L3_CH2_Singlet_8q__L3_CH2_Singlet_8q_rotosolve_s2_20k__seed11111__ep18666__snap0	/home/ubuntu/NeurIPS2026/PSQASBench/results/crlqas/L3_CH2_Singlet_8q/Formal_EXP/L3_CH2_Singlet_8q_rotosolve_s2_20k/seed11111	18666	0	6	0.000623	0.000000	0.000000	0.000000	0.500000	6	2	4	4	2	33.33	rotosolve	CNOT(1->5)	RY(q=1) | RX(q=7) | RY(q=5) | CNOT(1->5)	RY(q=1,θ=+0.180) | RX(q=7,θ=+3.142) | RY(q=5,θ=-3.142) | CNOT(1->5)	"[""RY(q=1)"", ""RX(q=7)"", ""RY(q=5)"", ""CNOT(1->5)""]"
crlqas__L3_CH2_Singlet_8q__L3_CH2_Singlet_8q_rotosolve_s2_20k__seed11111__ep19171__snap0	/home/ubuntu/NeurIPS2026/PSQASBench/results/crlqas/L3_CH2_Singlet_8q/Formal_EXP/L3_CH2_Singlet_8q_rotosolve_s2_20k/seed11111	19171	0	6	0.000623	0.000000	0.000000	0.000000	0.500000	6	2	4	4	2	33.33	rotosolve	CNOT(1->5)	RY(q=1) | RY(q=5) | RX(q=7) | CNOT(1->5)	RY(q=1,θ=+0.180) | RY(q=5,θ=-3.142) | RX(q=7,θ=+3.142) | CNOT(1->5)	"[""RY(q=1)"", ""RY(q=5)"", ""RX(q=7)"", ""CNOT(1->5)""]"
crlqas__L3_CH2_Singlet_8q__L3_CH2_Singlet_8q_rotosolve_s2_20k__seed11111__ep13080__snap0	/home/ubuntu/NeurIPS2026/PSQASBench/results/crlqas/L3_CH2_Singlet_8q/Formal_EXP/L3_CH2_Singlet_8q_rotosolve_s2_20k/seed11111	13080	0	5	0.000623	0.000000	0.000000	0.000000	0.500000	5	2	3	4	1	20.00	rotosolve	CNOT(1->5)	RY(q=1) | RY(q=5) | RX(q=7) | CNOT(1->5)	RY(q=1,θ=+0.180) | RY(q=5,θ=-3.142) | RX(q=7,θ=+3.142) | CNOT(1->5)	"[""RY(q=1)"", ""RY(q=5)"", ""RX(q=7)"", ""CNOT(1->5)""]"
crlqas__L3_CH2_Singlet_8q__L3_CH2_Singlet_8q_rotosolve_s2_20k__seed11111__ep10179__snap0	/home/ubuntu/NeurIPS2026/PSQASBench/results/crlqas/L3_CH2_Singlet_8q/Formal_EXP/L3_CH2_Singlet_8q_rotosolve_s2_20k/seed11111	10179	0	6	0.000623	0.000000	0.000000	0.000000	0.500000	6	2	4	4	2	33.33	rotosolve	CNOT(1->5)	RY(q=1) | RY(q=5) | RX(q=7) | CNOT(1->5)	RY(q=1,θ=+0.180) | RY(q=5,θ=-3.142) | RX(q=7,θ=+3.142) | CNOT(1->5)	"[""RY(q=1)"", ""RY(q=5)"", ""RX(q=7)"", ""CNOT(1->5)""]"
crlqas__L3_CH2_Singlet_8q__L3_CH2_Singlet_8q_rotosolve_s2_20k__seed11111__ep12565__snap0	/home/ubuntu/NeurIPS2026/PSQASBench/results/crlqas/L3_CH2_Singlet_8q/Formal_EXP/L3_CH2_Singlet_8q_rotosolve_s2_20k/seed11111	12565	0	8	0.000623	0.000000	0.000000	0.000000	0.500000	8	1	7	4	4	50.00	rotosolve	CNOT(1->5)	RY(q=1) | RY(q=7) | RY(q=5) | CNOT(1->5)	RY(q=1,θ=+0.180) | RY(q=7,θ=+3.142) | RY(q=5,θ=-3.142) | CNOT(1->5)	"[""RY(q=1)"", ""RY(q=7)"", ""RY(q=5)"", ""CNOT(1->5)""]"
crlqas__L3_CH2_Singlet_8q__L3_CH2_Singlet_8q_rotosolve_s2_20k__seed11111__ep10985__snap0	/home/ubuntu/NeurIPS2026/PSQASBench/results/crlqas/L3_CH2_Singlet_8q/Formal_EXP/L3_CH2_Singlet_8q_rotosolve_s2_20k/seed11111	10985	0	7	0.000623	0.000000	0.000000	0.000000	0.500000	7	2	5	4	3	42.86	rotosolve	CNOT(1->5)	RY(q=1) | RX(q=7) | RY(q=5) | CNOT(1->5)	RY(q=1,θ=+0.180) | RX(q=7,θ=+3.142) | RY(q=5,θ=-3.142) | CNOT(1->5)	"[""RY(q=1)"", ""RX(q=7)"", ""RY(q=5)"", ""CNOT(1->5)""]"
crlqas__L3_CH2_Singlet_8q__L3_CH2_Singlet_8q_rotosolve_s2_20k__seed11111__ep13839__snap0	/home/ubuntu/NeurIPS2026/PSQASBench/results/crlqas/L3_CH2_Singlet_8q/Formal_EXP/L3_CH2_Singlet_8q_rotosolve_s2_20k/seed11111	13839	0	17	0.000623	0.000000	0.000000	0.000000	0.500000	17	3	14	4	13	76.47	rotosolve	CNOT(1->5)	RY(q=1) | RY(q=5) | RX(q=7) | CNOT(1->5)	RY(q=1,θ=+0.180) | RY(q=5,θ=-3.142) | RX(q=7,θ=+3.142) | CNOT(1->5)	"[""RY(q=1)"", ""RY(q=5)"", ""RX(q=7)"", ""CNOT(1->5)""]"
crlqas__L3_CH2_Singlet_8q__L3_CH2_Singlet_8q_rotosolve_s2_20k__seed11111__ep16640__snap0	/home/ubuntu/NeurIPS2026/PSQASBench/results/crlqas/L3_CH2_Singlet_8q/Formal_EXP/L3_CH2_Singlet_8q_rotosolve_s2_20k/seed11111	16640	0	5	0.000623	0.000000	0.000000	0.000000	0.500000	5	2	3	4	1	20.00	rotosolve	CNOT(1->5)	RY(q=1) | RY(q=5) | RX(q=7) | CNOT(1->5)	RY(q=1,θ=+0.180) | RY(q=5,θ=-3.142) | RX(q=7,θ=+3.142) | CNOT(1->5)	"[""RY(q=1)"", ""RY(q=5)"", ""RX(q=7)"", ""CNOT(1->5)""]"
crlqas__L3_CH2_Singlet_8q__L3_CH2_Singlet_8q_rotosolve_s2_20k__seed11111__ep12464__snap0	/home/ubuntu/NeurIPS2026/PSQASBench/results/crlqas/L3_CH2_Singlet_8q/Formal_EXP/L3_CH2_Singlet_8q_rotosolve_s2_20k/seed11111	12464	0	9	0.000623	0.000000	0.000000	0.000000	0.500000	9	2	7	4	5	55.56	rotosolve	CNOT(1->5)	RY(q=1) | RY(q=5) | RX(q=7) | CNOT(1->5)	RY(q=1,θ=+0.180) | RY(q=5,θ=-3.142) | RX(q=7,θ=+3.142) | CNOT(1->5)	"[""RY(q=1)"", ""RY(q=5)"", ""RX(q=7)"", ""CNOT(1->5)""]"
crlqas__L3_CH2_Singlet_8q__L3_CH2_Singlet_8q_rotosolve_s2_20k__seed11111__ep19926__snap0	/home/ubuntu/NeurIPS2026/PSQASBench/results/crlqas/L3_CH2_Singlet_8q/Formal_EXP/L3_CH2_Singlet_8q_rotosolve_s2_20k/seed11111	19926	0	5	0.000623	0.000000	0.000000	0.000000	0.500000	5	1	4	4	1	20.00	rotosolve	CNOT(0->4)	RY(q=4) | RX(q=6) | RY(q=0) | CNOT(0->4)	RY(q=4,θ=-3.142) | RX(q=6,θ=+3.142) | RY(q=0,θ=+0.180) | CNOT(0->4)	"[""RY(q=4)"", ""RX(q=6)"", ""RY(q=0)"", ""CNOT(0->4)""]"
crlqas__L3_CH2_Singlet_8q__L3_CH2_Singlet_8q_rotosolve_s2_20k__seed11111__ep19718__snap0	/home/ubuntu/NeurIPS2026/PSQASBench/results/crlqas/L3_CH2_Singlet_8q/Formal_EXP/L3_CH2_Singlet_8q_rotosolve_s2_20k/seed11111	19718	0	5	0.000623	0.000000	0.000000	0.000000	0.500000	5	1	4	4	1	20.00	rotosolve	CNOT(1->5)	RY(q=1) | RY(q=7) | RY(q=5) | CNOT(1->5)	RY(q=1,θ=+0.180) | RY(q=7,θ=+3.142) | RY(q=5,θ=-3.142) | CNOT(1->5)	"[""RY(q=1)"", ""RY(q=7)"", ""RY(q=5)"", ""CNOT(1->5)""]"
crlqas__L3_CH2_Singlet_8q__L3_CH2_Singlet_8q_rotosolve_s2_20k__seed11111__ep17017__snap0	/home/ubuntu/NeurIPS2026/PSQASBench/results/crlqas/L3_CH2_Singlet_8q/Formal_EXP/L3_CH2_Singlet_8q_rotosolve_s2_20k/seed11111	17017	0	6	0.000623	0.000000	0.000000	0.000000	0.500000	6	2	4	4	2	33.33	rotosolve	CNOT(1->5)	RY(q=1) | RY(q=5) | RX(q=7) | CNOT(1->5)	RY(q=1,θ=+0.180) | RY(q=5,θ=-3.142) | RX(q=7,θ=+3.142) | CNOT(1->5)	"[""RY(q=1)"", ""RY(q=5)"", ""RX(q=7)"", ""CNOT(1->5)""]"
crlqas__L3_CH2_Singlet_8q__L3_CH2_Singlet_8q_rotosolve_s2_20k__seed11111__ep11273__snap0	/home/ubuntu/NeurIPS2026/PSQASBench/results/crlqas/L3_CH2_Singlet_8q/Formal_EXP/L3_CH2_Singlet_8q_rotosolve_s2_20k/seed11111	11273	0	5	0.000623	0.000000	0.000000	0.000000	0.500000	5	1	4	4	1	20.00	rotosolve	CNOT(0->4)	RX(q=6) | RY(q=4) | RY(q=0) | CNOT(0->4)	RX(q=6,θ=+3.142) | RY(q=4,θ=-3.142) | RY(q=0,θ=+0.180) | CNOT(0->4)	"[""RX(q=6)"", ""RY(q=4)"", ""RY(q=0)"", ""CNOT(0->4)""]"
crlqas__L3_CH2_Singlet_8q__L3_CH2_Singlet_8q_rotosolve_s2_20k__seed11111__ep10533__snap0	/home/ubuntu/NeurIPS2026/PSQASBench/results/crlqas/L3_CH2_Singlet_8q/Formal_EXP/L3_CH2_Singlet_8q_rotosolve_s2_20k/seed11111	10533	0	6	0.000623	0.000000	0.000000	0.000000	0.500000	6	2	4	4	2	33.33	rotosolve	CNOT(1->5)	RY(q=1) | RY(q=5) | RX(q=7) | CNOT(1->5)	RY(q=1,θ=+0.180) | RY(q=5,θ=-3.142) | RX(q=7,θ=+3.142) | CNOT(1->5)	"[""RY(q=1)"", ""RY(q=5)"", ""RX(q=7)"", ""CNOT(1->5)""]"
crlqas__L3_CH2_Singlet_8q__L3_CH2_Singlet_8q_rotosolve_s2_20k__seed11111__ep19054__snap0	/home/ubuntu/NeurIPS2026/PSQASBench/results/crlqas/L3_CH2_Singlet_8q/Formal_EXP/L3_CH2_Singlet_8q_rotosolve_s2_20k/seed11111	19054	0	7	0.000623	0.000000	0.000000	0.000000	0.500000	7	2	5	4	3	42.86	rotosolve	CNOT(1->5)	RY(q=1) | RX(q=7) | RY(q=5) | CNOT(1->5)	RY(q=1,θ=+0.180) | RX(q=7,θ=+3.142) | RY(q=5,θ=-3.142) | CNOT(1->5)	"[""RY(q=1)"", ""RX(q=7)"", ""RY(q=5)"", ""CNOT(1->5)""]"
crlqas__L3_CH2_Singlet_8q__L3_CH2_Singlet_8q_rotosolve_s2_20k__seed11111__ep18525__snap0	/home/ubuntu/NeurIPS2026/PSQASBench/results/crlqas/L3_CH2_Singlet_8q/Formal_EXP/L3_CH2_Singlet_8q_rotosolve_s2_20k/seed11111	18525	0	5	0.000623	0.000000	0.000000	0.000000	0.500000	5	1	4	4	1	20.00	rotosolve	CNOT(0->4)	RY(q=4) | RX(q=6) | RY(q=0) | CNOT(0->4)	RY(q=4,θ=-3.142) | RX(q=6,θ=+3.142) | RY(q=0,θ=+0.180) | CNOT(0->4)	"[""RY(q=4)"", ""RX(q=6)"", ""RY(q=0)"", ""CNOT(0->4)""]"
crlqas__L3_CH2_Singlet_8q__L3_CH2_Singlet_8q_rotosolve_s2_20k__seed11111__ep19445__snap0	/home/ubuntu/NeurIPS2026/PSQASBench/results/crlqas/L3_CH2_Singlet_8q/Formal_EXP/L3_CH2_Singlet_8q_rotosolve_s2_20k/seed11111	19445	0	7	0.000623	0.000000	0.000000	0.000000	0.500000	7	2	5	4	3	42.86	rotosolve	CNOT(1->5)	RY(q=5) | RY(q=1) | RY(q=7) | CNOT(1->5)	RY(q=5,θ=-3.142) | RY(q=1,θ=+0.180) | RY(q=7,θ=+3.142) | CNOT(1->5)	"[""RY(q=5)"", ""RY(q=1)"", ""RY(q=7)"", ""CNOT(1->5)""]"
crlqas__L3_CH2_Singlet_8q__L3_CH2_Singlet_8q_rotosolve_s2_20k__seed11111__ep10702__snap0	/home/ubuntu/NeurIPS2026/PSQASBench/results/crlqas/L3_CH2_Singlet_8q/Formal_EXP/L3_CH2_Singlet_8q_rotosolve_s2_20k/seed11111	10702	0	6	0.000623	0.000000	0.000000	0.000000	0.500000	6	1	5	4	2	33.33	rotosolve	CNOT(0->4)	RY(q=4) | RY(q=0) | RX(q=6) | CNOT(0->4)	RY(q=4,θ=-3.142) | RY(q=0,θ=+0.180) | RX(q=6,θ=+3.142) | CNOT(0->4)	"[""RY(q=4)"", ""RY(q=0)"", ""RX(q=6)"", ""CNOT(0->4)""]"
crlqas__L3_CH2_Singlet_8q__L3_CH2_Singlet_8q_rotosolve_s2_20k__seed11111__ep19225__snap0	/home/ubuntu/NeurIPS2026/PSQASBench/results/crlqas/L3_CH2_Singlet_8q/Formal_EXP/L3_CH2_Singlet_8q_rotosolve_s2_20k/seed11111	19225	0	6	0.000623	0.000000	0.000000	0.000000	0.500000	6	1	5	4	2	33.33	rotosolve	CNOT(1->5)	RY(q=1) | RY(q=5) | RY(q=7) | CNOT(1->5)	RY(q=1,θ=+0.180) | RY(q=5,θ=-3.142) | RY(q=7,θ=+3.142) | CNOT(1->5)	"[""RY(q=1)"", ""RY(q=5)"", ""RY(q=7)"", ""CNOT(1->5)""]"
crlqas__L3_CH2_Singlet_8q__L3_CH2_Singlet_8q_rotosolve_s2_20k__seed11111__ep14941__snap0	/home/ubuntu/NeurIPS2026/PSQASBench/results/crlqas/L3_CH2_Singlet_8q/Formal_EXP/L3_CH2_Singlet_8q_rotosolve_s2_20k/seed11111	14941	0	5	0.000623	0.000000	0.000000	0.000000	0.500000	5	2	3	4	1	20.00	rotosolve	CNOT(1->5)	RY(q=1) | RY(q=5) | RX(q=7) | CNOT(1->5)	RY(q=1,θ=+0.180) | RY(q=5,θ=-3.142) | RX(q=7,θ=+3.142) | CNOT(1->5)	"[""RY(q=1)"", ""RY(q=5)"", ""RX(q=7)"", ""CNOT(1->5)""]"
crlqas__L3_CH2_Singlet_8q__L3_CH2_Singlet_8q_rotosolve_s2_20k__seed11111__ep17212__snap0	/home/ubuntu/NeurIPS2026/PSQASBench/results/crlqas/L3_CH2_Singlet_8q/Formal_EXP/L3_CH2_Singlet_8q_rotosolve_s2_20k/seed11111	17212	0	5	0.000623	0.000000	0.000000	0.000000	0.500000	5	2	3	4	1	20.00	rotosolve	CNOT(1->5)	RY(q=1) | RX(q=7) | RY(q=5) | CNOT(1->5)	RY(q=1,θ=+0.180) | RX(q=7,θ=+3.142) | RY(q=5,θ=-3.142) | CNOT(1->5)	"[""RY(q=1)"", ""RX(q=7)"", ""RY(q=5)"", ""CNOT(1->5)""]"
crlqas__L3_CH2_Singlet_8q__L3_CH2_Singlet_8q_rotosolve_s2_20k__seed11111__ep17432__snap0	/home/ubuntu/NeurIPS2026/PSQASBench/results/crlqas/L3_CH2_Singlet_8q/Formal_EXP/L3_CH2_Singlet_8q_rotosolve_s2_20k/seed11111	17432	0	6	0.000623	0.000000	0.000000	0.000000	0.500000	6	1	5	4	2	33.33	rotosolve	CNOT(1->5)	RY(q=1) | RY(q=7) | RY(q=5) | CNOT(1->5)	RY(q=1,θ=+0.180) | RY(q=7,θ=+3.142) | RY(q=5,θ=-3.142) | CNOT(1->5)	"[""RY(q=1)"", ""RY(q=7)"", ""RY(q=5)"", ""CNOT(1->5)""]"
crlqas__L3_CH2_Singlet_8q__L3_CH2_Singlet_8q_rotosolve_s2_20k__seed11111__ep13120__snap0	/home/ubuntu/NeurIPS2026/PSQASBench/results/crlqas/L3_CH2_Singlet_8q/Formal_EXP/L3_CH2_Singlet_8q_rotosolve_s2_20k/seed11111	13120	0	9	0.000623	0.000000	0.000000	0.000000	0.500000	9	2	7	4	5	55.56	rotosolve	CNOT(1->5)	RY(q=1) | RY(q=5) | RX(q=7) | CNOT(1->5)	RY(q=1,θ=+0.180) | RY(q=5,θ=-3.142) | RX(q=7,θ=+3.142) | CNOT(1->5)	"[""RY(q=1)"", ""RY(q=5)"", ""RX(q=7)"", ""CNOT(1->5)""]"
crlqas__L3_CH2_Singlet_8q__L3_CH2_Singlet_8q_rotosolve_s2_20k__seed11111__ep15573__snap0	/home/ubuntu/NeurIPS2026/PSQASBench/results/crlqas/L3_CH2_Singlet_8q/Formal_EXP/L3_CH2_Singlet_8q_rotosolve_s2_20k/seed11111	15573	0	6	0.000623	0.000000	0.000000	0.000000	0.500000	6	2	4	4	2	33.33	rotosolve	CNOT(1->5)	RY(q=1) | RY(q=5) | RX(q=7) | CNOT(1->5)	RY(q=1,θ=+0.180) | RY(q=5,θ=-3.142) | RX(q=7,θ=+3.142) | CNOT(1->5)	"[""RY(q=1)"", ""RY(q=5)"", ""RX(q=7)"", ""CNOT(1->5)""]"
crlqas__L3_CH2_Singlet_8q__L3_CH2_Singlet_8q_rotosolve_s2_20k__seed11111__ep17998__snap0	/home/ubuntu/NeurIPS2026/PSQASBench/results/crlqas/L3_CH2_Singlet_8q/Formal_EXP/L3_CH2_Singlet_8q_rotosolve_s2_20k/seed11111	17998	0	9	0.000623	0.000000	0.000000	0.000000	0.500000	9	2	7	4	5	55.56	rotosolve	CNOT(1->5)	RY(q=1) | RY(q=7) | RY(q=5) | CNOT(1->5)	RY(q=1,θ=+0.180) | RY(q=7,θ=+3.142) | RY(q=5,θ=-3.142) | CNOT(1->5)	"[""RY(q=1)"", ""RY(q=7)"", ""RY(q=5)"", ""CNOT(1->5)""]"
crlqas__L3_CH2_Singlet_8q__L3_CH2_Singlet_8q_rotosolve_s2_20k__seed11111__ep16034__snap0	/home/ubuntu/NeurIPS2026/PSQASBench/results/crlqas/L3_CH2_Singlet_8q/Formal_EXP/L3_CH2_Singlet_8q_rotosolve_s2_20k/seed11111	16034	0	9	0.000623	0.000000	0.000000	0.000000	0.500000	9	1	8	4	5	55.56	rotosolve	CNOT(6->0)	RY(q=1) | RY(q=7) | RY(q=5) | CNOT(1->5)	RY(q=1,θ=+0.180) | RY(q=7,θ=+3.142) | RY(q=5,θ=-3.142) | CNOT(1->5)	"[""RY(q=1)"", ""RY(q=7)"", ""RY(q=5)"", ""CNOT(1->5)""]"
crlqas__L3_CH2_Singlet_8q__L3_CH2_Singlet_8q_rotosolve_s2_20k__seed11111__ep10959__snap0	/home/ubuntu/NeurIPS2026/PSQASBench/results/crlqas/L3_CH2_Singlet_8q/Formal_EXP/L3_CH2_Singlet_8q_rotosolve_s2_20k/seed11111	10959	0	9	0.000623	0.000000	0.000000	0.000000	0.500000	9	2	7	4	5	55.56	rotosolve	RX(q=7)	RY(q=5) | RY(q=1) | CNOT(1->5) | RX(q=7)	RY(q=5,θ=-3.142) | RY(q=1,θ=+0.180) | CNOT(1->5) | RX(q=7,θ=+3.142)	"[""RY(q=5)"", ""RY(q=1)"", ""CNOT(1->5)"", ""RX(q=7)""]"
crlqas__L3_CH2_Singlet_8q__L3_CH2_Singlet_8q_rotosolve_s2_20k__seed11111__ep15809__snap0	/home/ubuntu/NeurIPS2026/PSQASBench/results/crlqas/L3_CH2_Singlet_8q/Formal_EXP/L3_CH2_Singlet_8q_rotosolve_s2_20k/seed11111	15809	0	5	0.000623	0.000000	0.000000	0.000000	0.500000	5	2	3	4	1	20.00	rotosolve	CNOT(1->5)	RY(q=1) | RY(q=5) | RX(q=7) | CNOT(1->5)	RY(q=1,θ=+0.180) | RY(q=5,θ=-3.142) | RX(q=7,θ=+3.142) | CNOT(1->5)	"[""RY(q=1)"", ""RY(q=5)"", ""RX(q=7)"", ""CNOT(1->5)""]"
crlqas__L3_CH2_Singlet_8q__L3_CH2_Singlet_8q_rotosolve_s2_20k__seed11111__ep12337__snap0	/home/ubuntu/NeurIPS2026/PSQASBench/results/crlqas/L3_CH2_Singlet_8q/Formal_EXP/L3_CH2_Singlet_8q_rotosolve_s2_20k/seed11111	12337	0	6	0.000623	0.000000	0.000000	0.000000	0.500000	6	2	4	4	2	33.33	rotosolve	CNOT(1->5)	RY(q=1) | RY(q=5) | RX(q=7) | CNOT(1->5)	RY(q=1,θ=+0.180) | RY(q=5,θ=-3.142) | RX(q=7,θ=+3.142) | CNOT(1->5)	"[""RY(q=1)"", ""RY(q=5)"", ""RX(q=7)"", ""CNOT(1->5)""]"
crlqas__L3_CH2_Singlet_8q__L3_CH2_Singlet_8q_rotosolve_s2_20k__seed11111__ep15346__snap0	/home/ubuntu/NeurIPS2026/PSQASBench/results/crlqas/L3_CH2_Singlet_8q/Formal_EXP/L3_CH2_Singlet_8q_rotosolve_s2_20k/seed11111	15346	0	6	0.000623	0.000000	0.000000	0.000000	0.500000	6	2	4	4	2	33.33	rotosolve	CNOT(1->5)	RY(q=1) | RY(q=5) | RX(q=7) | CNOT(1->5)	RY(q=1,θ=+0.180) | RY(q=5,θ=-3.142) | RX(q=7,θ=+3.142) | CNOT(1->5)	"[""RY(q=1)"", ""RY(q=5)"", ""RX(q=7)"", ""CNOT(1->5)""]"
crlqas__L3_CH2_Singlet_8q__L3_CH2_Singlet_8q_rotosolve_s2_20k__seed11111__ep18892__snap0	/home/ubuntu/NeurIPS2026/PSQASBench/results/crlqas/L3_CH2_Singlet_8q/Formal_EXP/L3_CH2_Singlet_8q_rotosolve_s2_20k/seed11111	18892	0	6	0.000623	0.000000	0.000000	0.000000	0.500000	6	1	5	4	2	33.33	rotosolve	CNOT(1->5)	RY(q=7) | RY(q=1) | RY(q=5) | CNOT(1->5)	RY(q=7,θ=+3.142) | RY(q=1,θ=+0.180) | RY(q=5,θ=-3.142) | CNOT(1->5)	"[""RY(q=7)"", ""RY(q=1)"", ""RY(q=5)"", ""CNOT(1->5)""]"
crlqas__L3_CH2_Singlet_8q__L3_CH2_Singlet_8q_rotosolve_s2_20k__seed11111__ep10873__snap0	/home/ubuntu/NeurIPS2026/PSQASBench/results/crlqas/L3_CH2_Singlet_8q/Formal_EXP/L3_CH2_Singlet_8q_rotosolve_s2_20k/seed11111	10873	0	7	0.000623	0.000000	0.000000	0.000000	0.500000	7	1	6	4	3	42.86	rotosolve	CNOT(0->4)	RX(q=4) | RY(q=0) | RX(q=6) | CNOT(0->4)	RX(q=4,θ=-3.142) | RY(q=0,θ=+0.180) | RX(q=6,θ=+3.142) | CNOT(0->4)	"[""RX(q=4)"", ""RY(q=0)"", ""RX(q=6)"", ""CNOT(0->4)""]"
crlqas__L3_CH2_Singlet_8q__L3_CH2_Singlet_8q_rotosolve_s2_20k__seed11111__ep13943__snap0	/home/ubuntu/NeurIPS2026/PSQASBench/results/crlqas/L3_CH2_Singlet_8q/Formal_EXP/L3_CH2_Singlet_8q_rotosolve_s2_20k/seed11111	13943	0	9	0.000623	0.000000	0.000000	0.000000	0.500000	9	1	8	4	5	55.56	rotosolve	CNOT(1->5)	RY(q=5) | RY(q=1) | RY(q=7) | CNOT(1->5)	RY(q=5,θ=-3.142) | RY(q=1,θ=+0.180) | RY(q=7,θ=+3.142) | CNOT(1->5)	"[""RY(q=5)"", ""RY(q=1)"", ""RY(q=7)"", ""CNOT(1->5)""]"
crlqas__L3_CH2_Singlet_8q__L3_CH2_Singlet_8q_rotosolve_s2_20k__seed11111__ep19230__snap0	/home/ubuntu/NeurIPS2026/PSQASBench/results/crlqas/L3_CH2_Singlet_8q/Formal_EXP/L3_CH2_Singlet_8q_rotosolve_s2_20k/seed11111	19230	0	4	0.000623	0.000000	0.000000	0.000000	0.500000	4	2	2	4	0	0.00	rotosolve	CNOT(1->5)	RX(q=5) | RY(q=1) | RX(q=7) | CNOT(1->5)	RX(q=5,θ=-3.142) | RY(q=1,θ=+0.180) | RX(q=7,θ=+3.142) | CNOT(1->5)	"[""RX(q=5)"", ""RY(q=1)"", ""RX(q=7)"", ""CNOT(1->5)""]"
crlqas__L3_CH2_Singlet_8q__L3_CH2_Singlet_8q_rotosolve_s2_20k__seed11111__ep19137__snap0	/home/ubuntu/NeurIPS2026/PSQASBench/results/crlqas/L3_CH2_Singlet_8q/Formal_EXP/L3_CH2_Singlet_8q_rotosolve_s2_20k/seed11111	19137	0	8	0.000623	0.000000	0.000000	0.000000	0.500000	8	1	7	4	4	50.00	rotosolve	CNOT(1->5)	RY(q=1) | RY(q=5) | RY(q=7) | CNOT(1->5)	RY(q=1,θ=+0.180) | RY(q=5,θ=-3.142) | RY(q=7,θ=+3.142) | CNOT(1->5)	"[""RY(q=1)"", ""RY(q=5)"", ""RY(q=7)"", ""CNOT(1->5)""]"
crlqas__L3_CH2_Singlet_8q__L3_CH2_Singlet_8q_rotosolve_s2_20k__seed11111__ep16166__snap0	/home/ubuntu/NeurIPS2026/PSQASBench/results/crlqas/L3_CH2_Singlet_8q/Formal_EXP/L3_CH2_Singlet_8q_rotosolve_s2_20k/seed11111	16166	0	5	0.000623	0.000000	0.000000	0.000000	0.500000	5	2	3	4	1	20.00	rotosolve	CNOT(1->5)	RY(q=1) | RY(q=5) | RX(q=7) | CNOT(1->5)	RY(q=1,θ=+0.180) | RY(q=5,θ=-3.142) | RX(q=7,θ=+3.142) | CNOT(1->5)	"[""RY(q=1)"", ""RY(q=5)"", ""RX(q=7)"", ""CNOT(1->5)""]"
crlqas__L3_CH2_Singlet_8q__L3_CH2_Singlet_8q_rotosolve_s2_20k__seed11111__ep13327__snap0	/home/ubuntu/NeurIPS2026/PSQASBench/results/crlqas/L3_CH2_Singlet_8q/Formal_EXP/L3_CH2_Singlet_8q_rotosolve_s2_20k/seed11111	13327	0	7	0.000623	0.000000	0.000000	0.000000	0.500000	7	2	5	4	3	42.86	rotosolve	CNOT(1->5)	RY(q=1) | RX(q=7) | RY(q=5) | CNOT(1->5)	RY(q=1,θ=+0.180) | RX(q=7,θ=+3.142) | RY(q=5,θ=-3.142) | CNOT(1->5)	"[""RY(q=1)"", ""RX(q=7)"", ""RY(q=5)"", ""CNOT(1->5)""]"
crlqas__L3_CH2_Singlet_8q__L3_CH2_Singlet_8q_rotosolve_s2_20k__seed11111__ep12875__snap0	/home/ubuntu/NeurIPS2026/PSQASBench/results/crlqas/L3_CH2_Singlet_8q/Formal_EXP/L3_CH2_Singlet_8q_rotosolve_s2_20k/seed11111	12875	0	9	0.000623	0.000000	0.000000	0.000000	0.500000	9	1	8	4	5	55.56	rotosolve	CNOT(1->5)	RY(q=1) | RY(q=7) | RY(q=5) | CNOT(1->5)	RY(q=1,θ=+0.180) | RY(q=7,θ=+3.142) | RY(q=5,θ=-3.142) | CNOT(1->5)	"[""RY(q=1)"", ""RY(q=7)"", ""RY(q=5)"", ""CNOT(1->5)""]"
crlqas__L3_CH2_Singlet_8q__L3_CH2_Singlet_8q_rotosolve_s2_20k__seed11111__ep18505__snap0	/home/ubuntu/NeurIPS2026/PSQASBench/results/crlqas/L3_CH2_Singlet_8q/Formal_EXP/L3_CH2_Singlet_8q_rotosolve_s2_20k/seed11111	18505	0	6	0.000623	0.000000	0.000000	0.000000	0.500000	6	1	5	4	2	33.33	rotosolve	CNOT(1->5)	RY(q=1) | RY(q=7) | RY(q=5) | CNOT(1->5)	RY(q=1,θ=+0.180) | RY(q=7,θ=+3.142) | RY(q=5,θ=-3.142) | CNOT(1->5)	"[""RY(q=1)"", ""RY(q=7)"", ""RY(q=5)"", ""CNOT(1->5)""]"
crlqas__L3_CH2_Singlet_8q__L3_CH2_Singlet_8q_rotosolve_s2_20k__seed11111__ep10686__snap0	/home/ubuntu/NeurIPS2026/PSQASBench/results/crlqas/L3_CH2_Singlet_8q/Formal_EXP/L3_CH2_Singlet_8q_rotosolve_s2_20k/seed11111	10686	0	6	0.000623	0.000000	0.000000	0.000000	0.500000	6	2	4	4	2	33.33	rotosolve	CNOT(1->5)	RY(q=1) | RY(q=5) | RX(q=7) | CNOT(1->5)	RY(q=1,θ=+0.180) | RY(q=5,θ=-3.142) | RX(q=7,θ=+3.142) | CNOT(1->5)	"[""RY(q=1)"", ""RY(q=5)"", ""RX(q=7)"", ""CNOT(1->5)""]"
crlqas__L3_CH2_Singlet_8q__L3_CH2_Singlet_8q_rotosolve_s2_20k__seed11111__ep13560__snap0	/home/ubuntu/NeurIPS2026/PSQASBench/results/crlqas/L3_CH2_Singlet_8q/Formal_EXP/L3_CH2_Singlet_8q_rotosolve_s2_20k/seed11111	13560	0	5	0.000623	0.000000	0.000000	0.000000	0.500000	5	1	4	4	1	20.00	rotosolve	CNOT(1->5)	RY(q=1) | RY(q=5) | CNOT(5->7) | CNOT(1->5)	RY(q=1,θ=+0.180) | RY(q=5,θ=-3.142) | CNOT(5->7) | CNOT(1->5)	"[""RY(q=1)"", ""RY(q=5)"", ""CNOT(5->7)"", ""CNOT(1->5)""]"
crlqas__L3_CH2_Singlet_8q__L3_CH2_Singlet_8q_rotosolve_s2_20k__seed11111__ep17396__snap0	/home/ubuntu/NeurIPS2026/PSQASBench/results/crlqas/L3_CH2_Singlet_8q/Formal_EXP/L3_CH2_Singlet_8q_rotosolve_s2_20k/seed11111	17396	0	6	0.000623	0.000000	0.000000	0.000000	0.500000	6	1	5	4	2	33.33	rotosolve	CNOT(1->5)	RY(q=1) | RY(q=7) | RY(q=5) | CNOT(1->5)	RY(q=1,θ=+0.180) | RY(q=7,θ=+3.142) | RY(q=5,θ=-3.142) | CNOT(1->5)	"[""RY(q=1)"", ""RY(q=7)"", ""RY(q=5)"", ""CNOT(1->5)""]"
crlqas__L3_CH2_Singlet_8q__L3_CH2_Singlet_8q_rotosolve_s2_20k__seed11111__ep17534__snap0	/home/ubuntu/NeurIPS2026/PSQASBench/results/crlqas/L3_CH2_Singlet_8q/Formal_EXP/L3_CH2_Singlet_8q_rotosolve_s2_20k/seed11111	17534	0	6	0.000623	0.000000	0.000000	0.000000	0.500000	6	1	5	4	2	33.33	rotosolve	CNOT(1->5)	RY(q=1) | RY(q=5) | CNOT(5->7) | CNOT(1->5)	RY(q=1,θ=+0.180) | RY(q=5,θ=-3.142) | CNOT(5->7) | CNOT(1->5)	"[""RY(q=1)"", ""RY(q=5)"", ""CNOT(5->7)"", ""CNOT(1->5)""]"
crlqas__L3_CH2_Singlet_8q__L3_CH2_Singlet_8q_rotosolve_s2_20k__seed11111__ep13585__snap0	/home/ubuntu/NeurIPS2026/PSQASBench/results/crlqas/L3_CH2_Singlet_8q/Formal_EXP/L3_CH2_Singlet_8q_rotosolve_s2_20k/seed11111	13585	0	4	0.000623	0.000000	0.000000	0.000000	0.500000	4	1	3	4	0	0.00	rotosolve	CNOT(1->5)	RX(q=5) | RY(q=7) | RY(q=1) | CNOT(1->5)	RX(q=5,θ=-3.142) | RY(q=7,θ=+3.142) | RY(q=1,θ=+0.180) | CNOT(1->5)	"[""RX(q=5)"", ""RY(q=7)"", ""RY(q=1)"", ""CNOT(1->5)""]"
crlqas__L3_CH2_Singlet_8q__L3_CH2_Singlet_8q_rotosolve_s2_20k__seed11111__ep17151__snap0	/home/ubuntu/NeurIPS2026/PSQASBench/results/crlqas/L3_CH2_Singlet_8q/Formal_EXP/L3_CH2_Singlet_8q_rotosolve_s2_20k/seed11111	17151	0	5	0.000623	0.000000	0.000000	0.000000	0.500000	5	1	4	4	1	20.00	rotosolve	CNOT(0->4)	RX(q=6) | RY(q=0) | RY(q=4) | CNOT(0->4)	RX(q=6,θ=+3.142) | RY(q=0,θ=+0.180) | RY(q=4,θ=-3.142) | CNOT(0->4)	"[""RX(q=6)"", ""RY(q=0)"", ""RY(q=4)"", ""CNOT(0->4)""]"
crlqas__L3_CH2_Singlet_8q__L3_CH2_Singlet_8q_rotosolve_s2_20k__seed11111__ep19311__snap0	/home/ubuntu/NeurIPS2026/PSQASBench/results/crlqas/L3_CH2_Singlet_8q/Formal_EXP/L3_CH2_Singlet_8q_rotosolve_s2_20k/seed11111	19311	0	6	0.000623	0.000000	0.000000	0.000000	0.500000	6	2	4	4	2	33.33	rotosolve	CNOT(0->4)	RY(q=4) | RY(q=0) | RY(q=6) | CNOT(0->4)	RY(q=4,θ=-3.142) | RY(q=0,θ=+0.180) | RY(q=6,θ=+3.142) | CNOT(0->4)	"[""RY(q=4)"", ""RY(q=0)"", ""RY(q=6)"", ""CNOT(0->4)""]"
crlqas__L3_CH2_Singlet_8q__L3_CH2_Singlet_8q_rotosolve_s2_20k__seed11111__ep17123__snap0	/home/ubuntu/NeurIPS2026/PSQASBench/results/crlqas/L3_CH2_Singlet_8q/Formal_EXP/L3_CH2_Singlet_8q_rotosolve_s2_20k/seed11111	17123	0	7	0.000623	0.000000	0.000000	0.000000	0.500000	7	1	6	4	3	42.86	rotosolve	CNOT(1->5)	RY(q=1) | RY(q=7) | RY(q=5) | CNOT(1->5)	RY(q=1,θ=+0.180) | RY(q=7,θ=+3.142) | RY(q=5,θ=-3.142) | CNOT(1->5)	"[""RY(q=1)"", ""RY(q=7)"", ""RY(q=5)"", ""CNOT(1->5)""]"
crlqas__L3_CH2_Singlet_8q__L3_CH2_Singlet_8q_rotosolve_s2_20k__seed11111__ep12799__snap0	/home/ubuntu/NeurIPS2026/PSQASBench/results/crlqas/L3_CH2_Singlet_8q/Formal_EXP/L3_CH2_Singlet_8q_rotosolve_s2_20k/seed11111	12799	0	8	0.000623	0.000000	0.000000	0.000000	0.500000	8	2	6	4	4	50.00	rotosolve	CNOT(1->5)	RY(q=1) | RY(q=5) | RX(q=7) | CNOT(1->5)	RY(q=1,θ=+0.180) | RY(q=5,θ=-3.142) | RX(q=7,θ=+3.142) | CNOT(1->5)	"[""RY(q=1)"", ""RY(q=5)"", ""RX(q=7)"", ""CNOT(1->5)""]"
crlqas__L3_CH2_Singlet_8q__L3_CH2_Singlet_8q_rotosolve_s2_20k__seed11111__ep10166__snap0	/home/ubuntu/NeurIPS2026/PSQASBench/results/crlqas/L3_CH2_Singlet_8q/Formal_EXP/L3_CH2_Singlet_8q_rotosolve_s2_20k/seed11111	10166	0	7	0.000623	0.000000	0.000000	0.000000	0.500000	7	1	6	4	3	42.86	rotosolve	CNOT(0->4)	RY(q=0) | RY(q=4) | RX(q=6) | CNOT(0->4)	RY(q=0,θ=+0.180) | RY(q=4,θ=-3.142) | RX(q=6,θ=+3.142) | CNOT(0->4)	"[""RY(q=0)"", ""RY(q=4)"", ""RX(q=6)"", ""CNOT(0->4)""]"
crlqas__L3_CH2_Singlet_8q__L3_CH2_Singlet_8q_rotosolve_s2_20k__seed11111__ep12323__snap0	/home/ubuntu/NeurIPS2026/PSQASBench/results/crlqas/L3_CH2_Singlet_8q/Formal_EXP/L3_CH2_Singlet_8q_rotosolve_s2_20k/seed11111	12323	0	6	0.000623	0.000000	0.000000	0.000000	0.500000	6	1	5	4	2	33.33	rotosolve	CNOT(1->5)	RY(q=1) | RY(q=5) | CNOT(5->7) | CNOT(1->5)	RY(q=1,θ=+0.180) | RY(q=5,θ=-3.142) | CNOT(5->7) | CNOT(1->5)	"[""RY(q=1)"", ""RY(q=5)"", ""CNOT(5->7)"", ""CNOT(1->5)""]"
crlqas__L3_CH2_Singlet_8q__L3_CH2_Singlet_8q_rotosolve_s2_20k__seed11111__ep11215__snap0	/home/ubuntu/NeurIPS2026/PSQASBench/results/crlqas/L3_CH2_Singlet_8q/Formal_EXP/L3_CH2_Singlet_8q_rotosolve_s2_20k/seed11111	11215	0	5	0.000623	0.000000	0.000000	0.000000	0.500000	5	1	4	4	1	20.00	rotosolve	CNOT(0->4)	RX(q=6) | RY(q=4) | RY(q=0) | CNOT(0->4)	RX(q=6,θ=+3.142) | RY(q=4,θ=-3.142) | RY(q=0,θ=+0.180) | CNOT(0->4)	"[""RX(q=6)"", ""RY(q=4)"", ""RY(q=0)"", ""CNOT(0->4)""]"
crlqas__L3_CH2_Singlet_8q__L3_CH2_Singlet_8q_rotosolve_s2_20k__seed11111__ep19428__snap0	/home/ubuntu/NeurIPS2026/PSQASBench/results/crlqas/L3_CH2_Singlet_8q/Formal_EXP/L3_CH2_Singlet_8q_rotosolve_s2_20k/seed11111	19428	0	5	0.000623	0.000000	0.000000	0.000000	0.500000	5	1	4	4	1	20.00	rotosolve	CNOT(1->5)	RY(q=1) | RY(q=5) | RY(q=7) | CNOT(1->5)	RY(q=1,θ=+0.180) | RY(q=5,θ=-3.142) | RY(q=7,θ=+3.142) | CNOT(1->5)	"[""RY(q=1)"", ""RY(q=5)"", ""RY(q=7)"", ""CNOT(1->5)""]"
crlqas__L3_CH2_Singlet_8q__L3_CH2_Singlet_8q_rotosolve_s2_20k__seed11111__ep15049__snap0	/home/ubuntu/NeurIPS2026/PSQASBench/results/crlqas/L3_CH2_Singlet_8q/Formal_EXP/L3_CH2_Singlet_8q_rotosolve_s2_20k/seed11111	15049	0	5	0.000623	0.000000	0.000000	0.000000	0.500000	5	1	4	4	1	20.00	rotosolve	CNOT(1->5)	RY(q=1) | RY(q=5) | CNOT(5->7) | CNOT(1->5)	RY(q=1,θ=+0.180) | RY(q=5,θ=-3.142) | CNOT(5->7) | CNOT(1->5)	"[""RY(q=1)"", ""RY(q=5)"", ""CNOT(5->7)"", ""CNOT(1->5)""]"
crlqas__L3_CH2_Singlet_8q__L3_CH2_Singlet_8q_rotosolve_s2_20k__seed11111__ep10946__snap0	/home/ubuntu/NeurIPS2026/PSQASBench/results/crlqas/L3_CH2_Singlet_8q/Formal_EXP/L3_CH2_Singlet_8q_rotosolve_s2_20k/seed11111	10946	0	7	0.000623	0.000000	0.000000	0.000000	0.500000	7	1	6	4	3	42.86	rotosolve	CNOT(1->5)	RY(q=1) | RY(q=5) | RY(q=7) | CNOT(1->5)	RY(q=1,θ=+0.180) | RY(q=5,θ=-3.142) | RY(q=7,θ=+3.142) | CNOT(1->5)	"[""RY(q=1)"", ""RY(q=5)"", ""RY(q=7)"", ""CNOT(1->5)""]"
crlqas__L3_CH2_Singlet_8q__L3_CH2_Singlet_8q_rotosolve_s2_20k__seed11111__ep12286__snap0	/home/ubuntu/NeurIPS2026/PSQASBench/results/crlqas/L3_CH2_Singlet_8q/Formal_EXP/L3_CH2_Singlet_8q_rotosolve_s2_20k/seed11111	12286	0	6	0.000623	0.000000	0.000000	0.000000	0.500000	6	2	4	4	2	33.33	rotosolve	CNOT(0->4)	RY(q=4) | RY(q=0) | RY(q=6) | CNOT(0->4)	RY(q=4,θ=-3.142) | RY(q=0,θ=+0.180) | RY(q=6,θ=+3.142) | CNOT(0->4)	"[""RY(q=4)"", ""RY(q=0)"", ""RY(q=6)"", ""CNOT(0->4)""]"
crlqas__L3_CH2_Singlet_8q__L3_CH2_Singlet_8q_rotosolve_s2_20k__seed11111__ep11783__snap0	/home/ubuntu/NeurIPS2026/PSQASBench/results/crlqas/L3_CH2_Singlet_8q/Formal_EXP/L3_CH2_Singlet_8q_rotosolve_s2_20k/seed11111	11783	0	5	0.000623	0.000000	0.000000	0.000000	0.500000	5	1	4	4	1	20.00	rotosolve	CNOT(0->4)	RY(q=4) | RX(q=6) | RY(q=0) | CNOT(0->4)	RY(q=4,θ=-3.142) | RX(q=6,θ=+3.142) | RY(q=0,θ=+0.180) | CNOT(0->4)	"[""RY(q=4)"", ""RX(q=6)"", ""RY(q=0)"", ""CNOT(0->4)""]"
crlqas__L3_CH2_Singlet_8q__L3_CH2_Singlet_8q_rotosolve_s2_20k__seed11111__ep16528__snap0	/home/ubuntu/NeurIPS2026/PSQASBench/results/crlqas/L3_CH2_Singlet_8q/Formal_EXP/L3_CH2_Singlet_8q_rotosolve_s2_20k/seed11111	16528	0	7	0.000623	0.000000	0.000000	0.000000	0.500000	7	1	6	4	3	42.86	rotosolve	CNOT(1->5)	RY(q=5) | RY(q=1) | RY(q=7) | CNOT(1->5)	RY(q=5,θ=-3.142) | RY(q=1,θ=+0.180) | RY(q=7,θ=+3.142) | CNOT(1->5)	"[""RY(q=5)"", ""RY(q=1)"", ""RY(q=7)"", ""CNOT(1->5)""]"
crlqas__L3_CH2_Singlet_8q__L3_CH2_Singlet_8q_rotosolve_s2_20k__seed11111__ep15247__snap0	/home/ubuntu/NeurIPS2026/PSQASBench/results/crlqas/L3_CH2_Singlet_8q/Formal_EXP/L3_CH2_Singlet_8q_rotosolve_s2_20k/seed11111	15247	0	5	0.000623	0.000000	0.000000	0.000000	0.500000	5	2	3	4	1	20.00	rotosolve	CNOT(1->5)	RY(q=1) | RY(q=5) | RX(q=7) | CNOT(1->5)	RY(q=1,θ=+0.180) | RY(q=5,θ=-3.142) | RX(q=7,θ=+3.142) | CNOT(1->5)	"[""RY(q=1)"", ""RY(q=5)"", ""RX(q=7)"", ""CNOT(1->5)""]"
crlqas__L3_CH2_Singlet_8q__L3_CH2_Singlet_8q_rotosolve_s2_20k__seed11111__ep10687__snap0	/home/ubuntu/NeurIPS2026/PSQASBench/results/crlqas/L3_CH2_Singlet_8q/Formal_EXP/L3_CH2_Singlet_8q_rotosolve_s2_20k/seed11111	10687	0	20	0.000623	0.000000	0.000000	0.000000	0.500000	20	3	17	4	16	80.00	rotosolve	CNOT(1->5)	RX(q=7) | RY(q=1) | RY(q=5) | CNOT(1->5)	RX(q=7,θ=+3.142) | RY(q=1,θ=+0.180) | RY(q=5,θ=-3.142) | CNOT(1->5)	"[""RX(q=7)"", ""RY(q=1)"", ""RY(q=5)"", ""CNOT(1->5)""]"
crlqas__L3_CH2_Singlet_8q__L3_CH2_Singlet_8q_rotosolve_s2_20k__seed11111__ep17988__snap0	/home/ubuntu/NeurIPS2026/PSQASBench/results/crlqas/L3_CH2_Singlet_8q/Formal_EXP/L3_CH2_Singlet_8q_rotosolve_s2_20k/seed11111	17988	0	6	0.000623	0.000000	0.000000	0.000000	0.500000	6	2	4	4	2	33.33	rotosolve	CNOT(1->5)	RY(q=1) | RX(q=7) | RY(q=5) | CNOT(1->5)	RY(q=1,θ=+0.180) | RX(q=7,θ=+3.142) | RY(q=5,θ=-3.142) | CNOT(1->5)	"[""RY(q=1)"", ""RX(q=7)"", ""RY(q=5)"", ""CNOT(1->5)""]"
crlqas__L3_CH2_Singlet_8q__L3_CH2_Singlet_8q_rotosolve_s2_20k__seed11111__ep19938__snap0	/home/ubuntu/NeurIPS2026/PSQASBench/results/crlqas/L3_CH2_Singlet_8q/Formal_EXP/L3_CH2_Singlet_8q_rotosolve_s2_20k/seed11111	19938	0	7	0.000623	0.000000	0.000000	0.000000	0.500000	7	2	5	4	3	42.86	rotosolve	CNOT(1->5)	RY(q=1) | RX(q=5) | RX(q=7) | CNOT(1->5)	RY(q=1,θ=+0.180) | RX(q=5,θ=-3.142) | RX(q=7,θ=+3.142) | CNOT(1->5)	"[""RY(q=1)"", ""RX(q=5)"", ""RX(q=7)"", ""CNOT(1->5)""]"
crlqas__L3_CH2_Singlet_8q__L3_CH2_Singlet_8q_rotosolve_s2_20k__seed11111__ep14261__snap0	/home/ubuntu/NeurIPS2026/PSQASBench/results/crlqas/L3_CH2_Singlet_8q/Formal_EXP/L3_CH2_Singlet_8q_rotosolve_s2_20k/seed11111	14261	0	5	0.000623	0.000000	0.000000	0.000000	0.500000	5	2	3	4	1	20.00	rotosolve	CNOT(1->5)	RY(q=1) | RY(q=5) | RX(q=7) | CNOT(1->5)	RY(q=1,θ=+0.180) | RY(q=5,θ=-3.142) | RX(q=7,θ=+3.142) | CNOT(1->5)	"[""RY(q=1)"", ""RY(q=5)"", ""RX(q=7)"", ""CNOT(1->5)""]"
crlqas__L3_CH2_Singlet_8q__L3_CH2_Singlet_8q_rotosolve_s2_20k__seed11111__ep14522__snap0	/home/ubuntu/NeurIPS2026/PSQASBench/results/crlqas/L3_CH2_Singlet_8q/Formal_EXP/L3_CH2_Singlet_8q_rotosolve_s2_20k/seed11111	14522	0	11	0.000623	0.000000	0.000000	0.000000	0.500000	11	3	8	4	7	63.64	rotosolve	CNOT(1->5)	RY(q=5) | RY(q=1) | RX(q=7) | CNOT(1->5)	RY(q=5,θ=-3.142) | RY(q=1,θ=+0.180) | RX(q=7,θ=+3.142) | CNOT(1->5)	"[""RY(q=5)"", ""RY(q=1)"", ""RX(q=7)"", ""CNOT(1->5)""]"
crlqas__L3_CH2_Singlet_8q__L3_CH2_Singlet_8q_rotosolve_s2_20k__seed11111__ep16545__snap0	/home/ubuntu/NeurIPS2026/PSQASBench/results/crlqas/L3_CH2_Singlet_8q/Formal_EXP/L3_CH2_Singlet_8q_rotosolve_s2_20k/seed11111	16545	0	8	0.000623	0.000000	0.000000	0.000000	0.500000	8	2	6	4	4	50.00	rotosolve	CNOT(1->5)	RY(q=5) | RY(q=1) | RX(q=7) | CNOT(1->5)	RY(q=5,θ=-3.142) | RY(q=1,θ=+0.180) | RX(q=7,θ=+3.142) | CNOT(1->5)	"[""RY(q=5)"", ""RY(q=1)"", ""RX(q=7)"", ""CNOT(1->5)""]"
crlqas__L3_CH2_Singlet_8q__L3_CH2_Singlet_8q_rotosolve_s2_20k__seed11111__ep11821__snap0	/home/ubuntu/NeurIPS2026/PSQASBench/results/crlqas/L3_CH2_Singlet_8q/Formal_EXP/L3_CH2_Singlet_8q_rotosolve_s2_20k/seed11111	11821	0	6	0.000623	0.000000	0.000000	0.000000	0.500000	6	1	5	4	2	33.33	rotosolve	CNOT(1->5)	RY(q=1) | RY(q=7) | RY(q=5) | CNOT(1->5)	RY(q=1,θ=+0.180) | RY(q=7,θ=+3.142) | RY(q=5,θ=-3.142) | CNOT(1->5)	"[""RY(q=1)"", ""RY(q=7)"", ""RY(q=5)"", ""CNOT(1->5)""]"
crlqas__L3_CH2_Singlet_8q__L3_CH2_Singlet_8q_rotosolve_s2_20k__seed11111__ep19313__snap0	/home/ubuntu/NeurIPS2026/PSQASBench/results/crlqas/L3_CH2_Singlet_8q/Formal_EXP/L3_CH2_Singlet_8q_rotosolve_s2_20k/seed11111	19313	0	6	0.000623	0.000000	0.000000	0.000000	0.500000	6	1	5	4	2	33.33	rotosolve	CNOT(0->4)	RY(q=4) | RX(q=6) | RY(q=0) | CNOT(0->4)	RY(q=4,θ=-3.142) | RX(q=6,θ=+3.142) | RY(q=0,θ=+0.180) | CNOT(0->4)	"[""RY(q=4)"", ""RX(q=6)"", ""RY(q=0)"", ""CNOT(0->4)""]"
crlqas__L3_CH2_Singlet_8q__L3_CH2_Singlet_8q_rotosolve_s2_20k__seed11111__ep17922__snap0	/home/ubuntu/NeurIPS2026/PSQASBench/results/crlqas/L3_CH2_Singlet_8q/Formal_EXP/L3_CH2_Singlet_8q_rotosolve_s2_20k/seed11111	17922	0	6	0.000623	0.000000	0.000000	0.000000	0.500000	6	1	5	4	2	33.33	rotosolve	CNOT(1->5)	RY(q=7) | RY(q=1) | RY(q=5) | CNOT(1->5)	RY(q=7,θ=+3.142) | RY(q=1,θ=+0.180) | RY(q=5,θ=-3.142) | CNOT(1->5)	"[""RY(q=7)"", ""RY(q=1)"", ""RY(q=5)"", ""CNOT(1->5)""]"
crlqas__L3_CH2_Singlet_8q__L3_CH2_Singlet_8q_rotosolve_s2_20k__seed11111__ep11178__snap0	/home/ubuntu/NeurIPS2026/PSQASBench/results/crlqas/L3_CH2_Singlet_8q/Formal_EXP/L3_CH2_Singlet_8q_rotosolve_s2_20k/seed11111	11178	0	14	0.000623	0.000000	0.000000	0.000000	0.500000	14	3	11	4	10	71.43	rotosolve	RY(q=7)	RY(q=1) | CNOT(1->5) | RY(q=5) | RY(q=7)	RY(q=1,θ=-0.180) | CNOT(1->5) | RY(q=5,θ=-3.142) | RY(q=7,θ=+3.142)	"[""RY(q=1)"", ""CNOT(1->5)"", ""RY(q=5)"", ""RY(q=7)""]"
crlqas__L3_CH2_Singlet_8q__L3_CH2_Singlet_8q_rotosolve_s2_20k__seed11111__ep15954__snap0	/home/ubuntu/NeurIPS2026/PSQASBench/results/crlqas/L3_CH2_Singlet_8q/Formal_EXP/L3_CH2_Singlet_8q_rotosolve_s2_20k/seed11111	15954	0	6	0.000623	0.000000	0.000000	0.000000	0.500000	6	1	5	4	2	33.33	rotosolve	CNOT(1->5)	RY(q=1) | RY(q=7) | RY(q=5) | CNOT(1->5)	RY(q=1,θ=+0.180) | RY(q=7,θ=+3.142) | RY(q=5,θ=-3.142) | CNOT(1->5)	"[""RY(q=1)"", ""RY(q=7)"", ""RY(q=5)"", ""CNOT(1->5)""]"
crlqas__L3_CH2_Singlet_8q__L3_CH2_Singlet_8q_rotosolve_s2_20k__seed11111__ep19183__snap0	/home/ubuntu/NeurIPS2026/PSQASBench/results/crlqas/L3_CH2_Singlet_8q/Formal_EXP/L3_CH2_Singlet_8q_rotosolve_s2_20k/seed11111	19183	0	6	0.000623	0.000000	0.000000	0.000000	0.500000	6	2	4	4	2	33.33	rotosolve	CNOT(1->5)	RY(q=1) | RY(q=5) | RX(q=7) | CNOT(1->5)	RY(q=1,θ=+0.180) | RY(q=5,θ=-3.142) | RX(q=7,θ=+3.142) | CNOT(1->5)	"[""RY(q=1)"", ""RY(q=5)"", ""RX(q=7)"", ""CNOT(1->5)""]"
crlqas__L3_CH2_Singlet_8q__L3_CH2_Singlet_8q_rotosolve_s2_20k__seed11111__ep15284__snap0	/home/ubuntu/NeurIPS2026/PSQASBench/results/crlqas/L3_CH2_Singlet_8q/Formal_EXP/L3_CH2_Singlet_8q_rotosolve_s2_20k/seed11111	15284	0	5	0.000623	0.000000	0.000000	0.000000	0.500000	5	1	4	4	1	20.00	rotosolve	CNOT(1->5)	RY(q=1) | RY(q=5) | CNOT(5->7) | CNOT(1->5)	RY(q=1,θ=+0.180) | RY(q=5,θ=-3.142) | CNOT(5->7) | CNOT(1->5)	"[""RY(q=1)"", ""RY(q=5)"", ""CNOT(5->7)"", ""CNOT(1->5)""]"
crlqas__L3_CH2_Singlet_8q__L3_CH2_Singlet_8q_rotosolve_s2_20k__seed11111__ep19368__snap0	/home/ubuntu/NeurIPS2026/PSQASBench/results/crlqas/L3_CH2_Singlet_8q/Formal_EXP/L3_CH2_Singlet_8q_rotosolve_s2_20k/seed11111	19368	0	5	0.000623	0.000000	0.000000	0.000000	0.500000	5	1	4	4	1	20.00	rotosolve	CNOT(0->4)	RY(q=4) | RX(q=6) | RY(q=0) | CNOT(0->4)	RY(q=4,θ=-3.142) | RX(q=6,θ=+3.142) | RY(q=0,θ=+0.180) | CNOT(0->4)	"[""RY(q=4)"", ""RX(q=6)"", ""RY(q=0)"", ""CNOT(0->4)""]"
crlqas__L3_CH2_Singlet_8q__L3_CH2_Singlet_8q_rotosolve_s2_20k__seed11111__ep10930__snap0	/home/ubuntu/NeurIPS2026/PSQASBench/results/crlqas/L3_CH2_Singlet_8q/Formal_EXP/L3_CH2_Singlet_8q_rotosolve_s2_20k/seed11111	10930	0	5	0.000623	0.000000	0.000000	0.000000	0.500000	5	2	3	4	1	20.00	rotosolve	CNOT(1->5)	RY(q=1) | RY(q=5) | RX(q=7) | CNOT(1->5)	RY(q=1,θ=+0.180) | RY(q=5,θ=-3.142) | RX(q=7,θ=+3.142) | CNOT(1->5)	"[""RY(q=1)"", ""RY(q=5)"", ""RX(q=7)"", ""CNOT(1->5)""]"
crlqas__L3_CH2_Singlet_8q__L3_CH2_Singlet_8q_rotosolve_s2_20k__seed11111__ep11369__snap0	/home/ubuntu/NeurIPS2026/PSQASBench/results/crlqas/L3_CH2_Singlet_8q/Formal_EXP/L3_CH2_Singlet_8q_rotosolve_s2_20k/seed11111	11369	0	4	0.000623	0.000000	0.000000	0.000000	0.500000	4	1	3	4	0	0.00	rotosolve	CNOT(1->5)	RY(q=1) | RY(q=5) | CNOT(5->7) | CNOT(1->5)	RY(q=1,θ=+0.180) | RY(q=5,θ=-3.142) | CNOT(5->7) | CNOT(1->5)	"[""RY(q=1)"", ""RY(q=5)"", ""CNOT(5->7)"", ""CNOT(1->5)""]"
crlqas__L3_CH2_Singlet_8q__L3_CH2_Singlet_8q_rotosolve_s2_20k__seed11111__ep17765__snap0	/home/ubuntu/NeurIPS2026/PSQASBench/results/crlqas/L3_CH2_Singlet_8q/Formal_EXP/L3_CH2_Singlet_8q_rotosolve_s2_20k/seed11111	17765	0	6	0.000623	0.000000	0.000000	0.000000	0.500000	6	2	4	4	2	33.33	rotosolve	CNOT(1->5)	RY(q=1) | RY(q=5) | RX(q=7) | CNOT(1->5)	RY(q=1,θ=+0.180) | RY(q=5,θ=-3.142) | RX(q=7,θ=+3.142) | CNOT(1->5)	"[""RY(q=1)"", ""RY(q=5)"", ""RX(q=7)"", ""CNOT(1->5)""]"
crlqas__L3_CH2_Singlet_8q__L3_CH2_Singlet_8q_rotosolve_s2_20k__seed11111__ep17657__snap0	/home/ubuntu/NeurIPS2026/PSQASBench/results/crlqas/L3_CH2_Singlet_8q/Formal_EXP/L3_CH2_Singlet_8q_rotosolve_s2_20k/seed11111	17657	0	5	0.000623	0.000000	0.000000	0.000000	0.500000	5	1	4	4	1	20.00	rotosolve	CNOT(0->4)	RY(q=4) | RX(q=6) | RY(q=0) | CNOT(0->4)	RY(q=4,θ=-3.142) | RX(q=6,θ=+3.142) | RY(q=0,θ=+0.180) | CNOT(0->4)	"[""RY(q=4)"", ""RX(q=6)"", ""RY(q=0)"", ""CNOT(0->4)""]"
crlqas__L3_CH2_Singlet_8q__L3_CH2_Singlet_8q_rotosolve_s2_20k__seed11111__ep10745__snap0	/home/ubuntu/NeurIPS2026/PSQASBench/results/crlqas/L3_CH2_Singlet_8q/Formal_EXP/L3_CH2_Singlet_8q_rotosolve_s2_20k/seed11111	10745	0	6	0.000623	0.000000	0.000000	0.000000	0.500000	6	1	5	4	2	33.33	rotosolve	CNOT(1->5)	RY(q=7) | RY(q=1) | RY(q=5) | CNOT(1->5)	RY(q=7,θ=+3.142) | RY(q=1,θ=+0.180) | RY(q=5,θ=-3.142) | CNOT(1->5)	"[""RY(q=7)"", ""RY(q=1)"", ""RY(q=5)"", ""CNOT(1->5)""]"
crlqas__L3_CH2_Singlet_8q__L3_CH2_Singlet_8q_rotosolve_s2_20k__seed11111__ep18030__snap0	/home/ubuntu/NeurIPS2026/PSQASBench/results/crlqas/L3_CH2_Singlet_8q/Formal_EXP/L3_CH2_Singlet_8q_rotosolve_s2_20k/seed11111	18030	0	6	0.000623	0.000000	0.000000	0.000000	0.500000	6	1	5	4	2	33.33	rotosolve	CNOT(1->5)	RY(q=1) | RY(q=5) | CNOT(5->7) | CNOT(1->5)	RY(q=1,θ=+0.180) | RY(q=5,θ=-3.142) | CNOT(5->7) | CNOT(1->5)	"[""RY(q=1)"", ""RY(q=5)"", ""CNOT(5->7)"", ""CNOT(1->5)""]"
crlqas__L3_CH2_Singlet_8q__L3_CH2_Singlet_8q_rotosolve_s2_20k__seed11111__ep13595__snap0	/home/ubuntu/NeurIPS2026/PSQASBench/results/crlqas/L3_CH2_Singlet_8q/Formal_EXP/L3_CH2_Singlet_8q_rotosolve_s2_20k/seed11111	13595	0	6	0.000623	0.000000	0.000000	0.000000	0.500000	6	0	6	4	2	33.33	rotosolve	RY(q=7)	RY(q=5) | RY(q=1) | CNOT(5->1) | RY(q=7)	RY(q=5,θ=+2.961) | RY(q=1,θ=+3.142) | CNOT(5->1) | RY(q=7,θ=+3.142)	"[""RY(q=5)"", ""RY(q=1)"", ""CNOT(5->1)"", ""RY(q=7)""]"
crlqas__L3_CH2_Singlet_8q__L3_CH2_Singlet_8q_rotosolve_s2_20k__seed11111__ep15426__snap0	/home/ubuntu/NeurIPS2026/PSQASBench/results/crlqas/L3_CH2_Singlet_8q/Formal_EXP/L3_CH2_Singlet_8q_rotosolve_s2_20k/seed11111	15426	0	8	0.000623	0.000000	0.000000	0.000000	0.500000	8	1	7	4	4	50.00	rotosolve	CNOT(1->5)	RY(q=1) | RY(q=5) | RY(q=7) | CNOT(1->5)	RY(q=1,θ=+0.180) | RY(q=5,θ=-3.142) | RY(q=7,θ=+3.142) | CNOT(1->5)	"[""RY(q=1)"", ""RY(q=5)"", ""RY(q=7)"", ""CNOT(1->5)""]"
crlqas__L3_CH2_Singlet_8q__L3_CH2_Singlet_8q_rotosolve_s2_20k__seed11111__ep16989__snap0	/home/ubuntu/NeurIPS2026/PSQASBench/results/crlqas/L3_CH2_Singlet_8q/Formal_EXP/L3_CH2_Singlet_8q_rotosolve_s2_20k/seed11111	16989	0	6	0.000623	0.000000	0.000000	0.000000	0.500000	6	2	4	4	2	33.33	rotosolve	CNOT(1->5)	RY(q=1) | RY(q=5) | RX(q=7) | CNOT(1->5)	RY(q=1,θ=+0.180) | RY(q=5,θ=-3.142) | RX(q=7,θ=+3.142) | CNOT(1->5)	"[""RY(q=1)"", ""RY(q=5)"", ""RX(q=7)"", ""CNOT(1->5)""]"
crlqas__L3_CH2_Singlet_8q__L3_CH2_Singlet_8q_rotosolve_s2_20k__seed11111__ep12280__snap0	/home/ubuntu/NeurIPS2026/PSQASBench/results/crlqas/L3_CH2_Singlet_8q/Formal_EXP/L3_CH2_Singlet_8q_rotosolve_s2_20k/seed11111	12280	0	5	0.000623	0.000000	0.000000	0.000000	0.500000	5	2	3	4	1	20.00	rotosolve	CNOT(1->5)	RY(q=1) | RY(q=5) | RX(q=7) | CNOT(1->5)	RY(q=1,θ=+0.180) | RY(q=5,θ=-3.142) | RX(q=7,θ=+3.142) | CNOT(1->5)	"[""RY(q=1)"", ""RY(q=5)"", ""RX(q=7)"", ""CNOT(1->5)""]"
crlqas__L3_CH2_Singlet_8q__L3_CH2_Singlet_8q_rotosolve_s2_20k__seed11111__ep11277__snap0	/home/ubuntu/NeurIPS2026/PSQASBench/results/crlqas/L3_CH2_Singlet_8q/Formal_EXP/L3_CH2_Singlet_8q_rotosolve_s2_20k/seed11111	11277	0	8	0.000623	0.000000	0.000000	0.000000	0.500000	8	2	6	4	4	50.00	rotosolve	CNOT(1->5)	RY(q=5) | RY(q=1) | RX(q=7) | CNOT(1->5)	RY(q=5,θ=-3.142) | RY(q=1,θ=+0.180) | RX(q=7,θ=+3.142) | CNOT(1->5)	"[""RY(q=5)"", ""RY(q=1)"", ""RX(q=7)"", ""CNOT(1->5)""]"
crlqas__L3_CH2_Singlet_8q__L3_CH2_Singlet_8q_rotosolve_s2_20k__seed11111__ep12514__snap0	/home/ubuntu/NeurIPS2026/PSQASBench/results/crlqas/L3_CH2_Singlet_8q/Formal_EXP/L3_CH2_Singlet_8q_rotosolve_s2_20k/seed11111	12514	0	5	0.000623	0.000000	0.000000	0.000000	0.500000	5	2	3	4	1	20.00	rotosolve	CNOT(1->5)	RY(q=1) | RY(q=5) | RX(q=7) | CNOT(1->5)	RY(q=1,θ=+0.180) | RY(q=5,θ=-3.142) | RX(q=7,θ=+3.142) | CNOT(1->5)	"[""RY(q=1)"", ""RY(q=5)"", ""RX(q=7)"", ""CNOT(1->5)""]"
crlqas__L3_CH2_Singlet_8q__L3_CH2_Singlet_8q_rotosolve_s2_20k__seed11111__ep19549__snap0	/home/ubuntu/NeurIPS2026/PSQASBench/results/crlqas/L3_CH2_Singlet_8q/Formal_EXP/L3_CH2_Singlet_8q_rotosolve_s2_20k/seed11111	19549	0	4	0.000623	0.000000	0.000000	0.000000	0.500000	4	2	2	4	0	0.00	rotosolve	CNOT(1->5)	RX(q=7) | RY(q=1) | RY(q=5) | CNOT(1->5)	RX(q=7,θ=-3.142) | RY(q=1,θ=+0.180) | RY(q=5,θ=-3.142) | CNOT(1->5)	"[""RX(q=7)"", ""RY(q=1)"", ""RY(q=5)"", ""CNOT(1->5)""]"
crlqas__L3_CH2_Singlet_8q__L3_CH2_Singlet_8q_rotosolve_s2_20k__seed11111__ep18924__snap0	/home/ubuntu/NeurIPS2026/PSQASBench/results/crlqas/L3_CH2_Singlet_8q/Formal_EXP/L3_CH2_Singlet_8q_rotosolve_s2_20k/seed11111	18924	0	5	0.000623	0.000000	0.000000	0.000000	0.500000	5	1	4	4	1	20.00	rotosolve	CNOT(0->4)	RY(q=4) | RX(q=6) | RY(q=0) | CNOT(0->4)	RY(q=4,θ=-3.142) | RX(q=6,θ=+3.142) | RY(q=0,θ=+0.180) | CNOT(0->4)	"[""RY(q=4)"", ""RX(q=6)"", ""RY(q=0)"", ""CNOT(0->4)""]"
crlqas__L3_CH2_Singlet_8q__L3_CH2_Singlet_8q_rotosolve_s2_20k__seed11111__ep15361__snap0	/home/ubuntu/NeurIPS2026/PSQASBench/results/crlqas/L3_CH2_Singlet_8q/Formal_EXP/L3_CH2_Singlet_8q_rotosolve_s2_20k/seed11111	15361	0	5	0.000623	0.000000	0.000000	0.000000	0.500000	5	1	4	4	1	20.00	rotosolve	CNOT(0->4)	RX(q=4) | RX(q=6) | RY(q=0) | CNOT(0->4)	RX(q=4,θ=-3.142) | RX(q=6,θ=+3.142) | RY(q=0,θ=+0.180) | CNOT(0->4)	"[""RX(q=4)"", ""RX(q=6)"", ""RY(q=0)"", ""CNOT(0->4)""]"
crlqas__L3_CH2_Singlet_8q__L3_CH2_Singlet_8q_rotosolve_s2_20k__seed11111__ep12454__snap0	/home/ubuntu/NeurIPS2026/PSQASBench/results/crlqas/L3_CH2_Singlet_8q/Formal_EXP/L3_CH2_Singlet_8q_rotosolve_s2_20k/seed11111	12454	0	6	0.000623	0.000000	0.000000	0.000000	0.500000	6	2	4	4	2	33.33	rotosolve	CNOT(1->5)	RY(q=1) | RY(q=5) | RX(q=7) | CNOT(1->5)	RY(q=1,θ=+0.180) | RY(q=5,θ=-3.142) | RX(q=7,θ=+3.142) | CNOT(1->5)	"[""RY(q=1)"", ""RY(q=5)"", ""RX(q=7)"", ""CNOT(1->5)""]"
crlqas__L3_CH2_Singlet_8q__L3_CH2_Singlet_8q_rotosolve_s2_20k__seed11111__ep12208__snap0	/home/ubuntu/NeurIPS2026/PSQASBench/results/crlqas/L3_CH2_Singlet_8q/Formal_EXP/L3_CH2_Singlet_8q_rotosolve_s2_20k/seed11111	12208	0	6	0.000623	0.000000	0.000000	0.000000	0.500000	6	1	5	4	2	33.33	rotosolve	CNOT(1->5)	RY(q=1) | RY(q=7) | RY(q=5) | CNOT(1->5)	RY(q=1,θ=+0.180) | RY(q=7,θ=+3.142) | RY(q=5,θ=-3.142) | CNOT(1->5)	"[""RY(q=1)"", ""RY(q=7)"", ""RY(q=5)"", ""CNOT(1->5)""]"
crlqas__L3_CH2_Singlet_8q__L3_CH2_Singlet_8q_rotosolve_s2_20k__seed11111__ep19371__snap0	/home/ubuntu/NeurIPS2026/PSQASBench/results/crlqas/L3_CH2_Singlet_8q/Formal_EXP/L3_CH2_Singlet_8q_rotosolve_s2_20k/seed11111	19371	0	8	0.000623	0.000000	0.000000	0.000000	0.500000	8	1	7	4	4	50.00	rotosolve	CNOT(1->5)	RY(q=7) | RY(q=5) | RY(q=1) | CNOT(1->5)	RY(q=7,θ=+3.142) | RY(q=5,θ=-3.142) | RY(q=1,θ=+0.180) | CNOT(1->5)	"[""RY(q=7)"", ""RY(q=5)"", ""RY(q=1)"", ""CNOT(1->5)""]"
crlqas__L3_CH2_Singlet_8q__L3_CH2_Singlet_8q_rotosolve_s2_20k__seed11111__ep18917__snap0	/home/ubuntu/NeurIPS2026/PSQASBench/results/crlqas/L3_CH2_Singlet_8q/Formal_EXP/L3_CH2_Singlet_8q_rotosolve_s2_20k/seed11111	18917	0	10	0.000623	0.000000	0.000000	0.000000	0.500000	10	1	9	4	6	60.00	rotosolve	CNOT(1->5)	RY(q=1) | RY(q=7) | RY(q=5) | CNOT(1->5)	RY(q=1,θ=+0.180) | RY(q=7,θ=+3.142) | RY(q=5,θ=-3.142) | CNOT(1->5)	"[""RY(q=1)"", ""RY(q=7)"", ""RY(q=5)"", ""CNOT(1->5)""]"
crlqas__L3_CH2_Singlet_8q__L3_CH2_Singlet_8q_rotosolve_s2_20k__seed11111__ep17227__snap0	/home/ubuntu/NeurIPS2026/PSQASBench/results/crlqas/L3_CH2_Singlet_8q/Formal_EXP/L3_CH2_Singlet_8q_rotosolve_s2_20k/seed11111	17227	0	7	0.000623	0.000000	0.000000	0.000000	0.500000	7	1	6	4	3	42.86	rotosolve	CNOT(1->5)	RY(q=1) | RY(q=7) | RY(q=5) | CNOT(1->5)	RY(q=1,θ=+0.180) | RY(q=7,θ=+3.142) | RY(q=5,θ=-3.142) | CNOT(1->5)	"[""RY(q=1)"", ""RY(q=7)"", ""RY(q=5)"", ""CNOT(1->5)""]"
crlqas__L3_CH2_Singlet_8q__L3_CH2_Singlet_8q_rotosolve_s2_20k__seed11111__ep19676__snap0	/home/ubuntu/NeurIPS2026/PSQASBench/results/crlqas/L3_CH2_Singlet_8q/Formal_EXP/L3_CH2_Singlet_8q_rotosolve_s2_20k/seed11111	19676	0	5	0.000623	0.000000	0.000000	0.000000	0.500000	5	2	3	4	1	20.00	rotosolve	CNOT(1->5)	RY(q=1) | RY(q=5) | RX(q=7) | CNOT(1->5)	RY(q=1,θ=+0.180) | RY(q=5,θ=-3.142) | RX(q=7,θ=+3.142) | CNOT(1->5)	"[""RY(q=1)"", ""RY(q=5)"", ""RX(q=7)"", ""CNOT(1->5)""]"
crlqas__L3_CH2_Singlet_8q__L3_CH2_Singlet_8q_rotosolve_s2_20k__seed11111__ep19587__snap0	/home/ubuntu/NeurIPS2026/PSQASBench/results/crlqas/L3_CH2_Singlet_8q/Formal_EXP/L3_CH2_Singlet_8q_rotosolve_s2_20k/seed11111	19587	0	7	0.000623	0.000000	0.000000	0.000000	0.500000	7	2	5	4	3	42.86	rotosolve	CNOT(1->5)	RY(q=1) | RX(q=7) | RY(q=5) | CNOT(1->5)	RY(q=1,θ=+0.180) | RX(q=7,θ=+3.142) | RY(q=5,θ=-3.142) | CNOT(1->5)	"[""RY(q=1)"", ""RX(q=7)"", ""RY(q=5)"", ""CNOT(1->5)""]"
crlqas__L3_CH2_Singlet_8q__L3_CH2_Singlet_8q_rotosolve_s2_20k__seed11111__ep11889__snap0	/home/ubuntu/NeurIPS2026/PSQASBench/results/crlqas/L3_CH2_Singlet_8q/Formal_EXP/L3_CH2_Singlet_8q_rotosolve_s2_20k/seed11111	11889	0	5	0.000623	0.000000	0.000000	0.000000	0.500000	5	1	4	4	1	20.00	rotosolve	CNOT(0->4)	RX(q=6) | RY(q=4) | RY(q=0) | CNOT(0->4)	RX(q=6,θ=+3.142) | RY(q=4,θ=-3.142) | RY(q=0,θ=+0.180) | CNOT(0->4)	"[""RX(q=6)"", ""RY(q=4)"", ""RY(q=0)"", ""CNOT(0->4)""]"
crlqas__L3_CH2_Singlet_8q__L3_CH2_Singlet_8q_rotosolve_s2_20k__seed11111__ep16666__snap0	/home/ubuntu/NeurIPS2026/PSQASBench/results/crlqas/L3_CH2_Singlet_8q/Formal_EXP/L3_CH2_Singlet_8q_rotosolve_s2_20k/seed11111	16666	0	5	0.000623	0.000000	0.000000	0.000000	0.500000	5	1	4	4	1	20.00	rotosolve	CNOT(0->4)	RY(q=0) | RY(q=4) | RX(q=6) | CNOT(0->4)	RY(q=0,θ=+0.180) | RY(q=4,θ=-3.142) | RX(q=6,θ=+3.142) | CNOT(0->4)	"[""RY(q=0)"", ""RY(q=4)"", ""RX(q=6)"", ""CNOT(0->4)""]"
crlqas__L3_CH2_Singlet_8q__L3_CH2_Singlet_8q_rotosolve_s2_20k__seed11111__ep15865__snap0	/home/ubuntu/NeurIPS2026/PSQASBench/results/crlqas/L3_CH2_Singlet_8q/Formal_EXP/L3_CH2_Singlet_8q_rotosolve_s2_20k/seed11111	15865	0	5	0.000623	0.000000	0.000000	0.000000	0.500000	5	2	3	4	1	20.00	rotosolve	CNOT(1->5)	RY(q=1) | RY(q=5) | RX(q=7) | CNOT(1->5)	RY(q=1,θ=+0.180) | RY(q=5,θ=-3.142) | RX(q=7,θ=+3.142) | CNOT(1->5)	"[""RY(q=1)"", ""RY(q=5)"", ""RX(q=7)"", ""CNOT(1->5)""]"
crlqas__L3_CH2_Singlet_8q__L3_CH2_Singlet_8q_rotosolve_s2_20k__seed11111__ep12820__snap0	/home/ubuntu/NeurIPS2026/PSQASBench/results/crlqas/L3_CH2_Singlet_8q/Formal_EXP/L3_CH2_Singlet_8q_rotosolve_s2_20k/seed11111	12820	0	6	0.000623	0.000000	0.000000	0.000000	0.500000	6	1	5	4	2	33.33	rotosolve	CNOT(1->5)	RY(q=5) | RY(q=1) | CNOT(5->7) | CNOT(1->5)	RY(q=5,θ=-3.142) | RY(q=1,θ=+0.180) | CNOT(5->7) | CNOT(1->5)	"[""RY(q=5)"", ""RY(q=1)"", ""CNOT(5->7)"", ""CNOT(1->5)""]"
crlqas__L3_CH2_Singlet_8q__L3_CH2_Singlet_8q_rotosolve_s2_20k__seed11111__ep15886__snap0	/home/ubuntu/NeurIPS2026/PSQASBench/results/crlqas/L3_CH2_Singlet_8q/Formal_EXP/L3_CH2_Singlet_8q_rotosolve_s2_20k/seed11111	15886	0	6	0.000623	0.000000	0.000000	0.000000	0.500000	6	1	5	4	2	33.33	rotosolve	CNOT(1->5)	RY(q=1) | RY(q=7) | RY(q=5) | CNOT(1->5)	RY(q=1,θ=+0.180) | RY(q=7,θ=+3.142) | RY(q=5,θ=-3.142) | CNOT(1->5)	"[""RY(q=1)"", ""RY(q=7)"", ""RY(q=5)"", ""CNOT(1->5)""]"
crlqas__L3_CH2_Singlet_8q__L3_CH2_Singlet_8q_rotosolve_s2_20k__seed11111__ep17167__snap0	/home/ubuntu/NeurIPS2026/PSQASBench/results/crlqas/L3_CH2_Singlet_8q/Formal_EXP/L3_CH2_Singlet_8q_rotosolve_s2_20k/seed11111	17167	0	5	0.000623	0.000000	0.000000	0.000000	0.500000	5	2	3	4	1	20.00	rotosolve	CNOT(1->5)	RY(q=1) | RY(q=5) | RX(q=7) | CNOT(1->5)	RY(q=1,θ=+0.180) | RY(q=5,θ=-3.142) | RX(q=7,θ=+3.142) | CNOT(1->5)	"[""RY(q=1)"", ""RY(q=5)"", ""RX(q=7)"", ""CNOT(1->5)""]"
crlqas__L3_CH2_Singlet_8q__L3_CH2_Singlet_8q_rotosolve_s2_20k__seed11111__ep17564__snap0	/home/ubuntu/NeurIPS2026/PSQASBench/results/crlqas/L3_CH2_Singlet_8q/Formal_EXP/L3_CH2_Singlet_8q_rotosolve_s2_20k/seed11111	17564	0	4	0.000623	0.000000	0.000000	0.000000	0.500000	4	2	2	4	0	0.00	rotosolve	CNOT(1->5)	RY(q=5) | RY(q=1) | RX(q=7) | CNOT(1->5)	RY(q=5,θ=-3.142) | RY(q=1,θ=+0.180) | RX(q=7,θ=+3.142) | CNOT(1->5)	"[""RY(q=5)"", ""RY(q=1)"", ""RX(q=7)"", ""CNOT(1->5)""]"
crlqas__L3_CH2_Singlet_8q__L3_CH2_Singlet_8q_rotosolve_s2_20k__seed11111__ep14336__snap0	/home/ubuntu/NeurIPS2026/PSQASBench/results/crlqas/L3_CH2_Singlet_8q/Formal_EXP/L3_CH2_Singlet_8q_rotosolve_s2_20k/seed11111	14336	0	5	0.000623	0.000000	0.000000	0.000000	0.500000	5	2	3	4	1	20.00	rotosolve	CNOT(1->5)	RY(q=1) | RY(q=5) | RX(q=7) | CNOT(1->5)	RY(q=1,θ=+0.180) | RY(q=5,θ=-3.142) | RX(q=7,θ=+3.142) | CNOT(1->5)	"[""RY(q=1)"", ""RY(q=5)"", ""RX(q=7)"", ""CNOT(1->5)""]"
crlqas__L3_CH2_Singlet_8q__L3_CH2_Singlet_8q_rotosolve_s2_20k__seed11111__ep12460__snap0	/home/ubuntu/NeurIPS2026/PSQASBench/results/crlqas/L3_CH2_Singlet_8q/Formal_EXP/L3_CH2_Singlet_8q_rotosolve_s2_20k/seed11111	12460	0	5	0.000623	0.000000	0.000000	0.000000	0.500000	5	1	4	4	1	20.00	rotosolve	CNOT(0->4)	RX(q=6) | RY(q=4) | RY(q=0) | CNOT(0->4)	RX(q=6,θ=+3.142) | RY(q=4,θ=-3.142) | RY(q=0,θ=+0.180) | CNOT(0->4)	"[""RX(q=6)"", ""RY(q=4)"", ""RY(q=0)"", ""CNOT(0->4)""]"
crlqas__L3_CH2_Singlet_8q__L3_CH2_Singlet_8q_rotosolve_s2_20k__seed11111__ep12137__snap0	/home/ubuntu/NeurIPS2026/PSQASBench/results/crlqas/L3_CH2_Singlet_8q/Formal_EXP/L3_CH2_Singlet_8q_rotosolve_s2_20k/seed11111	12137	0	5	0.000623	0.000000	0.000000	0.000000	0.500000	5	1	4	4	1	20.00	rotosolve	CNOT(0->4)	RY(q=4) | RX(q=6) | RY(q=0) | CNOT(0->4)	RY(q=4,θ=-3.142) | RX(q=6,θ=+3.142) | RY(q=0,θ=+0.180) | CNOT(0->4)	"[""RY(q=4)"", ""RX(q=6)"", ""RY(q=0)"", ""CNOT(0->4)""]"
crlqas__L3_CH2_Singlet_8q__L3_CH2_Singlet_8q_rotosolve_s2_20k__seed11111__ep16728__snap0	/home/ubuntu/NeurIPS2026/PSQASBench/results/crlqas/L3_CH2_Singlet_8q/Formal_EXP/L3_CH2_Singlet_8q_rotosolve_s2_20k/seed11111	16728	0	5	0.000623	0.000000	0.000000	0.000000	0.500000	5	2	3	4	1	20.00	rotosolve	CNOT(1->5)	RY(q=1) | RY(q=5) | RX(q=7) | CNOT(1->5)	RY(q=1,θ=+0.180) | RY(q=5,θ=-3.142) | RX(q=7,θ=+3.142) | CNOT(1->5)	"[""RY(q=1)"", ""RY(q=5)"", ""RX(q=7)"", ""CNOT(1->5)""]"
crlqas__L3_CH2_Singlet_8q__L3_CH2_Singlet_8q_rotosolve_s2_20k__seed11111__ep12730__snap0	/home/ubuntu/NeurIPS2026/PSQASBench/results/crlqas/L3_CH2_Singlet_8q/Formal_EXP/L3_CH2_Singlet_8q_rotosolve_s2_20k/seed11111	12730	0	6	0.000623	0.000000	0.000000	0.000000	0.500000	6	1	5	4	2	33.33	rotosolve	CNOT(1->5)	RY(q=5) | RY(q=1) | RY(q=7) | CNOT(1->5)	RY(q=5,θ=-3.142) | RY(q=1,θ=+0.180) | RY(q=7,θ=+3.142) | CNOT(1->5)	"[""RY(q=5)"", ""RY(q=1)"", ""RY(q=7)"", ""CNOT(1->5)""]"
crlqas__L3_CH2_Singlet_8q__L3_CH2_Singlet_8q_rotosolve_s2_20k__seed11111__ep11172__snap0	/home/ubuntu/NeurIPS2026/PSQASBench/results/crlqas/L3_CH2_Singlet_8q/Formal_EXP/L3_CH2_Singlet_8q_rotosolve_s2_20k/seed11111	11172	0	6	0.000623	0.000000	0.000000	0.000000	0.500000	6	2	4	4	2	33.33	rotosolve	CNOT(1->5)	RY(q=1) | RY(q=5) | RX(q=7) | CNOT(1->5)	RY(q=1,θ=+0.180) | RY(q=5,θ=-3.142) | RX(q=7,θ=+3.142) | CNOT(1->5)	"[""RY(q=1)"", ""RY(q=5)"", ""RX(q=7)"", ""CNOT(1->5)""]"
crlqas__L3_CH2_Singlet_8q__L3_CH2_Singlet_8q_rotosolve_s2_20k__seed11111__ep18684__snap0	/home/ubuntu/NeurIPS2026/PSQASBench/results/crlqas/L3_CH2_Singlet_8q/Formal_EXP/L3_CH2_Singlet_8q_rotosolve_s2_20k/seed11111	18684	0	5	0.000623	0.000000	0.000000	0.000000	0.500000	5	2	3	4	1	20.00	rotosolve	CNOT(1->5)	RY(q=1) | RY(q=5) | RX(q=7) | CNOT(1->5)	RY(q=1,θ=+0.180) | RY(q=5,θ=-3.142) | RX(q=7,θ=+3.142) | CNOT(1->5)	"[""RY(q=1)"", ""RY(q=5)"", ""RX(q=7)"", ""CNOT(1->5)""]"
crlqas__L3_CH2_Singlet_8q__L3_CH2_Singlet_8q_rotosolve_s2_20k__seed11111__ep11675__snap0	/home/ubuntu/NeurIPS2026/PSQASBench/results/crlqas/L3_CH2_Singlet_8q/Formal_EXP/L3_CH2_Singlet_8q_rotosolve_s2_20k/seed11111	11675	0	6	0.000623	0.000000	0.000000	0.000000	0.500000	6	1	5	4	2	33.33	rotosolve	CNOT(1->5)	RY(q=1) | RY(q=5) | RY(q=7) | CNOT(1->5)	RY(q=1,θ=+0.180) | RY(q=5,θ=-3.142) | RY(q=7,θ=+3.142) | CNOT(1->5)	"[""RY(q=1)"", ""RY(q=5)"", ""RY(q=7)"", ""CNOT(1->5)""]"
crlqas__L3_CH2_Singlet_8q__L3_CH2_Singlet_8q_rotosolve_s2_20k__seed11111__ep12357__snap0	/home/ubuntu/NeurIPS2026/PSQASBench/results/crlqas/L3_CH2_Singlet_8q/Formal_EXP/L3_CH2_Singlet_8q_rotosolve_s2_20k/seed11111	12357	0	5	0.000623	0.000000	0.000000	0.000000	0.500000	5	1	4	4	1	20.00	rotosolve	CNOT(1->5)	RY(q=7) | RY(q=1) | RY(q=5) | CNOT(1->5)	RY(q=7,θ=+3.142) | RY(q=1,θ=+0.180) | RY(q=5,θ=-3.142) | CNOT(1->5)	"[""RY(q=7)"", ""RY(q=1)"", ""RY(q=5)"", ""CNOT(1->5)""]"
crlqas__L3_CH2_Singlet_8q__L3_CH2_Singlet_8q_rotosolve_s2_20k__seed11111__ep19755__snap0	/home/ubuntu/NeurIPS2026/PSQASBench/results/crlqas/L3_CH2_Singlet_8q/Formal_EXP/L3_CH2_Singlet_8q_rotosolve_s2_20k/seed11111	19755	0	6	0.000623	0.000000	0.000000	0.000000	0.500000	6	1	5	4	2	33.33	rotosolve	CNOT(1->5)	RY(q=7) | RY(q=5) | RY(q=1) | CNOT(1->5)	RY(q=7,θ=+3.142) | RY(q=5,θ=-3.142) | RY(q=1,θ=+0.180) | CNOT(1->5)	"[""RY(q=7)"", ""RY(q=5)"", ""RY(q=1)"", ""CNOT(1->5)""]"
crlqas__L3_CH2_Singlet_8q__L3_CH2_Singlet_8q_rotosolve_s2_20k__seed11111__ep14866__snap0	/home/ubuntu/NeurIPS2026/PSQASBench/results/crlqas/L3_CH2_Singlet_8q/Formal_EXP/L3_CH2_Singlet_8q_rotosolve_s2_20k/seed11111	14866	0	9	0.000623	0.000000	0.000000	0.000000	0.500000	9	2	7	4	5	55.56	rotosolve	CNOT(1->5)	RY(q=5) | RX(q=7) | RY(q=1) | CNOT(1->5)	RY(q=5,θ=-3.142) | RX(q=7,θ=+3.142) | RY(q=1,θ=+0.180) | CNOT(1->5)	"[""RY(q=5)"", ""RX(q=7)"", ""RY(q=1)"", ""CNOT(1->5)""]"
crlqas__L3_CH2_Singlet_8q__L3_CH2_Singlet_8q_rotosolve_s2_20k__seed11111__ep18482__snap0	/home/ubuntu/NeurIPS2026/PSQASBench/results/crlqas/L3_CH2_Singlet_8q/Formal_EXP/L3_CH2_Singlet_8q_rotosolve_s2_20k/seed11111	18482	0	4	0.000623	0.000000	0.000000	0.000000	0.500000	4	2	2	4	0	0.00	rotosolve	CNOT(1->5)	RX(q=5) | RY(q=1) | RX(q=7) | CNOT(1->5)	RX(q=5,θ=-3.142) | RY(q=1,θ=+0.180) | RX(q=7,θ=+3.142) | CNOT(1->5)	"[""RX(q=5)"", ""RY(q=1)"", ""RX(q=7)"", ""CNOT(1->5)""]"
crlqas__L3_CH2_Singlet_8q__L3_CH2_Singlet_8q_rotosolve_s2_20k__seed11111__ep10405__snap0	/home/ubuntu/NeurIPS2026/PSQASBench/results/crlqas/L3_CH2_Singlet_8q/Formal_EXP/L3_CH2_Singlet_8q_rotosolve_s2_20k/seed11111	10405	0	7	0.000623	0.000000	0.000000	0.000000	0.500000	7	1	6	4	3	42.86	rotosolve	CNOT(1->5)	RY(q=1) | RY(q=5) | CNOT(5->7) | CNOT(1->5)	RY(q=1,θ=+0.180) | RY(q=5,θ=-3.142) | CNOT(5->7) | CNOT(1->5)	"[""RY(q=1)"", ""RY(q=5)"", ""CNOT(5->7)"", ""CNOT(1->5)""]"
crlqas__L3_CH2_Singlet_8q__L3_CH2_Singlet_8q_rotosolve_s2_20k__seed11111__ep16600__snap0	/home/ubuntu/NeurIPS2026/PSQASBench/results/crlqas/L3_CH2_Singlet_8q/Formal_EXP/L3_CH2_Singlet_8q_rotosolve_s2_20k/seed11111	16600	0	5	0.000623	0.000000	0.000000	0.000000	0.500000	5	2	3	4	1	20.00	rotosolve	CNOT(1->5)	RY(q=1) | RY(q=5) | RX(q=7) | CNOT(1->5)	RY(q=1,θ=+0.180) | RY(q=5,θ=-3.142) | RX(q=7,θ=+3.142) | CNOT(1->5)	"[""RY(q=1)"", ""RY(q=5)"", ""RX(q=7)"", ""CNOT(1->5)""]"
crlqas__L3_CH2_Singlet_8q__L3_CH2_Singlet_8q_rotosolve_s2_20k__seed11111__ep10737__snap0	/home/ubuntu/NeurIPS2026/PSQASBench/results/crlqas/L3_CH2_Singlet_8q/Formal_EXP/L3_CH2_Singlet_8q_rotosolve_s2_20k/seed11111	10737	0	8	0.000623	0.000000	0.000000	0.000000	0.500000	8	2	6	4	4	50.00	rotosolve	CNOT(1->5)	RY(q=1) | RX(q=7) | RY(q=5) | CNOT(1->5)	RY(q=1,θ=+0.180) | RX(q=7,θ=+3.142) | RY(q=5,θ=-3.142) | CNOT(1->5)	"[""RY(q=1)"", ""RX(q=7)"", ""RY(q=5)"", ""CNOT(1->5)""]"
crlqas__L3_CH2_Singlet_8q__L3_CH2_Singlet_8q_rotosolve_s2_20k__seed11111__ep19037__snap0	/home/ubuntu/NeurIPS2026/PSQASBench/results/crlqas/L3_CH2_Singlet_8q/Formal_EXP/L3_CH2_Singlet_8q_rotosolve_s2_20k/seed11111	19037	0	9	0.000623	0.000000	0.000000	0.000000	0.500000	9	1	8	4	5	55.56	rotosolve	CNOT(1->5)	RY(q=1) | RY(q=7) | RY(q=5) | CNOT(1->5)	RY(q=1,θ=+0.180) | RY(q=7,θ=+3.142) | RY(q=5,θ=-3.142) | CNOT(1->5)	"[""RY(q=1)"", ""RY(q=7)"", ""RY(q=5)"", ""CNOT(1->5)""]"
crlqas__L3_CH2_Singlet_8q__L3_CH2_Singlet_8q_rotosolve_s2_20k__seed11111__ep13004__snap0	/home/ubuntu/NeurIPS2026/PSQASBench/results/crlqas/L3_CH2_Singlet_8q/Formal_EXP/L3_CH2_Singlet_8q_rotosolve_s2_20k/seed11111	13004	0	7	0.000623	0.000000	0.000000	0.000000	0.500000	7	1	6	4	3	42.86	rotosolve	CNOT(1->5)	RY(q=1) | RY(q=5) | RY(q=7) | CNOT(1->5)	RY(q=1,θ=+0.180) | RY(q=5,θ=-3.142) | RY(q=7,θ=+3.142) | CNOT(1->5)	"[""RY(q=1)"", ""RY(q=5)"", ""RY(q=7)"", ""CNOT(1->5)""]"
crlqas__L3_CH2_Singlet_8q__L3_CH2_Singlet_8q_rotosolve_s2_20k__seed11111__ep12572__snap0	/home/ubuntu/NeurIPS2026/PSQASBench/results/crlqas/L3_CH2_Singlet_8q/Formal_EXP/L3_CH2_Singlet_8q_rotosolve_s2_20k/seed11111	12572	0	5	0.000623	0.000000	0.000000	0.000000	0.500000	5	2	3	4	1	20.00	rotosolve	CNOT(1->5)	RY(q=5) | RY(q=1) | RX(q=7) | CNOT(1->5)	RY(q=5,θ=-3.142) | RY(q=1,θ=+0.180) | RX(q=7,θ=+3.142) | CNOT(1->5)	"[""RY(q=5)"", ""RY(q=1)"", ""RX(q=7)"", ""CNOT(1->5)""]"
crlqas__L3_CH2_Singlet_8q__L3_CH2_Singlet_8q_rotosolve_s2_20k__seed11111__ep19173__snap0	/home/ubuntu/NeurIPS2026/PSQASBench/results/crlqas/L3_CH2_Singlet_8q/Formal_EXP/L3_CH2_Singlet_8q_rotosolve_s2_20k/seed11111	19173	0	5	0.000623	0.000000	0.000000	0.000000	0.500000	5	2	3	4	1	20.00	rotosolve	CNOT(1->5)	RY(q=1) | RX(q=7) | RY(q=5) | CNOT(1->5)	RY(q=1,θ=+0.180) | RX(q=7,θ=+3.142) | RY(q=5,θ=-3.142) | CNOT(1->5)	"[""RY(q=1)"", ""RX(q=7)"", ""RY(q=5)"", ""CNOT(1->5)""]"
crlqas__L3_CH2_Singlet_8q__L3_CH2_Singlet_8q_rotosolve_s2_20k__seed11111__ep17606__snap0	/home/ubuntu/NeurIPS2026/PSQASBench/results/crlqas/L3_CH2_Singlet_8q/Formal_EXP/L3_CH2_Singlet_8q_rotosolve_s2_20k/seed11111	17606	0	7	0.000623	0.000000	0.000000	0.000000	0.500000	7	2	5	4	3	42.86	rotosolve	CNOT(1->5)	RY(q=1) | RY(q=5) | RX(q=7) | CNOT(1->5)	RY(q=1,θ=+0.180) | RY(q=5,θ=-3.142) | RX(q=7,θ=+3.142) | CNOT(1->5)	"[""RY(q=1)"", ""RY(q=5)"", ""RX(q=7)"", ""CNOT(1->5)""]"
crlqas__L3_CH2_Singlet_8q__L3_CH2_Singlet_8q_rotosolve_s2_20k__seed11111__ep15176__snap0	/home/ubuntu/NeurIPS2026/PSQASBench/results/crlqas/L3_CH2_Singlet_8q/Formal_EXP/L3_CH2_Singlet_8q_rotosolve_s2_20k/seed11111	15176	0	6	0.000623	0.000000	0.000000	0.000000	0.500000	6	2	4	4	2	33.33	rotosolve	CNOT(1->5)	RY(q=5) | RY(q=1) | RX(q=7) | CNOT(1->5)	RY(q=5,θ=-3.142) | RY(q=1,θ=+0.180) | RX(q=7,θ=+3.142) | CNOT(1->5)	"[""RY(q=5)"", ""RY(q=1)"", ""RX(q=7)"", ""CNOT(1->5)""]"
crlqas__L3_CH2_Singlet_8q__L3_CH2_Singlet_8q_rotosolve_s2_20k__seed11111__ep19437__snap0	/home/ubuntu/NeurIPS2026/PSQASBench/results/crlqas/L3_CH2_Singlet_8q/Formal_EXP/L3_CH2_Singlet_8q_rotosolve_s2_20k/seed11111	19437	0	5	0.000623	0.000000	0.000000	0.000000	0.500000	5	2	3	4	1	20.00	rotosolve	CNOT(1->5)	RY(q=1) | RY(q=5) | RX(q=7) | CNOT(1->5)	RY(q=1,θ=+0.180) | RY(q=5,θ=-3.142) | RX(q=7,θ=+3.142) | CNOT(1->5)	"[""RY(q=1)"", ""RY(q=5)"", ""RX(q=7)"", ""CNOT(1->5)""]"
crlqas__L3_CH2_Singlet_8q__L3_CH2_Singlet_8q_rotosolve_s2_20k__seed11111__ep15799__snap0	/home/ubuntu/NeurIPS2026/PSQASBench/results/crlqas/L3_CH2_Singlet_8q/Formal_EXP/L3_CH2_Singlet_8q_rotosolve_s2_20k/seed11111	15799	0	16	0.000623	0.000000	0.000000	0.000000	0.500000	16	3	13	4	12	75.00	rotosolve	RX(q=7)	RY(q=1) | RY(q=5) | CNOT(1->5) | RX(q=7)	RY(q=1,θ=+0.180) | RY(q=5,θ=-3.142) | CNOT(1->5) | RX(q=7,θ=+3.142)	"[""RY(q=1)"", ""RY(q=5)"", ""CNOT(1->5)"", ""RX(q=7)""]"
crlqas__L3_CH2_Singlet_8q__L3_CH2_Singlet_8q_rotosolve_s2_20k__seed11111__ep16826__snap0	/home/ubuntu/NeurIPS2026/PSQASBench/results/crlqas/L3_CH2_Singlet_8q/Formal_EXP/L3_CH2_Singlet_8q_rotosolve_s2_20k/seed11111	16826	0	6	0.000623	0.000000	0.000000	0.000000	0.500000	6	1	5	4	2	33.33	rotosolve	CNOT(0->4)	RX(q=6) | RX(q=4) | RY(q=0) | CNOT(0->4)	RX(q=6,θ=+3.142) | RX(q=4,θ=-3.142) | RY(q=0,θ=+0.180) | CNOT(0->4)	"[""RX(q=6)"", ""RX(q=4)"", ""RY(q=0)"", ""CNOT(0->4)""]"
crlqas__L3_CH2_Singlet_8q__L3_CH2_Singlet_8q_rotosolve_s2_20k__seed11111__ep17737__snap0	/home/ubuntu/NeurIPS2026/PSQASBench/results/crlqas/L3_CH2_Singlet_8q/Formal_EXP/L3_CH2_Singlet_8q_rotosolve_s2_20k/seed11111	17737	0	5	0.000623	0.000000	0.000000	0.000000	0.500000	5	1	4	4	1	20.00	rotosolve	CNOT(1->5)	RY(q=1) | RY(q=5) | CNOT(5->7) | CNOT(1->5)	RY(q=1,θ=+0.180) | RY(q=5,θ=-3.142) | CNOT(5->7) | CNOT(1->5)	"[""RY(q=1)"", ""RY(q=5)"", ""CNOT(5->7)"", ""CNOT(1->5)""]"
crlqas__L3_CH2_Singlet_8q__L3_CH2_Singlet_8q_rotosolve_s2_20k__seed11111__ep16608__snap0	/home/ubuntu/NeurIPS2026/PSQASBench/results/crlqas/L3_CH2_Singlet_8q/Formal_EXP/L3_CH2_Singlet_8q_rotosolve_s2_20k/seed11111	16608	0	5	0.000623	0.000000	0.000000	0.000000	0.500000	5	1	4	4	1	20.00	rotosolve	CNOT(1->5)	RY(q=1) | RY(q=5) | CNOT(5->7) | CNOT(1->5)	RY(q=1,θ=+0.180) | RY(q=5,θ=-3.142) | CNOT(5->7) | CNOT(1->5)	"[""RY(q=1)"", ""RY(q=5)"", ""CNOT(5->7)"", ""CNOT(1->5)""]"
crlqas__L3_CH2_Singlet_8q__L3_CH2_Singlet_8q_rotosolve_s2_20k__seed11111__ep16484__snap0	/home/ubuntu/NeurIPS2026/PSQASBench/results/crlqas/L3_CH2_Singlet_8q/Formal_EXP/L3_CH2_Singlet_8q_rotosolve_s2_20k/seed11111	16484	0	5	0.000623	0.000000	0.000000	0.000000	0.500000	5	2	3	4	1	20.00	rotosolve	CNOT(1->5)	RY(q=1) | RY(q=5) | RX(q=7) | CNOT(1->5)	RY(q=1,θ=+0.180) | RY(q=5,θ=-3.142) | RX(q=7,θ=+3.142) | CNOT(1->5)	"[""RY(q=1)"", ""RY(q=5)"", ""RX(q=7)"", ""CNOT(1->5)""]"
crlqas__L3_CH2_Singlet_8q__L3_CH2_Singlet_8q_rotosolve_s2_20k__seed11111__ep15044__snap0	/home/ubuntu/NeurIPS2026/PSQASBench/results/crlqas/L3_CH2_Singlet_8q/Formal_EXP/L3_CH2_Singlet_8q_rotosolve_s2_20k/seed11111	15044	0	5	0.000623	0.000000	0.000000	0.000000	0.500000	5	2	3	4	1	20.00	rotosolve	CNOT(1->5)	RY(q=1) | RY(q=5) | RX(q=7) | CNOT(1->5)	RY(q=1,θ=+0.180) | RY(q=5,θ=-3.142) | RX(q=7,θ=+3.142) | CNOT(1->5)	"[""RY(q=1)"", ""RY(q=5)"", ""RX(q=7)"", ""CNOT(1->5)""]"
crlqas__L3_CH2_Singlet_8q__L3_CH2_Singlet_8q_rotosolve_s2_20k__seed11111__ep13689__snap0	/home/ubuntu/NeurIPS2026/PSQASBench/results/crlqas/L3_CH2_Singlet_8q/Formal_EXP/L3_CH2_Singlet_8q_rotosolve_s2_20k/seed11111	13689	0	5	0.000623	0.000000	0.000000	0.000000	0.500000	5	2	3	4	1	20.00	rotosolve	CNOT(1->5)	RY(q=1) | RY(q=5) | RX(q=7) | CNOT(1->5)	RY(q=1,θ=+0.180) | RY(q=5,θ=-3.142) | RX(q=7,θ=+3.142) | CNOT(1->5)	"[""RY(q=1)"", ""RY(q=5)"", ""RX(q=7)"", ""CNOT(1->5)""]"
crlqas__L3_CH2_Singlet_8q__L3_CH2_Singlet_8q_rotosolve_s2_20k__seed11111__ep15606__snap0	/home/ubuntu/NeurIPS2026/PSQASBench/results/crlqas/L3_CH2_Singlet_8q/Formal_EXP/L3_CH2_Singlet_8q_rotosolve_s2_20k/seed11111	15606	0	5	0.000623	0.000000	0.000000	0.000000	0.500000	5	2	3	4	1	20.00	rotosolve	CNOT(1->5)	RY(q=1) | RY(q=5) | RX(q=7) | CNOT(1->5)	RY(q=1,θ=+0.180) | RY(q=5,θ=-3.142) | RX(q=7,θ=+3.142) | CNOT(1->5)	"[""RY(q=1)"", ""RY(q=5)"", ""RX(q=7)"", ""CNOT(1->5)""]"
crlqas__L3_CH2_Singlet_8q__L3_CH2_Singlet_8q_rotosolve_s2_20k__seed11111__ep12366__snap0	/home/ubuntu/NeurIPS2026/PSQASBench/results/crlqas/L3_CH2_Singlet_8q/Formal_EXP/L3_CH2_Singlet_8q_rotosolve_s2_20k/seed11111	12366	0	5	0.000623	0.000000	0.000000	0.000000	0.500000	5	1	4	4	1	20.00	rotosolve	CNOT(1->5)	RY(q=1) | RY(q=5) | RY(q=7) | CNOT(1->5)	RY(q=1,θ=+0.180) | RY(q=5,θ=-3.142) | RY(q=7,θ=+3.142) | CNOT(1->5)	"[""RY(q=1)"", ""RY(q=5)"", ""RY(q=7)"", ""CNOT(1->5)""]"
crlqas__L3_CH2_Singlet_8q__L3_CH2_Singlet_8q_rotosolve_s2_20k__seed11111__ep15643__snap0	/home/ubuntu/NeurIPS2026/PSQASBench/results/crlqas/L3_CH2_Singlet_8q/Formal_EXP/L3_CH2_Singlet_8q_rotosolve_s2_20k/seed11111	15643	0	7	0.000623	0.000000	0.000000	0.000000	0.500000	7	2	5	4	3	42.86	rotosolve	CNOT(1->5)	RY(q=1) | RY(q=5) | RX(q=7) | CNOT(1->5)	RY(q=1,θ=+0.180) | RY(q=5,θ=-3.142) | RX(q=7,θ=+3.142) | CNOT(1->5)	"[""RY(q=1)"", ""RY(q=5)"", ""RX(q=7)"", ""CNOT(1->5)""]"
crlqas__L3_CH2_Singlet_8q__L3_CH2_Singlet_8q_rotosolve_s2_20k__seed11111__ep14669__snap0	/home/ubuntu/NeurIPS2026/PSQASBench/results/crlqas/L3_CH2_Singlet_8q/Formal_EXP/L3_CH2_Singlet_8q_rotosolve_s2_20k/seed11111	14669	0	8	0.000623	0.000000	0.000000	0.000000	0.500000	8	1	7	4	4	50.00	rotosolve	CNOT(1->5)	RY(q=1) | RY(q=7) | RY(q=5) | CNOT(1->5)	RY(q=1,θ=+0.180) | RY(q=7,θ=+3.142) | RY(q=5,θ=-3.142) | CNOT(1->5)	"[""RY(q=1)"", ""RY(q=7)"", ""RY(q=5)"", ""CNOT(1->5)""]"
crlqas__L3_CH2_Singlet_8q__L3_CH2_Singlet_8q_rotosolve_s2_20k__seed11111__ep14856__snap0	/home/ubuntu/NeurIPS2026/PSQASBench/results/crlqas/L3_CH2_Singlet_8q/Formal_EXP/L3_CH2_Singlet_8q_rotosolve_s2_20k/seed11111	14856	0	6	0.000623	0.000000	0.000000	0.000000	0.500000	6	2	4	4	2	33.33	rotosolve	CNOT(1->5)	RY(q=1) | RX(q=7) | RY(q=5) | CNOT(1->5)	RY(q=1,θ=+0.180) | RX(q=7,θ=+3.142) | RY(q=5,θ=-3.142) | CNOT(1->5)	"[""RY(q=1)"", ""RX(q=7)"", ""RY(q=5)"", ""CNOT(1->5)""]"
crlqas__L3_CH2_Singlet_8q__L3_CH2_Singlet_8q_rotosolve_s2_20k__seed11111__ep17243__snap0	/home/ubuntu/NeurIPS2026/PSQASBench/results/crlqas/L3_CH2_Singlet_8q/Formal_EXP/L3_CH2_Singlet_8q_rotosolve_s2_20k/seed11111	17243	0	7	0.000623	0.000000	0.000000	0.000000	0.500000	7	1	6	4	3	42.86	rotosolve	CNOT(1->5)	RY(q=1) | RY(q=7) | RY(q=5) | CNOT(1->5)	RY(q=1,θ=+0.180) | RY(q=7,θ=+3.142) | RY(q=5,θ=-3.142) | CNOT(1->5)	"[""RY(q=1)"", ""RY(q=7)"", ""RY(q=5)"", ""CNOT(1->5)""]"
crlqas__L3_CH2_Singlet_8q__L3_CH2_Singlet_8q_rotosolve_s2_20k__seed11111__ep19341__snap0	/home/ubuntu/NeurIPS2026/PSQASBench/results/crlqas/L3_CH2_Singlet_8q/Formal_EXP/L3_CH2_Singlet_8q_rotosolve_s2_20k/seed11111	19341	0	8	0.000623	0.000000	0.000000	0.000000	0.500000	8	3	5	4	4	50.00	rotosolve	CNOT(1->5)	RY(q=1) | RX(q=7) | RY(q=5) | CNOT(1->5)	RY(q=1,θ=+0.180) | RX(q=7,θ=+3.142) | RY(q=5,θ=-3.142) | CNOT(1->5)	"[""RY(q=1)"", ""RX(q=7)"", ""RY(q=5)"", ""CNOT(1->5)""]"
crlqas__L3_CH2_Singlet_8q__L3_CH2_Singlet_8q_rotosolve_s2_20k__seed11111__ep12768__snap0	/home/ubuntu/NeurIPS2026/PSQASBench/results/crlqas/L3_CH2_Singlet_8q/Formal_EXP/L3_CH2_Singlet_8q_rotosolve_s2_20k/seed11111	12768	0	5	0.000623	0.000000	0.000000	0.000000	0.500000	5	2	3	4	1	20.00	rotosolve	CNOT(1->5)	RY(q=1) | RX(q=5) | RX(q=7) | CNOT(1->5)	RY(q=1,θ=+0.180) | RX(q=5,θ=-3.142) | RX(q=7,θ=+3.142) | CNOT(1->5)	"[""RY(q=1)"", ""RX(q=5)"", ""RX(q=7)"", ""CNOT(1->5)""]"
crlqas__L3_CH2_Singlet_8q__L3_CH2_Singlet_8q_rotosolve_s2_20k__seed11111__ep14279__snap0	/home/ubuntu/NeurIPS2026/PSQASBench/results/crlqas/L3_CH2_Singlet_8q/Formal_EXP/L3_CH2_Singlet_8q_rotosolve_s2_20k/seed11111	14279	0	6	0.000623	0.000000	0.000000	0.000000	0.500000	6	1	5	4	2	33.33	rotosolve	CNOT(0->4)	RX(q=6) | RY(q=4) | RY(q=0) | CNOT(0->4)	RX(q=6,θ=+3.142) | RY(q=4,θ=-3.142) | RY(q=0,θ=+0.180) | CNOT(0->4)	"[""RX(q=6)"", ""RY(q=4)"", ""RY(q=0)"", ""CNOT(0->4)""]"
crlqas__L3_CH2_Singlet_8q__L3_CH2_Singlet_8q_rotosolve_s2_20k__seed11111__ep19977__snap0	/home/ubuntu/NeurIPS2026/PSQASBench/results/crlqas/L3_CH2_Singlet_8q/Formal_EXP/L3_CH2_Singlet_8q_rotosolve_s2_20k/seed11111	19977	0	7	0.000623	0.000000	0.000000	0.000000	0.500000	7	2	5	4	3	42.86	rotosolve	CNOT(1->5)	RY(q=5) | RY(q=1) | RX(q=7) | CNOT(1->5)	RY(q=5,θ=-3.142) | RY(q=1,θ=+0.180) | RX(q=7,θ=+3.142) | CNOT(1->5)	"[""RY(q=5)"", ""RY(q=1)"", ""RX(q=7)"", ""CNOT(1->5)""]"
crlqas__L3_CH2_Singlet_8q__L3_CH2_Singlet_8q_rotosolve_s2_20k__seed11111__ep10177__snap0	/home/ubuntu/NeurIPS2026/PSQASBench/results/crlqas/L3_CH2_Singlet_8q/Formal_EXP/L3_CH2_Singlet_8q_rotosolve_s2_20k/seed11111	10177	0	5	0.000623	0.000000	0.000000	0.000000	0.500000	5	2	3	4	1	20.00	rotosolve	CNOT(1->5)	RY(q=1) | RY(q=5) | RX(q=7) | CNOT(1->5)	RY(q=1,θ=+0.180) | RY(q=5,θ=-3.142) | RX(q=7,θ=+3.142) | CNOT(1->5)	"[""RY(q=1)"", ""RY(q=5)"", ""RX(q=7)"", ""CNOT(1->5)""]"
crlqas__L3_CH2_Singlet_8q__L3_CH2_Singlet_8q_rotosolve_s2_20k__seed11111__ep16000__snap0	/home/ubuntu/NeurIPS2026/PSQASBench/results/crlqas/L3_CH2_Singlet_8q/Formal_EXP/L3_CH2_Singlet_8q_rotosolve_s2_20k/seed11111	16000	0	6	0.000623	0.000000	0.000000	0.000000	0.500000	6	1	5	4	2	33.33	rotosolve	CNOT(1->5)	RY(q=7) | RY(q=1) | RY(q=5) | CNOT(1->5)	RY(q=7,θ=+3.142) | RY(q=1,θ=+0.180) | RY(q=5,θ=-3.142) | CNOT(1->5)	"[""RY(q=7)"", ""RY(q=1)"", ""RY(q=5)"", ""CNOT(1->5)""]"
crlqas__L3_CH2_Singlet_8q__L3_CH2_Singlet_8q_rotosolve_s2_20k__seed11111__ep16333__snap0	/home/ubuntu/NeurIPS2026/PSQASBench/results/crlqas/L3_CH2_Singlet_8q/Formal_EXP/L3_CH2_Singlet_8q_rotosolve_s2_20k/seed11111	16333	0	5	0.000623	0.000000	0.000000	0.000000	0.500000	5	1	4	4	1	20.00	rotosolve	CNOT(1->5)	RY(q=1) | RY(q=7) | RY(q=5) | CNOT(1->5)	RY(q=1,θ=+0.180) | RY(q=7,θ=+3.142) | RY(q=5,θ=-3.142) | CNOT(1->5)	"[""RY(q=1)"", ""RY(q=7)"", ""RY(q=5)"", ""CNOT(1->5)""]"
crlqas__L3_CH2_Singlet_8q__L3_CH2_Singlet_8q_rotosolve_s2_20k__seed11111__ep17023__snap0	/home/ubuntu/NeurIPS2026/PSQASBench/results/crlqas/L3_CH2_Singlet_8q/Formal_EXP/L3_CH2_Singlet_8q_rotosolve_s2_20k/seed11111	17023	0	8	0.000623	0.000000	0.000000	0.000000	0.500000	8	1	7	4	4	50.00	rotosolve	CNOT(1->5)	RY(q=7) | RY(q=5) | RY(q=1) | CNOT(1->5)	RY(q=7,θ=+3.142) | RY(q=5,θ=-3.142) | RY(q=1,θ=+0.180) | CNOT(1->5)	"[""RY(q=7)"", ""RY(q=5)"", ""RY(q=1)"", ""CNOT(1->5)""]"
crlqas__L3_CH2_Singlet_8q__L3_CH2_Singlet_8q_rotosolve_s2_20k__seed11111__ep15390__snap0	/home/ubuntu/NeurIPS2026/PSQASBench/results/crlqas/L3_CH2_Singlet_8q/Formal_EXP/L3_CH2_Singlet_8q_rotosolve_s2_20k/seed11111	15390	0	7	0.000623	0.000000	0.000000	0.000000	0.500000	7	1	6	4	3	42.86	rotosolve	CNOT(1->5)	RY(q=1) | RY(q=5) | RY(q=7) | CNOT(1->5)	RY(q=1,θ=+0.180) | RY(q=5,θ=-3.142) | RY(q=7,θ=+3.142) | CNOT(1->5)	"[""RY(q=1)"", ""RY(q=5)"", ""RY(q=7)"", ""CNOT(1->5)""]"
crlqas__L3_CH2_Singlet_8q__L3_CH2_Singlet_8q_rotosolve_s2_20k__seed11111__ep14680__snap0	/home/ubuntu/NeurIPS2026/PSQASBench/results/crlqas/L3_CH2_Singlet_8q/Formal_EXP/L3_CH2_Singlet_8q_rotosolve_s2_20k/seed11111	14680	0	7	0.000623	0.000000	0.000000	0.000000	0.500000	7	1	6	4	3	42.86	rotosolve	CNOT(1->5)	RY(q=1) | RY(q=7) | RY(q=5) | CNOT(1->5)	RY(q=1,θ=+0.180) | RY(q=7,θ=+3.142) | RY(q=5,θ=-3.142) | CNOT(1->5)	"[""RY(q=1)"", ""RY(q=7)"", ""RY(q=5)"", ""CNOT(1->5)""]"
crlqas__L3_CH2_Singlet_8q__L3_CH2_Singlet_8q_rotosolve_s2_20k__seed11111__ep12792__snap0	/home/ubuntu/NeurIPS2026/PSQASBench/results/crlqas/L3_CH2_Singlet_8q/Formal_EXP/L3_CH2_Singlet_8q_rotosolve_s2_20k/seed11111	12792	0	6	0.000623	0.000000	0.000000	0.000000	0.500000	6	1	5	4	2	33.33	rotosolve	CNOT(0->4)	RY(q=4) | RX(q=6) | RY(q=0) | CNOT(0->4)	RY(q=4,θ=-3.142) | RX(q=6,θ=+3.142) | RY(q=0,θ=+0.180) | CNOT(0->4)	"[""RY(q=4)"", ""RX(q=6)"", ""RY(q=0)"", ""CNOT(0->4)""]"
crlqas__L3_CH2_Singlet_8q__L3_CH2_Singlet_8q_rotosolve_s2_20k__seed11111__ep17166__snap0	/home/ubuntu/NeurIPS2026/PSQASBench/results/crlqas/L3_CH2_Singlet_8q/Formal_EXP/L3_CH2_Singlet_8q_rotosolve_s2_20k/seed11111	17166	0	5	0.000623	0.000000	0.000000	0.000000	0.500000	5	1	4	4	1	20.00	rotosolve	CNOT(0->4)	RY(q=6) | RX(q=4) | RY(q=0) | CNOT(0->4)	RY(q=6,θ=+3.142) | RX(q=4,θ=-3.142) | RY(q=0,θ=+0.180) | CNOT(0->4)	"[""RY(q=6)"", ""RX(q=4)"", ""RY(q=0)"", ""CNOT(0->4)""]"
crlqas__L3_CH2_Singlet_8q__L3_CH2_Singlet_8q_rotosolve_s2_20k__seed11111__ep16973__snap0	/home/ubuntu/NeurIPS2026/PSQASBench/results/crlqas/L3_CH2_Singlet_8q/Formal_EXP/L3_CH2_Singlet_8q_rotosolve_s2_20k/seed11111	16973	0	15	0.000623	0.000000	0.000000	0.000000	0.500000	15	1	14	6	9	60.00	rotosolve	CNOT(5->7)	RY(q=7) | RY(q=1) | CNOT(1->5) | RY(q=5) | CNOT(5->7) | CNOT(5->7)	RY(q=7,θ=+3.142) | RY(q=1,θ=-0.180) | CNOT(1->5) | RY(q=5,θ=-3.142) | CNOT(5->7) | CNOT(5->7)	"[""RY(q=7)"", ""RY(q=1)"", ""CNOT(1->5)"", ""RY(q=5)"", ""CNOT(5->7)"", ""CNOT(5->7)""]"
crlqas__L3_CH2_Singlet_8q__L3_CH2_Singlet_8q_rotosolve_s2_20k__seed11111__ep18094__snap0	/home/ubuntu/NeurIPS2026/PSQASBench/results/crlqas/L3_CH2_Singlet_8q/Formal_EXP/L3_CH2_Singlet_8q_rotosolve_s2_20k/seed11111	18094	0	7	0.000623	0.000000	0.000000	0.000000	0.500000	7	1	6	4	3	42.86	rotosolve	CNOT(3->7)	RY(q=1) | RY(q=5) | RX(q=7) | CNOT(5->1)	RY(q=1,θ=+3.142) | RY(q=5,θ=+2.961) | RX(q=7,θ=+3.142) | CNOT(5->1)	"[""RY(q=1)"", ""RY(q=5)"", ""RX(q=7)"", ""CNOT(5->1)""]"
crlqas__L3_CH2_Singlet_8q__L3_CH2_Singlet_8q_rotosolve_s2_20k__seed11111__ep10828__snap0	/home/ubuntu/NeurIPS2026/PSQASBench/results/crlqas/L3_CH2_Singlet_8q/Formal_EXP/L3_CH2_Singlet_8q_rotosolve_s2_20k/seed11111	10828	0	9	0.000623	0.000000	0.000000	0.000000	0.500000	9	1	8	4	5	55.56	rotosolve	RY(q=7)	RY(q=1) | RY(q=5) | CNOT(5->1) | RY(q=7)	RY(q=1,θ=+3.142) | RY(q=5,θ=+2.961) | CNOT(5->1) | RY(q=7,θ=+3.142)	"[""RY(q=1)"", ""RY(q=5)"", ""CNOT(5->1)"", ""RY(q=7)""]"
crlqas__L3_CH2_Singlet_8q__L3_CH2_Singlet_8q_rotosolve_s2_20k__seed11111__ep14781__snap0	/home/ubuntu/NeurIPS2026/PSQASBench/results/crlqas/L3_CH2_Singlet_8q/Formal_EXP/L3_CH2_Singlet_8q_rotosolve_s2_20k/seed11111	14781	0	7	0.000623	0.000000	0.000000	0.000000	0.500000	7	2	5	4	3	42.86	rotosolve	CNOT(1->5)	RY(q=1) | RY(q=5) | RX(q=7) | CNOT(1->5)	RY(q=1,θ=+0.180) | RY(q=5,θ=-3.142) | RX(q=7,θ=+3.142) | CNOT(1->5)	"[""RY(q=1)"", ""RY(q=5)"", ""RX(q=7)"", ""CNOT(1->5)""]"
crlqas__L3_CH2_Singlet_8q__L3_CH2_Singlet_8q_rotosolve_s2_20k__seed11111__ep11579__snap0	/home/ubuntu/NeurIPS2026/PSQASBench/results/crlqas/L3_CH2_Singlet_8q/Formal_EXP/L3_CH2_Singlet_8q_rotosolve_s2_20k/seed11111	11579	0	8	0.000623	0.000000	0.000000	0.000000	0.500000	8	1	7	4	4	50.00	rotosolve	CNOT(1->5)	RY(q=1) | RY(q=7) | RY(q=5) | CNOT(1->5)	RY(q=1,θ=+0.180) | RY(q=7,θ=+3.142) | RY(q=5,θ=-3.142) | CNOT(1->5)	"[""RY(q=1)"", ""RY(q=7)"", ""RY(q=5)"", ""CNOT(1->5)""]"
crlqas__L3_CH2_Singlet_8q__L3_CH2_Singlet_8q_rotosolve_s2_20k__seed11111__ep12273__snap0	/home/ubuntu/NeurIPS2026/PSQASBench/results/crlqas/L3_CH2_Singlet_8q/Formal_EXP/L3_CH2_Singlet_8q_rotosolve_s2_20k/seed11111	12273	0	14	0.000623	0.000000	0.000000	0.000000	0.500000	14	3	11	4	10	71.43	rotosolve	RX(q=7)	RY(q=5) | RY(q=1) | CNOT(1->5) | RX(q=7)	RY(q=5,θ=-3.142) | RY(q=1,θ=+0.180) | CNOT(1->5) | RX(q=7,θ=+3.142)	"[""RY(q=5)"", ""RY(q=1)"", ""CNOT(1->5)"", ""RX(q=7)""]"
crlqas__L3_CH2_Singlet_8q__L3_CH2_Singlet_8q_rotosolve_s2_20k__seed11111__ep14132__snap0	/home/ubuntu/NeurIPS2026/PSQASBench/results/crlqas/L3_CH2_Singlet_8q/Formal_EXP/L3_CH2_Singlet_8q_rotosolve_s2_20k/seed11111	14132	0	7	0.000623	0.000000	0.000000	0.000000	0.500000	7	2	5	4	3	42.86	rotosolve	CNOT(1->5)	RY(q=1) | RY(q=5) | RX(q=7) | CNOT(1->5)	RY(q=1,θ=+0.180) | RY(q=5,θ=-3.142) | RX(q=7,θ=+3.142) | CNOT(1->5)	"[""RY(q=1)"", ""RY(q=5)"", ""RX(q=7)"", ""CNOT(1->5)""]"
crlqas__L3_CH2_Singlet_8q__L3_CH2_Singlet_8q_rotosolve_s2_20k__seed11111__ep18346__snap0	/home/ubuntu/NeurIPS2026/PSQASBench/results/crlqas/L3_CH2_Singlet_8q/Formal_EXP/L3_CH2_Singlet_8q_rotosolve_s2_20k/seed11111	18346	0	6	0.000623	0.000000	0.000000	0.000000	0.500000	6	1	5	4	2	33.33	rotosolve	CNOT(1->5)	RY(q=5) | RY(q=1) | RY(q=7) | CNOT(1->5)	RY(q=5,θ=-3.142) | RY(q=1,θ=+0.180) | RY(q=7,θ=+3.142) | CNOT(1->5)	"[""RY(q=5)"", ""RY(q=1)"", ""RY(q=7)"", ""CNOT(1->5)""]"
crlqas__L3_CH2_Singlet_8q__L3_CH2_Singlet_8q_rotosolve_s2_20k__seed11111__ep11609__snap0	/home/ubuntu/NeurIPS2026/PSQASBench/results/crlqas/L3_CH2_Singlet_8q/Formal_EXP/L3_CH2_Singlet_8q_rotosolve_s2_20k/seed11111	11609	0	7	0.000623	0.000000	0.000000	0.000000	0.500000	7	2	5	4	3	42.86	rotosolve	CNOT(1->5)	RY(q=1) | RY(q=5) | RX(q=7) | CNOT(1->5)	RY(q=1,θ=+0.180) | RY(q=5,θ=-3.142) | RX(q=7,θ=+3.142) | CNOT(1->5)	"[""RY(q=1)"", ""RY(q=5)"", ""RX(q=7)"", ""CNOT(1->5)""]"
crlqas__L3_CH2_Singlet_8q__L3_CH2_Singlet_8q_rotosolve_s2_20k__seed11111__ep19485__snap0	/home/ubuntu/NeurIPS2026/PSQASBench/results/crlqas/L3_CH2_Singlet_8q/Formal_EXP/L3_CH2_Singlet_8q_rotosolve_s2_20k/seed11111	19485	0	5	0.000623	0.000000	0.000000	0.000000	0.500000	5	2	3	4	1	20.00	rotosolve	CNOT(1->5)	RY(q=1) | RY(q=5) | RX(q=7) | CNOT(1->5)	RY(q=1,θ=+0.180) | RY(q=5,θ=-3.142) | RX(q=7,θ=+3.142) | CNOT(1->5)	"[""RY(q=1)"", ""RY(q=5)"", ""RX(q=7)"", ""CNOT(1->5)""]"
crlqas__L3_CH2_Singlet_8q__L3_CH2_Singlet_8q_rotosolve_s2_20k__seed11111__ep14312__snap0	/home/ubuntu/NeurIPS2026/PSQASBench/results/crlqas/L3_CH2_Singlet_8q/Formal_EXP/L3_CH2_Singlet_8q_rotosolve_s2_20k/seed11111	14312	0	6	0.000623	0.000000	0.000000	0.000000	0.500000	6	1	5	4	2	33.33	rotosolve	CNOT(1->5)	RY(q=1) | RY(q=5) | RY(q=7) | CNOT(1->5)	RY(q=1,θ=+0.180) | RY(q=5,θ=-3.142) | RY(q=7,θ=+3.142) | CNOT(1->5)	"[""RY(q=1)"", ""RY(q=5)"", ""RY(q=7)"", ""CNOT(1->5)""]"
crlqas__L3_CH2_Singlet_8q__L3_CH2_Singlet_8q_rotosolve_s2_20k__seed11111__ep14518__snap0	/home/ubuntu/NeurIPS2026/PSQASBench/results/crlqas/L3_CH2_Singlet_8q/Formal_EXP/L3_CH2_Singlet_8q_rotosolve_s2_20k/seed11111	14518	0	4	0.000623	0.000000	0.000000	0.000000	0.500000	4	2	2	4	0	0.00	rotosolve	CNOT(1->5)	RX(q=7) | RY(q=1) | RY(q=5) | CNOT(1->5)	RX(q=7,θ=-3.142) | RY(q=1,θ=+0.180) | RY(q=5,θ=-3.142) | CNOT(1->5)	"[""RX(q=7)"", ""RY(q=1)"", ""RY(q=5)"", ""CNOT(1->5)""]"
crlqas__L3_CH2_Singlet_8q__L3_CH2_Singlet_8q_rotosolve_s2_20k__seed11111__ep11408__snap0	/home/ubuntu/NeurIPS2026/PSQASBench/results/crlqas/L3_CH2_Singlet_8q/Formal_EXP/L3_CH2_Singlet_8q_rotosolve_s2_20k/seed11111	11408	0	6	0.000623	0.000000	0.000000	0.000000	0.500000	6	2	4	4	2	33.33	rotosolve	CNOT(1->5)	RY(q=1) | RY(q=5) | RX(q=7) | CNOT(1->5)	RY(q=1,θ=+0.180) | RY(q=5,θ=-3.142) | RX(q=7,θ=+3.142) | CNOT(1->5)	"[""RY(q=1)"", ""RY(q=5)"", ""RX(q=7)"", ""CNOT(1->5)""]"
crlqas__L3_CH2_Singlet_8q__L3_CH2_Singlet_8q_rotosolve_s2_20k__seed11111__ep18260__snap0	/home/ubuntu/NeurIPS2026/PSQASBench/results/crlqas/L3_CH2_Singlet_8q/Formal_EXP/L3_CH2_Singlet_8q_rotosolve_s2_20k/seed11111	18260	0	7	0.000623	0.000000	0.000000	0.000000	0.500000	7	2	5	4	3	42.86	rotosolve	CNOT(1->5)	RY(q=1) | RY(q=5) | RX(q=7) | CNOT(1->5)	RY(q=1,θ=+0.180) | RY(q=5,θ=-3.142) | RX(q=7,θ=+3.142) | CNOT(1->5)	"[""RY(q=1)"", ""RY(q=5)"", ""RX(q=7)"", ""CNOT(1->5)""]"
crlqas__L3_CH2_Singlet_8q__L3_CH2_Singlet_8q_rotosolve_s2_20k__seed11111__ep11076__snap0	/home/ubuntu/NeurIPS2026/PSQASBench/results/crlqas/L3_CH2_Singlet_8q/Formal_EXP/L3_CH2_Singlet_8q_rotosolve_s2_20k/seed11111	11076	0	8	0.000623	0.000000	0.000000	0.000000	0.500000	8	2	6	4	4	50.00	rotosolve	CNOT(1->5)	RY(q=1) | RX(q=7) | RY(q=5) | CNOT(1->5)	RY(q=1,θ=+0.180) | RX(q=7,θ=+3.142) | RY(q=5,θ=-3.142) | CNOT(1->5)	"[""RY(q=1)"", ""RX(q=7)"", ""RY(q=5)"", ""CNOT(1->5)""]"
crlqas__L3_CH2_Singlet_8q__L3_CH2_Singlet_8q_rotosolve_s2_20k__seed11111__ep17029__snap0	/home/ubuntu/NeurIPS2026/PSQASBench/results/crlqas/L3_CH2_Singlet_8q/Formal_EXP/L3_CH2_Singlet_8q_rotosolve_s2_20k/seed11111	17029	0	4	0.000623	0.000000	0.000000	0.000000	0.500000	4	1	3	4	0	0.00	rotosolve	CNOT(0->4)	RY(q=4) | RX(q=6) | RY(q=0) | CNOT(0->4)	RY(q=4,θ=-3.142) | RX(q=6,θ=+3.142) | RY(q=0,θ=+0.180) | CNOT(0->4)	"[""RY(q=4)"", ""RX(q=6)"", ""RY(q=0)"", ""CNOT(0->4)""]"
crlqas__L3_CH2_Singlet_8q__L3_CH2_Singlet_8q_rotosolve_s2_20k__seed11111__ep13488__snap0	/home/ubuntu/NeurIPS2026/PSQASBench/results/crlqas/L3_CH2_Singlet_8q/Formal_EXP/L3_CH2_Singlet_8q_rotosolve_s2_20k/seed11111	13488	0	5	0.000623	0.000000	0.000000	0.000000	0.500000	5	1	4	4	1	20.00	rotosolve	CNOT(1->5)	RY(q=1) | RY(q=5) | CNOT(5->7) | CNOT(1->5)	RY(q=1,θ=+0.180) | RY(q=5,θ=-3.142) | CNOT(5->7) | CNOT(1->5)	"[""RY(q=1)"", ""RY(q=5)"", ""CNOT(5->7)"", ""CNOT(1->5)""]"
crlqas__L3_CH2_Singlet_8q__L3_CH2_Singlet_8q_rotosolve_s2_20k__seed11111__ep17262__snap0	/home/ubuntu/NeurIPS2026/PSQASBench/results/crlqas/L3_CH2_Singlet_8q/Formal_EXP/L3_CH2_Singlet_8q_rotosolve_s2_20k/seed11111	17262	0	5	0.000623	0.000000	0.000000	0.000000	0.500000	5	2	3	4	1	20.00	rotosolve	CNOT(1->5)	RY(q=1) | RY(q=5) | RX(q=7) | CNOT(1->5)	RY(q=1,θ=+0.180) | RY(q=5,θ=-3.142) | RX(q=7,θ=+3.142) | CNOT(1->5)	"[""RY(q=1)"", ""RY(q=5)"", ""RX(q=7)"", ""CNOT(1->5)""]"
crlqas__L3_CH2_Singlet_8q__L3_CH2_Singlet_8q_rotosolve_s2_20k__seed11111__ep18073__snap0	/home/ubuntu/NeurIPS2026/PSQASBench/results/crlqas/L3_CH2_Singlet_8q/Formal_EXP/L3_CH2_Singlet_8q_rotosolve_s2_20k/seed11111	18073	0	6	0.000623	0.000000	0.000000	0.000000	0.500000	6	2	4	4	2	33.33	rotosolve	CNOT(1->5)	RY(q=5) | RY(q=1) | RX(q=7) | CNOT(1->5)	RY(q=5,θ=-3.142) | RY(q=1,θ=+0.180) | RX(q=7,θ=+3.142) | CNOT(1->5)	"[""RY(q=5)"", ""RY(q=1)"", ""RX(q=7)"", ""CNOT(1->5)""]"
crlqas__L3_CH2_Singlet_8q__L3_CH2_Singlet_8q_rotosolve_s2_20k__seed11111__ep13354__snap0	/home/ubuntu/NeurIPS2026/PSQASBench/results/crlqas/L3_CH2_Singlet_8q/Formal_EXP/L3_CH2_Singlet_8q_rotosolve_s2_20k/seed11111	13354	0	6	0.000623	0.000000	0.000000	0.000000	0.500000	6	1	5	4	2	33.33	rotosolve	CNOT(1->5)	RY(q=1) | RY(q=7) | RY(q=5) | CNOT(1->5)	RY(q=1,θ=+0.180) | RY(q=7,θ=+3.142) | RY(q=5,θ=-3.142) | CNOT(1->5)	"[""RY(q=1)"", ""RY(q=7)"", ""RY(q=5)"", ""CNOT(1->5)""]"
crlqas__L3_CH2_Singlet_8q__L3_CH2_Singlet_8q_rotosolve_s2_20k__seed11111__ep18818__snap0	/home/ubuntu/NeurIPS2026/PSQASBench/results/crlqas/L3_CH2_Singlet_8q/Formal_EXP/L3_CH2_Singlet_8q_rotosolve_s2_20k/seed11111	18818	0	6	0.000623	0.000000	0.000000	0.000000	0.500000	6	1	5	4	2	33.33	rotosolve	CNOT(1->5)	RY(q=1) | RY(q=5) | CNOT(5->7) | CNOT(1->5)	RY(q=1,θ=+0.180) | RY(q=5,θ=-3.142) | CNOT(5->7) | CNOT(1->5)	"[""RY(q=1)"", ""RY(q=5)"", ""CNOT(5->7)"", ""CNOT(1->5)""]"
crlqas__L3_CH2_Singlet_8q__L3_CH2_Singlet_8q_rotosolve_s2_20k__seed11111__ep17678__snap0	/home/ubuntu/NeurIPS2026/PSQASBench/results/crlqas/L3_CH2_Singlet_8q/Formal_EXP/L3_CH2_Singlet_8q_rotosolve_s2_20k/seed11111	17678	0	12	0.000623	0.000000	0.000000	0.000000	0.500000	12	0	12	4	8	66.67	rotosolve	RY(q=7)	RY(q=5) | RY(q=1) | CNOT(5->1) | RY(q=7)	RY(q=5,θ=+2.961) | RY(q=1,θ=+3.142) | CNOT(5->1) | RY(q=7,θ=+3.142)	"[""RY(q=5)"", ""RY(q=1)"", ""CNOT(5->1)"", ""RY(q=7)""]"
crlqas__L3_CH2_Singlet_8q__L3_CH2_Singlet_8q_rotosolve_s2_20k__seed11111__ep18204__snap0	/home/ubuntu/NeurIPS2026/PSQASBench/results/crlqas/L3_CH2_Singlet_8q/Formal_EXP/L3_CH2_Singlet_8q_rotosolve_s2_20k/seed11111	18204	0	9	0.000623	0.000000	0.000000	0.000000	0.500000	9	2	7	4	5	55.56	rotosolve	CNOT(1->5)	RY(q=1) | RY(q=5) | CNOT(5->7) | CNOT(1->5)	RY(q=1,θ=+0.180) | RY(q=5,θ=-3.142) | CNOT(5->7) | CNOT(1->5)	"[""RY(q=1)"", ""RY(q=5)"", ""CNOT(5->7)"", ""CNOT(1->5)""]"
crlqas__L3_CH2_Singlet_8q__L3_CH2_Singlet_8q_rotosolve_s2_20k__seed11111__ep16997__snap0	/home/ubuntu/NeurIPS2026/PSQASBench/results/crlqas/L3_CH2_Singlet_8q/Formal_EXP/L3_CH2_Singlet_8q_rotosolve_s2_20k/seed11111	16997	0	7	0.000623	0.000000	0.000000	0.000000	0.500000	7	2	5	4	3	42.86	rotosolve	CNOT(1->5)	RY(q=1) | RY(q=7) | RY(q=5) | CNOT(1->5)	RY(q=1,θ=+0.180) | RY(q=7,θ=+3.142) | RY(q=5,θ=-3.142) | CNOT(1->5)	"[""RY(q=1)"", ""RY(q=7)"", ""RY(q=5)"", ""CNOT(1->5)""]"
crlqas__L3_CH2_Singlet_8q__L3_CH2_Singlet_8q_rotosolve_s2_20k__seed11111__ep10390__snap0	/home/ubuntu/NeurIPS2026/PSQASBench/results/crlqas/L3_CH2_Singlet_8q/Formal_EXP/L3_CH2_Singlet_8q_rotosolve_s2_20k/seed11111	10390	0	6	0.000623	0.000000	0.000000	0.000000	0.500000	6	2	4	4	2	33.33	rotosolve	CNOT(1->5)	RY(q=1) | RX(q=7) | RX(q=5) | CNOT(1->5)	RY(q=1,θ=+0.180) | RX(q=7,θ=+3.142) | RX(q=5,θ=-3.142) | CNOT(1->5)	"[""RY(q=1)"", ""RX(q=7)"", ""RX(q=5)"", ""CNOT(1->5)""]"
crlqas__L3_CH2_Singlet_8q__L3_CH2_Singlet_8q_rotosolve_s2_20k__seed11111__ep11540__snap0	/home/ubuntu/NeurIPS2026/PSQASBench/results/crlqas/L3_CH2_Singlet_8q/Formal_EXP/L3_CH2_Singlet_8q_rotosolve_s2_20k/seed11111	11540	0	6	0.000623	0.000000	0.000000	0.000000	0.500000	6	1	5	4	2	33.33	rotosolve	CNOT(1->5)	RY(q=1) | RY(q=7) | RY(q=5) | CNOT(1->5)	RY(q=1,θ=+0.180) | RY(q=7,θ=+3.142) | RY(q=5,θ=-3.142) | CNOT(1->5)	"[""RY(q=1)"", ""RY(q=7)"", ""RY(q=5)"", ""CNOT(1->5)""]"
crlqas__L3_CH2_Singlet_8q__L3_CH2_Singlet_8q_rotosolve_s2_20k__seed11111__ep18176__snap0	/home/ubuntu/NeurIPS2026/PSQASBench/results/crlqas/L3_CH2_Singlet_8q/Formal_EXP/L3_CH2_Singlet_8q_rotosolve_s2_20k/seed11111	18176	0	5	0.000623	0.000000	0.000000	0.000000	0.500000	5	2	3	4	1	20.00	rotosolve	CNOT(1->5)	RY(q=1) | RX(q=7) | RY(q=5) | CNOT(1->5)	RY(q=1,θ=+0.180) | RX(q=7,θ=+3.142) | RY(q=5,θ=-3.142) | CNOT(1->5)	"[""RY(q=1)"", ""RX(q=7)"", ""RY(q=5)"", ""CNOT(1->5)""]"
crlqas__L3_CH2_Singlet_8q__L3_CH2_Singlet_8q_rotosolve_s2_20k__seed11111__ep18010__snap0	/home/ubuntu/NeurIPS2026/PSQASBench/results/crlqas/L3_CH2_Singlet_8q/Formal_EXP/L3_CH2_Singlet_8q_rotosolve_s2_20k/seed11111	18010	0	6	0.000623	0.000000	0.000000	0.000000	0.500000	6	2	4	4	2	33.33	rotosolve	CNOT(1->5)	RY(q=1) | RY(q=5) | RX(q=7) | CNOT(1->5)	RY(q=1,θ=+0.180) | RY(q=5,θ=-3.142) | RX(q=7,θ=+3.142) | CNOT(1->5)	"[""RY(q=1)"", ""RY(q=5)"", ""RX(q=7)"", ""CNOT(1->5)""]"
crlqas__L3_CH2_Singlet_8q__L3_CH2_Singlet_8q_rotosolve_s2_20k__seed11111__ep18421__snap0	/home/ubuntu/NeurIPS2026/PSQASBench/results/crlqas/L3_CH2_Singlet_8q/Formal_EXP/L3_CH2_Singlet_8q_rotosolve_s2_20k/seed11111	18421	0	6	0.000623	0.000000	0.000000	0.000000	0.500000	6	2	4	4	2	33.33	rotosolve	CNOT(1->5)	RY(q=1) | RY(q=5) | RX(q=7) | CNOT(1->5)	RY(q=1,θ=+0.180) | RY(q=5,θ=-3.142) | RX(q=7,θ=+3.142) | CNOT(1->5)	"[""RY(q=1)"", ""RY(q=5)"", ""RX(q=7)"", ""CNOT(1->5)""]"
crlqas__L3_CH2_Singlet_8q__L3_CH2_Singlet_8q_rotosolve_s2_20k__seed11111__ep19116__snap0	/home/ubuntu/NeurIPS2026/PSQASBench/results/crlqas/L3_CH2_Singlet_8q/Formal_EXP/L3_CH2_Singlet_8q_rotosolve_s2_20k/seed11111	19116	0	6	0.000623	0.000000	0.000000	0.000000	0.500000	6	2	4	4	2	33.33	rotosolve	CNOT(1->5)	RX(q=5) | RY(q=1) | RX(q=7) | CNOT(1->5)	RX(q=5,θ=-3.142) | RY(q=1,θ=+0.180) | RX(q=7,θ=+3.142) | CNOT(1->5)	"[""RX(q=5)"", ""RY(q=1)"", ""RX(q=7)"", ""CNOT(1->5)""]"
crlqas__L3_CH2_Singlet_8q__L3_CH2_Singlet_8q_rotosolve_s2_20k__seed11111__ep14301__snap0	/home/ubuntu/NeurIPS2026/PSQASBench/results/crlqas/L3_CH2_Singlet_8q/Formal_EXP/L3_CH2_Singlet_8q_rotosolve_s2_20k/seed11111	14301	0	7	0.000623	0.000000	0.000000	0.000000	0.500000	7	2	5	4	3	42.86	rotosolve	CNOT(1->5)	RY(q=1) | RY(q=5) | RX(q=7) | CNOT(1->5)	RY(q=1,θ=+0.180) | RY(q=5,θ=-3.142) | RX(q=7,θ=+3.142) | CNOT(1->5)	"[""RY(q=1)"", ""RY(q=5)"", ""RX(q=7)"", ""CNOT(1->5)""]"
crlqas__L3_CH2_Singlet_8q__L3_CH2_Singlet_8q_rotosolve_s2_20k__seed11111__ep18422__snap0	/home/ubuntu/NeurIPS2026/PSQASBench/results/crlqas/L3_CH2_Singlet_8q/Formal_EXP/L3_CH2_Singlet_8q_rotosolve_s2_20k/seed11111	18422	0	7	0.000623	0.000000	0.000000	0.000000	0.500000	7	1	6	4	3	42.86	rotosolve	CNOT(1->5)	RY(q=1) | RY(q=7) | RY(q=5) | CNOT(1->5)	RY(q=1,θ=+0.180) | RY(q=7,θ=+3.142) | RY(q=5,θ=-3.142) | CNOT(1->5)	"[""RY(q=1)"", ""RY(q=7)"", ""RY(q=5)"", ""CNOT(1->5)""]"
crlqas__L3_CH2_Singlet_8q__L3_CH2_Singlet_8q_rotosolve_s2_20k__seed11111__ep12540__snap0	/home/ubuntu/NeurIPS2026/PSQASBench/results/crlqas/L3_CH2_Singlet_8q/Formal_EXP/L3_CH2_Singlet_8q_rotosolve_s2_20k/seed11111	12540	0	5	0.000623	0.000000	0.000000	0.000000	0.500000	5	2	3	4	1	20.00	rotosolve	CNOT(1->5)	RY(q=1) | RY(q=5) | RX(q=7) | CNOT(1->5)	RY(q=1,θ=+0.180) | RY(q=5,θ=-3.142) | RX(q=7,θ=+3.142) | CNOT(1->5)	"[""RY(q=1)"", ""RY(q=5)"", ""RX(q=7)"", ""CNOT(1->5)""]"
crlqas__L3_CH2_Singlet_8q__L3_CH2_Singlet_8q_rotosolve_s2_20k__seed11111__ep14582__snap0	/home/ubuntu/NeurIPS2026/PSQASBench/results/crlqas/L3_CH2_Singlet_8q/Formal_EXP/L3_CH2_Singlet_8q_rotosolve_s2_20k/seed11111	14582	0	5	0.000623	0.000000	0.000000	0.000000	0.500000	5	2	3	4	1	20.00	rotosolve	CNOT(1->5)	RY(q=1) | RY(q=5) | RX(q=7) | CNOT(1->5)	RY(q=1,θ=+0.180) | RY(q=5,θ=-3.142) | RX(q=7,θ=+3.142) | CNOT(1->5)	"[""RY(q=1)"", ""RY(q=5)"", ""RX(q=7)"", ""CNOT(1->5)""]"
crlqas__L3_CH2_Singlet_8q__L3_CH2_Singlet_8q_rotosolve_s2_20k__seed11111__ep15179__snap0	/home/ubuntu/NeurIPS2026/PSQASBench/results/crlqas/L3_CH2_Singlet_8q/Formal_EXP/L3_CH2_Singlet_8q_rotosolve_s2_20k/seed11111	15179	0	10	0.000623	0.000000	0.000000	0.000000	0.500000	10	1	9	4	6	60.00	rotosolve	CNOT(1->5)	RY(q=1) | RY(q=5) | RY(q=7) | CNOT(1->5)	RY(q=1,θ=+0.180) | RY(q=5,θ=-3.142) | RY(q=7,θ=+3.142) | CNOT(1->5)	"[""RY(q=1)"", ""RY(q=5)"", ""RY(q=7)"", ""CNOT(1->5)""]"
crlqas__L3_CH2_Singlet_8q__L3_CH2_Singlet_8q_rotosolve_s2_20k__seed11111__ep13845__snap0	/home/ubuntu/NeurIPS2026/PSQASBench/results/crlqas/L3_CH2_Singlet_8q/Formal_EXP/L3_CH2_Singlet_8q_rotosolve_s2_20k/seed11111	13845	0	5	0.000623	0.000000	0.000000	0.000000	0.500000	5	1	4	4	1	20.00	rotosolve	CNOT(0->4)	RX(q=4) | RX(q=6) | RY(q=0) | CNOT(0->4)	RX(q=4,θ=-3.142) | RX(q=6,θ=+3.142) | RY(q=0,θ=+0.180) | CNOT(0->4)	"[""RX(q=4)"", ""RX(q=6)"", ""RY(q=0)"", ""CNOT(0->4)""]"
crlqas__L3_CH2_Singlet_8q__L3_CH2_Singlet_8q_rotosolve_s2_20k__seed11111__ep14424__snap0	/home/ubuntu/NeurIPS2026/PSQASBench/results/crlqas/L3_CH2_Singlet_8q/Formal_EXP/L3_CH2_Singlet_8q_rotosolve_s2_20k/seed11111	14424	0	6	0.000623	0.000000	0.000000	0.000000	0.500000	6	2	4	4	2	33.33	rotosolve	CNOT(1->5)	RY(q=1) | RY(q=5) | RX(q=7) | CNOT(1->5)	RY(q=1,θ=+0.180) | RY(q=5,θ=-3.142) | RX(q=7,θ=+3.142) | CNOT(1->5)	"[""RY(q=1)"", ""RY(q=5)"", ""RX(q=7)"", ""CNOT(1->5)""]"
crlqas__L3_CH2_Singlet_8q__L3_CH2_Singlet_8q_rotosolve_s2_20k__seed11111__ep16147__snap0	/home/ubuntu/NeurIPS2026/PSQASBench/results/crlqas/L3_CH2_Singlet_8q/Formal_EXP/L3_CH2_Singlet_8q_rotosolve_s2_20k/seed11111	16147	0	9	0.000623	0.000000	0.000000	0.000000	0.500000	9	2	7	4	5	55.56	rotosolve	CNOT(1->5)	RY(q=1) | RY(q=7) | RY(q=5) | CNOT(1->5)	RY(q=1,θ=+0.180) | RY(q=7,θ=+3.142) | RY(q=5,θ=-3.142) | CNOT(1->5)	"[""RY(q=1)"", ""RY(q=7)"", ""RY(q=5)"", ""CNOT(1->5)""]"
crlqas__L3_CH2_Singlet_8q__L3_CH2_Singlet_8q_rotosolve_s2_20k__seed11111__ep14831__snap0	/home/ubuntu/NeurIPS2026/PSQASBench/results/crlqas/L3_CH2_Singlet_8q/Formal_EXP/L3_CH2_Singlet_8q_rotosolve_s2_20k/seed11111	14831	0	5	0.000623	0.000000	0.000000	0.000000	0.500000	5	2	3	4	1	20.00	rotosolve	CNOT(1->5)	RY(q=1) | RY(q=5) | RX(q=7) | CNOT(1->5)	RY(q=1,θ=+0.180) | RY(q=5,θ=-3.142) | RX(q=7,θ=+3.142) | CNOT(1->5)	"[""RY(q=1)"", ""RY(q=5)"", ""RX(q=7)"", ""CNOT(1->5)""]"
crlqas__L3_CH2_Singlet_8q__L3_CH2_Singlet_8q_rotosolve_s2_20k__seed11111__ep11503__snap0	/home/ubuntu/NeurIPS2026/PSQASBench/results/crlqas/L3_CH2_Singlet_8q/Formal_EXP/L3_CH2_Singlet_8q_rotosolve_s2_20k/seed11111	11503	0	9	0.000623	0.000000	0.000000	0.000000	0.500000	9	2	7	4	5	55.56	rotosolve	CNOT(1->5)	RY(q=1) | RY(q=5) | RX(q=7) | CNOT(1->5)	RY(q=1,θ=+0.180) | RY(q=5,θ=-3.142) | RX(q=7,θ=+3.142) | CNOT(1->5)	"[""RY(q=1)"", ""RY(q=5)"", ""RX(q=7)"", ""CNOT(1->5)""]"
crlqas__L3_CH2_Singlet_8q__L3_CH2_Singlet_8q_rotosolve_s2_20k__seed11111__ep17306__snap0	/home/ubuntu/NeurIPS2026/PSQASBench/results/crlqas/L3_CH2_Singlet_8q/Formal_EXP/L3_CH2_Singlet_8q_rotosolve_s2_20k/seed11111	17306	0	5	0.000623	0.000000	0.000000	0.000000	0.500000	5	2	3	4	1	20.00	rotosolve	CNOT(1->5)	RY(q=1) | RY(q=5) | RX(q=7) | CNOT(1->5)	RY(q=1,θ=+0.180) | RY(q=5,θ=-3.142) | RX(q=7,θ=+3.142) | CNOT(1->5)	"[""RY(q=1)"", ""RY(q=5)"", ""RX(q=7)"", ""CNOT(1->5)""]"
crlqas__L3_CH2_Singlet_8q__L3_CH2_Singlet_8q_rotosolve_s2_20k__seed11111__ep11364__snap0	/home/ubuntu/NeurIPS2026/PSQASBench/results/crlqas/L3_CH2_Singlet_8q/Formal_EXP/L3_CH2_Singlet_8q_rotosolve_s2_20k/seed11111	11364	0	6	0.000623	0.000000	0.000000	0.000000	0.500000	6	2	4	4	2	33.33	rotosolve	CNOT(1->5)	RY(q=1) | RY(q=5) | RX(q=7) | CNOT(1->5)	RY(q=1,θ=+0.180) | RY(q=5,θ=-3.142) | RX(q=7,θ=+3.142) | CNOT(1->5)	"[""RY(q=1)"", ""RY(q=5)"", ""RX(q=7)"", ""CNOT(1->5)""]"
crlqas__L3_CH2_Singlet_8q__L3_CH2_Singlet_8q_rotosolve_s2_20k__seed11111__ep12361__snap0	/home/ubuntu/NeurIPS2026/PSQASBench/results/crlqas/L3_CH2_Singlet_8q/Formal_EXP/L3_CH2_Singlet_8q_rotosolve_s2_20k/seed11111	12361	0	7	0.000623	0.000000	0.000000	0.000000	0.500000	7	1	6	4	3	42.86	rotosolve	CNOT(1->5)	RY(q=7) | RY(q=1) | RY(q=5) | CNOT(1->5)	RY(q=7,θ=+3.142) | RY(q=1,θ=+0.180) | RY(q=5,θ=-3.142) | CNOT(1->5)	"[""RY(q=7)"", ""RY(q=1)"", ""RY(q=5)"", ""CNOT(1->5)""]"
crlqas__L3_CH2_Singlet_8q__L3_CH2_Singlet_8q_rotosolve_s2_20k__seed11111__ep12758__snap0	/home/ubuntu/NeurIPS2026/PSQASBench/results/crlqas/L3_CH2_Singlet_8q/Formal_EXP/L3_CH2_Singlet_8q_rotosolve_s2_20k/seed11111	12758	0	7	0.000623	0.000000	0.000000	0.000000	0.500000	7	2	5	4	3	42.86	rotosolve	CNOT(1->5)	RY(q=1) | RY(q=5) | RX(q=7) | CNOT(1->5)	RY(q=1,θ=+0.180) | RY(q=5,θ=-3.142) | RX(q=7,θ=+3.142) | CNOT(1->5)	"[""RY(q=1)"", ""RY(q=5)"", ""RX(q=7)"", ""CNOT(1->5)""]"
crlqas__L3_CH2_Singlet_8q__L3_CH2_Singlet_8q_rotosolve_s2_20k__seed11111__ep17283__snap0	/home/ubuntu/NeurIPS2026/PSQASBench/results/crlqas/L3_CH2_Singlet_8q/Formal_EXP/L3_CH2_Singlet_8q_rotosolve_s2_20k/seed11111	17283	0	9	0.000623	0.000000	0.000000	0.000000	0.500000	9	2	7	4	5	55.56	rotosolve	CNOT(1->5)	RY(q=5) | RY(q=1) | RX(q=7) | CNOT(1->5)	RY(q=5,θ=-3.142) | RY(q=1,θ=+0.180) | RX(q=7,θ=+3.142) | CNOT(1->5)	"[""RY(q=5)"", ""RY(q=1)"", ""RX(q=7)"", ""CNOT(1->5)""]"
crlqas__L3_CH2_Singlet_8q__L3_CH2_Singlet_8q_rotosolve_s2_20k__seed11111__ep13290__snap0	/home/ubuntu/NeurIPS2026/PSQASBench/results/crlqas/L3_CH2_Singlet_8q/Formal_EXP/L3_CH2_Singlet_8q_rotosolve_s2_20k/seed11111	13290	0	4	0.000623	0.000000	0.000000	0.000000	0.500000	4	1	3	4	0	0.00	rotosolve	CNOT(1->5)	RY(q=5) | RY(q=1) | CNOT(5->7) | CNOT(1->5)	RY(q=5,θ=-3.142) | RY(q=1,θ=+0.180) | CNOT(5->7) | CNOT(1->5)	"[""RY(q=5)"", ""RY(q=1)"", ""CNOT(5->7)"", ""CNOT(1->5)""]"
crlqas__L3_CH2_Singlet_8q__L3_CH2_Singlet_8q_rotosolve_s2_20k__seed11111__ep16692__snap0	/home/ubuntu/NeurIPS2026/PSQASBench/results/crlqas/L3_CH2_Singlet_8q/Formal_EXP/L3_CH2_Singlet_8q_rotosolve_s2_20k/seed11111	16692	0	4	0.000623	0.000000	0.000000	0.000000	0.500000	4	1	3	4	0	0.00	rotosolve	CNOT(1->5)	RY(q=5) | RY(q=1) | CNOT(5->7) | CNOT(1->5)	RY(q=5,θ=-3.142) | RY(q=1,θ=+0.180) | CNOT(5->7) | CNOT(1->5)	"[""RY(q=5)"", ""RY(q=1)"", ""CNOT(5->7)"", ""CNOT(1->5)""]"
crlqas__L3_CH2_Singlet_8q__L3_CH2_Singlet_8q_rotosolve_s2_20k__seed11111__ep13536__snap0	/home/ubuntu/NeurIPS2026/PSQASBench/results/crlqas/L3_CH2_Singlet_8q/Formal_EXP/L3_CH2_Singlet_8q_rotosolve_s2_20k/seed11111	13536	0	5	0.000623	0.000000	0.000000	0.000000	0.500000	5	1	4	4	1	20.00	rotosolve	CNOT(0->4)	RX(q=6) | RY(q=4) | RY(q=0) | CNOT(0->4)	RX(q=6,θ=+3.142) | RY(q=4,θ=-3.142) | RY(q=0,θ=+0.180) | CNOT(0->4)	"[""RX(q=6)"", ""RY(q=4)"", ""RY(q=0)"", ""CNOT(0->4)""]"
crlqas__L3_CH2_Singlet_8q__L3_CH2_Singlet_8q_rotosolve_s2_20k__seed11111__ep11005__snap0	/home/ubuntu/NeurIPS2026/PSQASBench/results/crlqas/L3_CH2_Singlet_8q/Formal_EXP/L3_CH2_Singlet_8q_rotosolve_s2_20k/seed11111	11005	0	5	0.000623	0.000000	0.000000	0.000000	0.500000	5	1	4	4	1	20.00	rotosolve	CNOT(0->4)	RX(q=6) | RY(q=4) | RY(q=0) | CNOT(0->4)	RX(q=6,θ=+3.142) | RY(q=4,θ=-3.142) | RY(q=0,θ=+0.180) | CNOT(0->4)	"[""RX(q=6)"", ""RY(q=4)"", ""RY(q=0)"", ""CNOT(0->4)""]"
crlqas__L3_CH2_Singlet_8q__L3_CH2_Singlet_8q_rotosolve_s2_20k__seed11111__ep18856__snap0	/home/ubuntu/NeurIPS2026/PSQASBench/results/crlqas/L3_CH2_Singlet_8q/Formal_EXP/L3_CH2_Singlet_8q_rotosolve_s2_20k/seed11111	18856	0	6	0.000623	0.000000	0.000000	0.000000	0.500000	6	2	4	4	2	33.33	rotosolve	CNOT(1->5)	RY(q=1) | RY(q=5) | RX(q=7) | CNOT(1->5)	RY(q=1,θ=+0.180) | RY(q=5,θ=-3.142) | RX(q=7,θ=+3.142) | CNOT(1->5)	"[""RY(q=1)"", ""RY(q=5)"", ""RX(q=7)"", ""CNOT(1->5)""]"
crlqas__L3_CH2_Singlet_8q__L3_CH2_Singlet_8q_rotosolve_s2_20k__seed11111__ep19734__snap0	/home/ubuntu/NeurIPS2026/PSQASBench/results/crlqas/L3_CH2_Singlet_8q/Formal_EXP/L3_CH2_Singlet_8q_rotosolve_s2_20k/seed11111	19734	0	5	0.000623	0.000000	0.000000	0.000000	0.500000	5	2	3	4	1	20.00	rotosolve	CNOT(1->5)	RY(q=1) | RY(q=5) | RX(q=7) | CNOT(1->5)	RY(q=1,θ=+0.180) | RY(q=5,θ=-3.142) | RX(q=7,θ=+3.142) | CNOT(1->5)	"[""RY(q=1)"", ""RY(q=5)"", ""RX(q=7)"", ""CNOT(1->5)""]"
crlqas__L3_CH2_Singlet_8q__L3_CH2_Singlet_8q_rotosolve_s2_20k__seed11111__ep17053__snap0	/home/ubuntu/NeurIPS2026/PSQASBench/results/crlqas/L3_CH2_Singlet_8q/Formal_EXP/L3_CH2_Singlet_8q_rotosolve_s2_20k/seed11111	17053	0	11	0.000623	0.000000	0.000000	0.000000	0.500000	11	2	9	4	7	63.64	rotosolve	CNOT(1->5)	RY(q=5) | RX(q=7) | RY(q=1) | CNOT(1->5)	RY(q=5,θ=-3.142) | RX(q=7,θ=+3.142) | RY(q=1,θ=+0.180) | CNOT(1->5)	"[""RY(q=5)"", ""RX(q=7)"", ""RY(q=1)"", ""CNOT(1->5)""]"
crlqas__L3_CH2_Singlet_8q__L3_CH2_Singlet_8q_rotosolve_s2_20k__seed11111__ep15393__snap0	/home/ubuntu/NeurIPS2026/PSQASBench/results/crlqas/L3_CH2_Singlet_8q/Formal_EXP/L3_CH2_Singlet_8q_rotosolve_s2_20k/seed11111	15393	0	7	0.000623	0.000000	0.000000	0.000000	0.500000	7	1	6	4	3	42.86	rotosolve	CNOT(1->5)	RY(q=1) | RY(q=5) | RY(q=7) | CNOT(1->5)	RY(q=1,θ=+0.180) | RY(q=5,θ=-3.142) | RY(q=7,θ=+3.142) | CNOT(1->5)	"[""RY(q=1)"", ""RY(q=5)"", ""RY(q=7)"", ""CNOT(1->5)""]"
crlqas__L3_CH2_Singlet_8q__L3_CH2_Singlet_8q_rotosolve_s2_20k__seed11111__ep18331__snap0	/home/ubuntu/NeurIPS2026/PSQASBench/results/crlqas/L3_CH2_Singlet_8q/Formal_EXP/L3_CH2_Singlet_8q_rotosolve_s2_20k/seed11111	18331	0	7	0.000623	0.000000	0.000000	0.000000	0.500000	7	1	6	4	3	42.86	rotosolve	CNOT(1->5)	RY(q=1) | RY(q=7) | RY(q=5) | CNOT(1->5)	RY(q=1,θ=+0.180) | RY(q=7,θ=+3.142) | RY(q=5,θ=-3.142) | CNOT(1->5)	"[""RY(q=1)"", ""RY(q=7)"", ""RY(q=5)"", ""CNOT(1->5)""]"
crlqas__L3_CH2_Singlet_8q__L3_CH2_Singlet_8q_rotosolve_s2_20k__seed11111__ep15067__snap0	/home/ubuntu/NeurIPS2026/PSQASBench/results/crlqas/L3_CH2_Singlet_8q/Formal_EXP/L3_CH2_Singlet_8q_rotosolve_s2_20k/seed11111	15067	0	10	0.000623	0.000000	0.000000	0.000000	0.500000	10	1	9	4	6	60.00	rotosolve	CNOT(1->5)	RY(q=1) | RY(q=5) | RY(q=7) | CNOT(1->5)	RY(q=1,θ=+0.180) | RY(q=5,θ=-3.142) | RY(q=7,θ=+3.142) | CNOT(1->5)	"[""RY(q=1)"", ""RY(q=5)"", ""RY(q=7)"", ""CNOT(1->5)""]"
crlqas__L3_CH2_Singlet_8q__L3_CH2_Singlet_8q_rotosolve_s2_20k__seed11111__ep18340__snap0	/home/ubuntu/NeurIPS2026/PSQASBench/results/crlqas/L3_CH2_Singlet_8q/Formal_EXP/L3_CH2_Singlet_8q_rotosolve_s2_20k/seed11111	18340	0	4	0.000623	0.000000	0.000000	0.000000	0.500000	4	2	2	4	0	0.00	rotosolve	CNOT(1->5)	RX(q=5) | RY(q=1) | RX(q=7) | CNOT(1->5)	RX(q=5,θ=-3.142) | RY(q=1,θ=+0.180) | RX(q=7,θ=+3.142) | CNOT(1->5)	"[""RX(q=5)"", ""RY(q=1)"", ""RX(q=7)"", ""CNOT(1->5)""]"
crlqas__L3_CH2_Singlet_8q__L3_CH2_Singlet_8q_rotosolve_s2_20k__seed11111__ep11890__snap0	/home/ubuntu/NeurIPS2026/PSQASBench/results/crlqas/L3_CH2_Singlet_8q/Formal_EXP/L3_CH2_Singlet_8q_rotosolve_s2_20k/seed11111	11890	0	7	0.000623	0.000000	0.000000	0.000000	0.500000	7	2	5	4	3	42.86	rotosolve	CNOT(1->5)	RY(q=5) | RY(q=1) | RX(q=7) | CNOT(1->5)	RY(q=5,θ=-3.142) | RY(q=1,θ=+0.180) | RX(q=7,θ=+3.142) | CNOT(1->5)	"[""RY(q=5)"", ""RY(q=1)"", ""RX(q=7)"", ""CNOT(1->5)""]"
crlqas__L3_CH2_Singlet_8q__L3_CH2_Singlet_8q_rotosolve_s2_20k__seed11111__ep10205__snap0	/home/ubuntu/NeurIPS2026/PSQASBench/results/crlqas/L3_CH2_Singlet_8q/Formal_EXP/L3_CH2_Singlet_8q_rotosolve_s2_20k/seed11111	10205	0	6	0.000623	0.000000	0.000000	0.000000	0.500000	6	2	4	4	2	33.33	rotosolve	CNOT(1->5)	RY(q=1) | RY(q=5) | RX(q=7) | CNOT(1->5)	RY(q=1,θ=+0.180) | RY(q=5,θ=-3.142) | RX(q=7,θ=+3.142) | CNOT(1->5)	"[""RY(q=1)"", ""RY(q=5)"", ""RX(q=7)"", ""CNOT(1->5)""]"
crlqas__L3_CH2_Singlet_8q__L3_CH2_Singlet_8q_rotosolve_s2_20k__seed11111__ep15583__snap0	/home/ubuntu/NeurIPS2026/PSQASBench/results/crlqas/L3_CH2_Singlet_8q/Formal_EXP/L3_CH2_Singlet_8q_rotosolve_s2_20k/seed11111	15583	0	10	0.000623	0.000000	0.000000	0.000000	0.500000	10	2	8	4	6	60.00	rotosolve	CNOT(1->5)	RX(q=5) | RY(q=1) | RY(q=7) | CNOT(1->5)	RX(q=5,θ=-3.142) | RY(q=1,θ=+0.180) | RY(q=7,θ=+3.142) | CNOT(1->5)	"[""RX(q=5)"", ""RY(q=1)"", ""RY(q=7)"", ""CNOT(1->5)""]"
crlqas__L3_CH2_Singlet_8q__L3_CH2_Singlet_8q_rotosolve_s2_20k__seed11111__ep18601__snap0	/home/ubuntu/NeurIPS2026/PSQASBench/results/crlqas/L3_CH2_Singlet_8q/Formal_EXP/L3_CH2_Singlet_8q_rotosolve_s2_20k/seed11111	18601	0	6	0.000623	0.000000	0.000000	0.000000	0.500000	6	2	4	4	2	33.33	rotosolve	CNOT(1->5)	RY(q=1) | RY(q=5) | RX(q=7) | CNOT(1->5)	RY(q=1,θ=+0.180) | RY(q=5,θ=-3.142) | RX(q=7,θ=+3.142) | CNOT(1->5)	"[""RY(q=1)"", ""RY(q=5)"", ""RX(q=7)"", ""CNOT(1->5)""]"
crlqas__L3_CH2_Singlet_8q__L3_CH2_Singlet_8q_rotosolve_s2_20k__seed11111__ep10163__snap0	/home/ubuntu/NeurIPS2026/PSQASBench/results/crlqas/L3_CH2_Singlet_8q/Formal_EXP/L3_CH2_Singlet_8q_rotosolve_s2_20k/seed11111	10163	0	8	0.000623	0.000000	0.000000	0.000000	0.500000	8	2	6	4	4	50.00	rotosolve	CNOT(1->5)	RY(q=1) | RY(q=5) | RX(q=7) | CNOT(1->5)	RY(q=1,θ=+0.180) | RY(q=5,θ=-3.142) | RX(q=7,θ=+3.142) | CNOT(1->5)	"[""RY(q=1)"", ""RY(q=5)"", ""RX(q=7)"", ""CNOT(1->5)""]"
crlqas__L3_CH2_Singlet_8q__L3_CH2_Singlet_8q_rotosolve_s2_20k__seed11111__ep13902__snap0	/home/ubuntu/NeurIPS2026/PSQASBench/results/crlqas/L3_CH2_Singlet_8q/Formal_EXP/L3_CH2_Singlet_8q_rotosolve_s2_20k/seed11111	13902	0	8	0.000623	0.000000	0.000000	0.000000	0.500000	8	1	7	4	4	50.00	rotosolve	CNOT(1->5)	RY(q=5) | RY(q=1) | RY(q=7) | CNOT(1->5)	RY(q=5,θ=-3.142) | RY(q=1,θ=+0.180) | RY(q=7,θ=+3.142) | CNOT(1->5)	"[""RY(q=5)"", ""RY(q=1)"", ""RY(q=7)"", ""CNOT(1->5)""]"
crlqas__L3_CH2_Singlet_8q__L3_CH2_Singlet_8q_rotosolve_s2_20k__seed11111__ep19380__snap0	/home/ubuntu/NeurIPS2026/PSQASBench/results/crlqas/L3_CH2_Singlet_8q/Formal_EXP/L3_CH2_Singlet_8q_rotosolve_s2_20k/seed11111	19380	0	6	0.000623	0.000000	0.000000	0.000000	0.500000	6	2	4	4	2	33.33	rotosolve	CNOT(1->5)	RY(q=1) | RX(q=5) | RX(q=7) | CNOT(1->5)	RY(q=1,θ=+0.180) | RX(q=5,θ=-3.142) | RX(q=7,θ=+3.142) | CNOT(1->5)	"[""RY(q=1)"", ""RX(q=5)"", ""RX(q=7)"", ""CNOT(1->5)""]"
crlqas__L3_CH2_Singlet_8q__L3_CH2_Singlet_8q_rotosolve_s2_20k__seed11111__ep11272__snap0	/home/ubuntu/NeurIPS2026/PSQASBench/results/crlqas/L3_CH2_Singlet_8q/Formal_EXP/L3_CH2_Singlet_8q_rotosolve_s2_20k/seed11111	11272	0	8	0.000623	0.000000	0.000000	0.000000	0.500000	8	2	6	4	4	50.00	rotosolve	CNOT(1->5)	RY(q=1) | RY(q=5) | RX(q=7) | CNOT(1->5)	RY(q=1,θ=+0.180) | RY(q=5,θ=-3.142) | RX(q=7,θ=+3.142) | CNOT(1->5)	"[""RY(q=1)"", ""RY(q=5)"", ""RX(q=7)"", ""CNOT(1->5)""]"
crlqas__L3_CH2_Singlet_8q__L3_CH2_Singlet_8q_rotosolve_s2_20k__seed11111__ep13643__snap0	/home/ubuntu/NeurIPS2026/PSQASBench/results/crlqas/L3_CH2_Singlet_8q/Formal_EXP/L3_CH2_Singlet_8q_rotosolve_s2_20k/seed11111	13643	0	5	0.000623	0.000000	0.000000	0.000000	0.500000	5	2	3	4	1	20.00	rotosolve	CNOT(1->5)	RY(q=1) | RY(q=5) | RX(q=7) | CNOT(1->5)	RY(q=1,θ=+0.180) | RY(q=5,θ=-3.142) | RX(q=7,θ=+3.142) | CNOT(1->5)	"[""RY(q=1)"", ""RY(q=5)"", ""RX(q=7)"", ""CNOT(1->5)""]"
crlqas__L3_CH2_Singlet_8q__L3_CH2_Singlet_8q_rotosolve_s2_20k__seed11111__ep17751__snap0	/home/ubuntu/NeurIPS2026/PSQASBench/results/crlqas/L3_CH2_Singlet_8q/Formal_EXP/L3_CH2_Singlet_8q_rotosolve_s2_20k/seed11111	17751	0	5	0.000623	0.000000	0.000000	0.000000	0.500000	5	1	4	4	1	20.00	rotosolve	CNOT(1->5)	RY(q=1) | RY(q=5) | CNOT(5->7) | CNOT(1->5)	RY(q=1,θ=+0.180) | RY(q=5,θ=-3.142) | CNOT(5->7) | CNOT(1->5)	"[""RY(q=1)"", ""RY(q=5)"", ""CNOT(5->7)"", ""CNOT(1->5)""]"
crlqas__L3_CH2_Singlet_8q__L3_CH2_Singlet_8q_rotosolve_s2_20k__seed11111__ep17070__snap0	/home/ubuntu/NeurIPS2026/PSQASBench/results/crlqas/L3_CH2_Singlet_8q/Formal_EXP/L3_CH2_Singlet_8q_rotosolve_s2_20k/seed11111	17070	0	6	0.000623	0.000000	0.000000	0.000000	0.500000	6	1	5	4	2	33.33	rotosolve	CNOT(1->5)	RY(q=1) | RY(q=7) | RY(q=5) | CNOT(1->5)	RY(q=1,θ=+0.180) | RY(q=7,θ=+3.142) | RY(q=5,θ=-3.142) | CNOT(1->5)	"[""RY(q=1)"", ""RY(q=7)"", ""RY(q=5)"", ""CNOT(1->5)""]"
crlqas__L3_CH2_Singlet_8q__L3_CH2_Singlet_8q_rotosolve_s2_20k__seed11111__ep12242__snap0	/home/ubuntu/NeurIPS2026/PSQASBench/results/crlqas/L3_CH2_Singlet_8q/Formal_EXP/L3_CH2_Singlet_8q_rotosolve_s2_20k/seed11111	12242	0	5	0.000623	0.000000	0.000000	0.000000	0.500000	5	2	3	4	1	20.00	rotosolve	CNOT(1->5)	RY(q=1) | RY(q=5) | RX(q=7) | CNOT(1->5)	RY(q=1,θ=+0.180) | RY(q=5,θ=-3.142) | RX(q=7,θ=+3.142) | CNOT(1->5)	"[""RY(q=1)"", ""RY(q=5)"", ""RX(q=7)"", ""CNOT(1->5)""]"
crlqas__L3_CH2_Singlet_8q__L3_CH2_Singlet_8q_rotosolve_s2_20k__seed11111__ep11249__snap0	/home/ubuntu/NeurIPS2026/PSQASBench/results/crlqas/L3_CH2_Singlet_8q/Formal_EXP/L3_CH2_Singlet_8q_rotosolve_s2_20k/seed11111	11249	0	7	0.000623	0.000000	0.000000	0.000000	0.500000	7	1	6	4	3	42.86	rotosolve	CNOT(0->4)	RY(q=4) | RX(q=6) | RY(q=0) | CNOT(0->4)	RY(q=4,θ=-3.142) | RX(q=6,θ=+3.142) | RY(q=0,θ=+0.180) | CNOT(0->4)	"[""RY(q=4)"", ""RX(q=6)"", ""RY(q=0)"", ""CNOT(0->4)""]"
crlqas__L3_CH2_Singlet_8q__L3_CH2_Singlet_8q_rotosolve_s2_20k__seed11111__ep17435__snap0	/home/ubuntu/NeurIPS2026/PSQASBench/results/crlqas/L3_CH2_Singlet_8q/Formal_EXP/L3_CH2_Singlet_8q_rotosolve_s2_20k/seed11111	17435	0	7	0.000623	0.000000	0.000000	0.000000	0.500000	7	2	5	4	3	42.86	rotosolve	CNOT(1->5)	RY(q=7) | RY(q=1) | RY(q=5) | CNOT(1->5)	RY(q=7,θ=+3.142) | RY(q=1,θ=+0.180) | RY(q=5,θ=-3.142) | CNOT(1->5)	"[""RY(q=7)"", ""RY(q=1)"", ""RY(q=5)"", ""CNOT(1->5)""]"
crlqas__L3_CH2_Singlet_8q__L3_CH2_Singlet_8q_rotosolve_s2_20k__seed11111__ep11294__snap0	/home/ubuntu/NeurIPS2026/PSQASBench/results/crlqas/L3_CH2_Singlet_8q/Formal_EXP/L3_CH2_Singlet_8q_rotosolve_s2_20k/seed11111	11294	0	9	0.000623	0.000000	0.000000	0.000000	0.500000	9	1	8	4	5	55.56	rotosolve	RX(q=7)	RY(q=1) | RY(q=5) | CNOT(5->1) | RX(q=7)	RY(q=1,θ=+3.142) | RY(q=5,θ=+2.961) | CNOT(5->1) | RX(q=7,θ=+3.142)	"[""RY(q=1)"", ""RY(q=5)"", ""CNOT(5->1)"", ""RX(q=7)""]"
crlqas__L3_CH2_Singlet_8q__L3_CH2_Singlet_8q_rotosolve_s2_20k__seed11111__ep13593__snap0	/home/ubuntu/NeurIPS2026/PSQASBench/results/crlqas/L3_CH2_Singlet_8q/Formal_EXP/L3_CH2_Singlet_8q_rotosolve_s2_20k/seed11111	13593	0	6	0.000623	0.000000	0.000000	0.000000	0.500000	6	2	4	4	2	33.33	rotosolve	CNOT(1->5)	RY(q=1) | RY(q=5) | RX(q=7) | CNOT(1->5)	RY(q=1,θ=+0.180) | RY(q=5,θ=-3.142) | RX(q=7,θ=+3.142) | CNOT(1->5)	"[""RY(q=1)"", ""RY(q=5)"", ""RX(q=7)"", ""CNOT(1->5)""]"
crlqas__L3_CH2_Singlet_8q__L3_CH2_Singlet_8q_rotosolve_s2_20k__seed11111__ep11136__snap0	/home/ubuntu/NeurIPS2026/PSQASBench/results/crlqas/L3_CH2_Singlet_8q/Formal_EXP/L3_CH2_Singlet_8q_rotosolve_s2_20k/seed11111	11136	0	4	0.000623	0.000000	0.000000	0.000000	0.500000	4	1	3	4	0	0.00	rotosolve	CNOT(1->5)	RX(q=5) | RY(q=7) | RY(q=1) | CNOT(1->5)	RX(q=5,θ=-3.142) | RY(q=7,θ=+3.142) | RY(q=1,θ=+0.180) | CNOT(1->5)	"[""RX(q=5)"", ""RY(q=7)"", ""RY(q=1)"", ""CNOT(1->5)""]"
crlqas__L3_CH2_Singlet_8q__L3_CH2_Singlet_8q_rotosolve_s2_20k__seed11111__ep12193__snap0	/home/ubuntu/NeurIPS2026/PSQASBench/results/crlqas/L3_CH2_Singlet_8q/Formal_EXP/L3_CH2_Singlet_8q_rotosolve_s2_20k/seed11111	12193	0	20	0.000623	0.000000	0.000000	0.000000	0.500000	20	2	18	4	16	80.00	rotosolve	CNOT(3->7)	RY(q=1) | CNOT(1->5) | RX(q=7) | RY(q=5)	RY(q=1,θ=-0.180) | CNOT(1->5) | RX(q=7,θ=+3.142) | RY(q=5,θ=-3.142)	"[""RY(q=1)"", ""CNOT(1->5)"", ""RX(q=7)"", ""RY(q=5)""]"
crlqas__L3_CH2_Singlet_8q__L3_CH2_Singlet_8q_rotosolve_s2_20k__seed11111__ep19932__snap0	/home/ubuntu/NeurIPS2026/PSQASBench/results/crlqas/L3_CH2_Singlet_8q/Formal_EXP/L3_CH2_Singlet_8q_rotosolve_s2_20k/seed11111	19932	0	6	0.000623	0.000000	0.000000	0.000000	0.500000	6	1	5	4	2	33.33	rotosolve	CNOT(1->5)	RY(q=1) | RY(q=5) | RY(q=7) | CNOT(1->5)	RY(q=1,θ=+0.180) | RY(q=5,θ=-3.142) | RY(q=7,θ=+3.142) | CNOT(1->5)	"[""RY(q=1)"", ""RY(q=5)"", ""RY(q=7)"", ""CNOT(1->5)""]"
crlqas__L3_CH2_Singlet_8q__L3_CH2_Singlet_8q_rotosolve_s2_20k__seed11111__ep15579__snap0	/home/ubuntu/NeurIPS2026/PSQASBench/results/crlqas/L3_CH2_Singlet_8q/Formal_EXP/L3_CH2_Singlet_8q_rotosolve_s2_20k/seed11111	15579	0	4	0.000623	0.000000	0.000000	0.000000	0.500000	4	2	2	4	0	0.00	rotosolve	CNOT(1->5)	RX(q=7) | RY(q=1) | RY(q=5) | CNOT(1->5)	RX(q=7,θ=-3.142) | RY(q=1,θ=+0.180) | RY(q=5,θ=-3.142) | CNOT(1->5)	"[""RX(q=7)"", ""RY(q=1)"", ""RY(q=5)"", ""CNOT(1->5)""]"
crlqas__L3_CH2_Singlet_8q__L3_CH2_Singlet_8q_rotosolve_s2_20k__seed11111__ep18029__snap0	/home/ubuntu/NeurIPS2026/PSQASBench/results/crlqas/L3_CH2_Singlet_8q/Formal_EXP/L3_CH2_Singlet_8q_rotosolve_s2_20k/seed11111	18029	0	6	0.000623	0.000000	0.000000	0.000000	0.500000	6	2	4	4	2	33.33	rotosolve	CNOT(1->5)	RY(q=1) | RY(q=5) | RX(q=7) | CNOT(1->5)	RY(q=1,θ=+0.180) | RY(q=5,θ=-3.142) | RX(q=7,θ=+3.142) | CNOT(1->5)	"[""RY(q=1)"", ""RY(q=5)"", ""RX(q=7)"", ""CNOT(1->5)""]"
crlqas__L3_CH2_Singlet_8q__L3_CH2_Singlet_8q_rotosolve_s2_20k__seed11111__ep13997__snap0	/home/ubuntu/NeurIPS2026/PSQASBench/results/crlqas/L3_CH2_Singlet_8q/Formal_EXP/L3_CH2_Singlet_8q_rotosolve_s2_20k/seed11111	13997	0	8	0.000623	0.000000	0.000000	0.000000	0.500000	8	1	7	4	4	50.00	rotosolve	CNOT(1->5)	RY(q=1) | RY(q=7) | RY(q=5) | CNOT(1->5)	RY(q=1,θ=+0.180) | RY(q=7,θ=+3.142) | RY(q=5,θ=-3.142) | CNOT(1->5)	"[""RY(q=1)"", ""RY(q=7)"", ""RY(q=5)"", ""CNOT(1->5)""]"
crlqas__L3_CH2_Singlet_8q__L3_CH2_Singlet_8q_rotosolve_s2_20k__seed11111__ep19413__snap0	/home/ubuntu/NeurIPS2026/PSQASBench/results/crlqas/L3_CH2_Singlet_8q/Formal_EXP/L3_CH2_Singlet_8q_rotosolve_s2_20k/seed11111	19413	0	6	0.000623	0.000000	0.000000	0.000000	0.500000	6	1	5	4	2	33.33	rotosolve	CNOT(1->5)	RY(q=1) | RY(q=5) | RY(q=7) | CNOT(1->5)	RY(q=1,θ=+0.180) | RY(q=5,θ=-3.142) | RY(q=7,θ=+3.142) | CNOT(1->5)	"[""RY(q=1)"", ""RY(q=5)"", ""RY(q=7)"", ""CNOT(1->5)""]"
crlqas__L3_CH2_Singlet_8q__L3_CH2_Singlet_8q_rotosolve_s2_20k__seed11111__ep14912__snap0	/home/ubuntu/NeurIPS2026/PSQASBench/results/crlqas/L3_CH2_Singlet_8q/Formal_EXP/L3_CH2_Singlet_8q_rotosolve_s2_20k/seed11111	14912	0	6	0.000623	0.000000	0.000000	0.000000	0.500000	6	2	4	4	2	33.33	rotosolve	CNOT(1->5)	RY(q=1) | RY(q=5) | RX(q=7) | CNOT(1->5)	RY(q=1,θ=+0.180) | RY(q=5,θ=-3.142) | RX(q=7,θ=+3.142) | CNOT(1->5)	"[""RY(q=1)"", ""RY(q=5)"", ""RX(q=7)"", ""CNOT(1->5)""]"
crlqas__L3_CH2_Singlet_8q__L3_CH2_Singlet_8q_rotosolve_s2_20k__seed11111__ep11867__snap0	/home/ubuntu/NeurIPS2026/PSQASBench/results/crlqas/L3_CH2_Singlet_8q/Formal_EXP/L3_CH2_Singlet_8q_rotosolve_s2_20k/seed11111	11867	0	13	0.000623	0.000000	0.000000	0.000000	0.500000	13	2	11	4	9	69.23	rotosolve	CNOT(0->4)	RY(q=0) | RY(q=6) | RY(q=4) | CNOT(0->4)	RY(q=0,θ=+0.180) | RY(q=6,θ=+3.142) | RY(q=4,θ=-3.142) | CNOT(0->4)	"[""RY(q=0)"", ""RY(q=6)"", ""RY(q=4)"", ""CNOT(0->4)""]"
crlqas__L3_CH2_Singlet_8q__L3_CH2_Singlet_8q_rotosolve_s2_20k__seed11111__ep19600__snap0	/home/ubuntu/NeurIPS2026/PSQASBench/results/crlqas/L3_CH2_Singlet_8q/Formal_EXP/L3_CH2_Singlet_8q_rotosolve_s2_20k/seed11111	19600	0	6	0.000623	0.000000	0.000000	0.000000	0.500000	6	1	5	4	2	33.33	rotosolve	CNOT(1->5)	RY(q=1) | RY(q=5) | CNOT(5->7) | CNOT(1->5)	RY(q=1,θ=+0.180) | RY(q=5,θ=-3.142) | CNOT(5->7) | CNOT(1->5)	"[""RY(q=1)"", ""RY(q=5)"", ""CNOT(5->7)"", ""CNOT(1->5)""]"
crlqas__L3_CH2_Singlet_8q__L3_CH2_Singlet_8q_rotosolve_s2_20k__seed11111__ep19382__snap0	/home/ubuntu/NeurIPS2026/PSQASBench/results/crlqas/L3_CH2_Singlet_8q/Formal_EXP/L3_CH2_Singlet_8q_rotosolve_s2_20k/seed11111	19382	0	7	0.000623	0.000000	0.000000	0.000000	0.500000	7	2	5	4	3	42.86	rotosolve	CNOT(1->5)	RY(q=1) | RY(q=5) | RY(q=7) | CNOT(1->5)	RY(q=1,θ=+0.180) | RY(q=5,θ=-3.142) | RY(q=7,θ=+3.142) | CNOT(1->5)	"[""RY(q=1)"", ""RY(q=5)"", ""RY(q=7)"", ""CNOT(1->5)""]"
crlqas__L3_CH2_Singlet_8q__L3_CH2_Singlet_8q_rotosolve_s2_20k__seed11111__ep15768__snap0	/home/ubuntu/NeurIPS2026/PSQASBench/results/crlqas/L3_CH2_Singlet_8q/Formal_EXP/L3_CH2_Singlet_8q_rotosolve_s2_20k/seed11111	15768	0	6	0.000623	0.000000	0.000000	0.000000	0.500000	6	1	5	4	2	33.33	rotosolve	CNOT(1->5)	RY(q=7) | RY(q=1) | RY(q=5) | CNOT(1->5)	RY(q=7,θ=+3.142) | RY(q=1,θ=+0.180) | RY(q=5,θ=-3.142) | CNOT(1->5)	"[""RY(q=7)"", ""RY(q=1)"", ""RY(q=5)"", ""CNOT(1->5)""]"
crlqas__L3_CH2_Singlet_8q__L3_CH2_Singlet_8q_rotosolve_s2_20k__seed11111__ep10577__snap0	/home/ubuntu/NeurIPS2026/PSQASBench/results/crlqas/L3_CH2_Singlet_8q/Formal_EXP/L3_CH2_Singlet_8q_rotosolve_s2_20k/seed11111	10577	0	8	0.000623	0.000000	0.000000	0.000000	0.500000	8	2	6	4	4	50.00	rotosolve	CNOT(1->5)	RY(q=5) | RY(q=1) | RX(q=7) | CNOT(1->5)	RY(q=5,θ=-3.142) | RY(q=1,θ=+0.180) | RX(q=7,θ=+3.142) | CNOT(1->5)	"[""RY(q=5)"", ""RY(q=1)"", ""RX(q=7)"", ""CNOT(1->5)""]"
crlqas__L3_CH2_Singlet_8q__L3_CH2_Singlet_8q_rotosolve_s2_20k__seed11111__ep18965__snap0	/home/ubuntu/NeurIPS2026/PSQASBench/results/crlqas/L3_CH2_Singlet_8q/Formal_EXP/L3_CH2_Singlet_8q_rotosolve_s2_20k/seed11111	18965	0	5	0.000623	0.000000	0.000000	0.000000	0.500000	5	2	3	4	1	20.00	rotosolve	CNOT(1->5)	RY(q=1) | RX(q=7) | RY(q=5) | CNOT(1->5)	RY(q=1,θ=+0.180) | RX(q=7,θ=+3.142) | RY(q=5,θ=-3.142) | CNOT(1->5)	"[""RY(q=1)"", ""RX(q=7)"", ""RY(q=5)"", ""CNOT(1->5)""]"
crlqas__L3_CH2_Singlet_8q__L3_CH2_Singlet_8q_rotosolve_s2_20k__seed11111__ep11239__snap0	/home/ubuntu/NeurIPS2026/PSQASBench/results/crlqas/L3_CH2_Singlet_8q/Formal_EXP/L3_CH2_Singlet_8q_rotosolve_s2_20k/seed11111	11239	0	7	0.000623	0.000000	0.000000	0.000000	0.500000	7	2	5	4	3	42.86	rotosolve	CNOT(1->5)	RY(q=1) | RX(q=5) | RX(q=7) | CNOT(1->5)	RY(q=1,θ=+0.180) | RX(q=5,θ=-3.142) | RX(q=7,θ=+3.142) | CNOT(1->5)	"[""RY(q=1)"", ""RX(q=5)"", ""RX(q=7)"", ""CNOT(1->5)""]"
crlqas__L3_CH2_Singlet_8q__L3_CH2_Singlet_8q_rotosolve_s2_20k__seed11111__ep14803__snap0	/home/ubuntu/NeurIPS2026/PSQASBench/results/crlqas/L3_CH2_Singlet_8q/Formal_EXP/L3_CH2_Singlet_8q_rotosolve_s2_20k/seed11111	14803	0	8	0.000623	0.000000	0.000000	0.000000	0.500000	8	2	6	4	4	50.00	rotosolve	CNOT(1->5)	RY(q=1) | RY(q=5) | RX(q=7) | CNOT(1->5)	RY(q=1,θ=+0.180) | RY(q=5,θ=-3.142) | RX(q=7,θ=+3.142) | CNOT(1->5)	"[""RY(q=1)"", ""RY(q=5)"", ""RX(q=7)"", ""CNOT(1->5)""]"
crlqas__L3_CH2_Singlet_8q__L3_CH2_Singlet_8q_rotosolve_s2_20k__seed11111__ep14836__snap0	/home/ubuntu/NeurIPS2026/PSQASBench/results/crlqas/L3_CH2_Singlet_8q/Formal_EXP/L3_CH2_Singlet_8q_rotosolve_s2_20k/seed11111	14836	0	5	0.000623	0.000000	0.000000	0.000000	0.500000	5	2	3	4	1	20.00	rotosolve	CNOT(1->5)	RY(q=1) | RY(q=5) | RX(q=7) | CNOT(1->5)	RY(q=1,θ=+0.180) | RY(q=5,θ=-3.142) | RX(q=7,θ=+3.142) | CNOT(1->5)	"[""RY(q=1)"", ""RY(q=5)"", ""RX(q=7)"", ""CNOT(1->5)""]"
crlqas__L3_CH2_Singlet_8q__L3_CH2_Singlet_8q_rotosolve_s2_20k__seed11111__ep18631__snap0	/home/ubuntu/NeurIPS2026/PSQASBench/results/crlqas/L3_CH2_Singlet_8q/Formal_EXP/L3_CH2_Singlet_8q_rotosolve_s2_20k/seed11111	18631	0	6	0.000623	0.000000	0.000000	0.000000	0.500000	6	2	4	4	2	33.33	rotosolve	CNOT(0->4)	RX(q=4) | RX(q=6) | RY(q=0) | CNOT(0->4)	RX(q=4,θ=-3.142) | RX(q=6,θ=+3.142) | RY(q=0,θ=+0.180) | CNOT(0->4)	"[""RX(q=4)"", ""RX(q=6)"", ""RY(q=0)"", ""CNOT(0->4)""]"
crlqas__L3_CH2_Singlet_8q__L3_CH2_Singlet_8q_rotosolve_s2_20k__seed11111__ep16672__snap0	/home/ubuntu/NeurIPS2026/PSQASBench/results/crlqas/L3_CH2_Singlet_8q/Formal_EXP/L3_CH2_Singlet_8q_rotosolve_s2_20k/seed11111	16672	0	4	0.000623	0.000000	0.000000	0.000000	0.500000	4	2	2	4	0	0.00	rotosolve	CNOT(1->5)	RY(q=5) | RY(q=1) | RX(q=7) | CNOT(1->5)	RY(q=5,θ=-3.142) | RY(q=1,θ=+0.180) | RX(q=7,θ=+3.142) | CNOT(1->5)	"[""RY(q=5)"", ""RY(q=1)"", ""RX(q=7)"", ""CNOT(1->5)""]"
crlqas__L3_CH2_Singlet_8q__L3_CH2_Singlet_8q_rotosolve_s2_20k__seed11111__ep17276__snap0	/home/ubuntu/NeurIPS2026/PSQASBench/results/crlqas/L3_CH2_Singlet_8q/Formal_EXP/L3_CH2_Singlet_8q_rotosolve_s2_20k/seed11111	17276	0	6	0.000623	0.000000	0.000000	0.000000	0.500000	6	1	5	4	2	33.33	rotosolve	CNOT(1->5)	RY(q=1) | RY(q=7) | RY(q=5) | CNOT(1->5)	RY(q=1,θ=+0.180) | RY(q=7,θ=+3.142) | RY(q=5,θ=-3.142) | CNOT(1->5)	"[""RY(q=1)"", ""RY(q=7)"", ""RY(q=5)"", ""CNOT(1->5)""]"
crlqas__L3_CH2_Singlet_8q__L3_CH2_Singlet_8q_rotosolve_s2_20k__seed11111__ep13788__snap0	/home/ubuntu/NeurIPS2026/PSQASBench/results/crlqas/L3_CH2_Singlet_8q/Formal_EXP/L3_CH2_Singlet_8q_rotosolve_s2_20k/seed11111	13788	0	7	0.000623	0.000000	0.000000	0.000000	0.500000	7	2	5	4	3	42.86	rotosolve	CNOT(1->5)	RY(q=1) | RY(q=5) | RX(q=7) | CNOT(1->5)	RY(q=1,θ=+0.180) | RY(q=5,θ=-3.142) | RX(q=7,θ=+3.142) | CNOT(1->5)	"[""RY(q=1)"", ""RY(q=5)"", ""RX(q=7)"", ""CNOT(1->5)""]"
crlqas__L3_CH2_Singlet_8q__L3_CH2_Singlet_8q_rotosolve_s2_20k__seed11111__ep12989__snap0	/home/ubuntu/NeurIPS2026/PSQASBench/results/crlqas/L3_CH2_Singlet_8q/Formal_EXP/L3_CH2_Singlet_8q_rotosolve_s2_20k/seed11111	12989	0	11	0.000623	0.000000	0.000000	0.000000	0.500000	11	3	8	4	7	63.64	rotosolve	CNOT(1->5)	RY(q=5) | RY(q=1) | RX(q=7) | CNOT(1->5)	RY(q=5,θ=-3.142) | RY(q=1,θ=+0.180) | RX(q=7,θ=+3.142) | CNOT(1->5)	"[""RY(q=5)"", ""RY(q=1)"", ""RX(q=7)"", ""CNOT(1->5)""]"
crlqas__L3_CH2_Singlet_8q__L3_CH2_Singlet_8q_rotosolve_s2_20k__seed11111__ep15498__snap0	/home/ubuntu/NeurIPS2026/PSQASBench/results/crlqas/L3_CH2_Singlet_8q/Formal_EXP/L3_CH2_Singlet_8q_rotosolve_s2_20k/seed11111	15498	0	5	0.000623	0.000000	0.000000	0.000000	0.500000	5	2	3	4	1	20.00	rotosolve	CNOT(1->5)	RY(q=1) | RY(q=5) | RX(q=7) | CNOT(1->5)	RY(q=1,θ=+0.180) | RY(q=5,θ=-3.142) | RX(q=7,θ=+3.142) | CNOT(1->5)	"[""RY(q=1)"", ""RY(q=5)"", ""RX(q=7)"", ""CNOT(1->5)""]"
crlqas__L3_CH2_Singlet_8q__L3_CH2_Singlet_8q_rotosolve_s2_20k__seed11111__ep10642__snap0	/home/ubuntu/NeurIPS2026/PSQASBench/results/crlqas/L3_CH2_Singlet_8q/Formal_EXP/L3_CH2_Singlet_8q_rotosolve_s2_20k/seed11111	10642	0	9	0.000623	0.000000	0.000000	0.000000	0.500000	9	2	7	4	5	55.56	rotosolve	CNOT(1->5)	RY(q=1) | RX(q=7) | RY(q=5) | CNOT(1->5)	RY(q=1,θ=+0.180) | RX(q=7,θ=+3.142) | RY(q=5,θ=-3.142) | CNOT(1->5)	"[""RY(q=1)"", ""RX(q=7)"", ""RY(q=5)"", ""CNOT(1->5)""]"
crlqas__L3_CH2_Singlet_8q__L3_CH2_Singlet_8q_rotosolve_s2_20k__seed11111__ep15109__snap0	/home/ubuntu/NeurIPS2026/PSQASBench/results/crlqas/L3_CH2_Singlet_8q/Formal_EXP/L3_CH2_Singlet_8q_rotosolve_s2_20k/seed11111	15109	0	8	0.000623	0.000000	0.000000	0.000000	0.500000	8	1	7	4	4	50.00	rotosolve	CNOT(1->5)	RY(q=1) | RY(q=5) | CNOT(5->7) | CNOT(1->5)	RY(q=1,θ=+0.180) | RY(q=5,θ=-3.142) | CNOT(5->7) | CNOT(1->5)	"[""RY(q=1)"", ""RY(q=5)"", ""CNOT(5->7)"", ""CNOT(1->5)""]"
crlqas__L3_CH2_Singlet_8q__L3_CH2_Singlet_8q_rotosolve_s2_20k__seed11111__ep16785__snap0	/home/ubuntu/NeurIPS2026/PSQASBench/results/crlqas/L3_CH2_Singlet_8q/Formal_EXP/L3_CH2_Singlet_8q_rotosolve_s2_20k/seed11111	16785	0	5	0.000623	0.000000	0.000000	0.000000	0.500000	5	2	3	4	1	20.00	rotosolve	CNOT(1->5)	RY(q=1) | RY(q=5) | RX(q=7) | CNOT(1->5)	RY(q=1,θ=+0.180) | RY(q=5,θ=-3.142) | RX(q=7,θ=+3.142) | CNOT(1->5)	"[""RY(q=1)"", ""RY(q=5)"", ""RX(q=7)"", ""CNOT(1->5)""]"
crlqas__L3_CH2_Singlet_8q__L3_CH2_Singlet_8q_rotosolve_s2_20k__seed11111__ep14718__snap0	/home/ubuntu/NeurIPS2026/PSQASBench/results/crlqas/L3_CH2_Singlet_8q/Formal_EXP/L3_CH2_Singlet_8q_rotosolve_s2_20k/seed11111	14718	0	5	0.000623	0.000000	0.000000	0.000000	0.500000	5	2	3	4	1	20.00	rotosolve	CNOT(1->5)	RY(q=1) | RY(q=5) | RX(q=7) | CNOT(1->5)	RY(q=1,θ=+0.180) | RY(q=5,θ=-3.142) | RX(q=7,θ=+3.142) | CNOT(1->5)	"[""RY(q=1)"", ""RY(q=5)"", ""RX(q=7)"", ""CNOT(1->5)""]"
crlqas__L3_CH2_Singlet_8q__L3_CH2_Singlet_8q_rotosolve_s2_20k__seed11111__ep14484__snap0	/home/ubuntu/NeurIPS2026/PSQASBench/results/crlqas/L3_CH2_Singlet_8q/Formal_EXP/L3_CH2_Singlet_8q_rotosolve_s2_20k/seed11111	14484	0	5	0.000623	0.000000	0.000000	0.000000	0.500000	5	2	3	4	1	20.00	rotosolve	CNOT(1->5)	RY(q=1) | RY(q=5) | RX(q=7) | CNOT(1->5)	RY(q=1,θ=+0.180) | RY(q=5,θ=-3.142) | RX(q=7,θ=+3.142) | CNOT(1->5)	"[""RY(q=1)"", ""RY(q=5)"", ""RX(q=7)"", ""CNOT(1->5)""]"
crlqas__L3_CH2_Singlet_8q__L3_CH2_Singlet_8q_rotosolve_s2_20k__seed11111__ep16433__snap0	/home/ubuntu/NeurIPS2026/PSQASBench/results/crlqas/L3_CH2_Singlet_8q/Formal_EXP/L3_CH2_Singlet_8q_rotosolve_s2_20k/seed11111	16433	0	5	0.000623	0.000000	0.000000	0.000000	0.500000	5	1	4	4	1	20.00	rotosolve	CNOT(1->5)	RY(q=7) | RY(q=1) | RY(q=5) | CNOT(1->5)	RY(q=7,θ=+3.142) | RY(q=1,θ=+0.180) | RY(q=5,θ=-3.142) | CNOT(1->5)	"[""RY(q=7)"", ""RY(q=1)"", ""RY(q=5)"", ""CNOT(1->5)""]"
crlqas__L3_CH2_Singlet_8q__L3_CH2_Singlet_8q_rotosolve_s2_20k__seed11111__ep17892__snap0	/home/ubuntu/NeurIPS2026/PSQASBench/results/crlqas/L3_CH2_Singlet_8q/Formal_EXP/L3_CH2_Singlet_8q_rotosolve_s2_20k/seed11111	17892	0	5	0.000623	0.000000	0.000000	0.000000	0.500000	5	2	3	4	1	20.00	rotosolve	CNOT(1->5)	RY(q=1) | RY(q=5) | RX(q=7) | CNOT(1->5)	RY(q=1,θ=+0.180) | RY(q=5,θ=-3.142) | RX(q=7,θ=+3.142) | CNOT(1->5)	"[""RY(q=1)"", ""RY(q=5)"", ""RX(q=7)"", ""CNOT(1->5)""]"
crlqas__L3_CH2_Singlet_8q__L3_CH2_Singlet_8q_rotosolve_s2_20k__seed11111__ep11108__snap0	/home/ubuntu/NeurIPS2026/PSQASBench/results/crlqas/L3_CH2_Singlet_8q/Formal_EXP/L3_CH2_Singlet_8q_rotosolve_s2_20k/seed11111	11108	0	5	0.000623	0.000000	0.000000	0.000000	0.500000	5	1	4	4	1	20.00	rotosolve	CNOT(0->4)	RY(q=4) | RX(q=6) | RY(q=0) | CNOT(0->4)	RY(q=4,θ=-3.142) | RX(q=6,θ=+3.142) | RY(q=0,θ=+0.180) | CNOT(0->4)	"[""RY(q=4)"", ""RX(q=6)"", ""RY(q=0)"", ""CNOT(0->4)""]"
crlqas__L3_CH2_Singlet_8q__L3_CH2_Singlet_8q_rotosolve_s2_20k__seed11111__ep15640__snap0	/home/ubuntu/NeurIPS2026/PSQASBench/results/crlqas/L3_CH2_Singlet_8q/Formal_EXP/L3_CH2_Singlet_8q_rotosolve_s2_20k/seed11111	15640	0	5	0.000623	0.000000	0.000000	0.000000	0.500000	5	1	4	4	1	20.00	rotosolve	CNOT(0->4)	RX(q=6) | RY(q=0) | RY(q=4) | CNOT(0->4)	RX(q=6,θ=+3.142) | RY(q=0,θ=+0.180) | RY(q=4,θ=-3.142) | CNOT(0->4)	"[""RX(q=6)"", ""RY(q=0)"", ""RY(q=4)"", ""CNOT(0->4)""]"
crlqas__L3_CH2_Singlet_8q__L3_CH2_Singlet_8q_rotosolve_s2_20k__seed11111__ep12546__snap0	/home/ubuntu/NeurIPS2026/PSQASBench/results/crlqas/L3_CH2_Singlet_8q/Formal_EXP/L3_CH2_Singlet_8q_rotosolve_s2_20k/seed11111	12546	0	6	0.000623	0.000000	0.000000	0.000000	0.500000	6	2	4	4	2	33.33	rotosolve	CNOT(1->5)	RY(q=1) | RY(q=5) | RX(q=7) | CNOT(1->5)	RY(q=1,θ=+0.180) | RY(q=5,θ=-3.142) | RX(q=7,θ=+3.142) | CNOT(1->5)	"[""RY(q=1)"", ""RY(q=5)"", ""RX(q=7)"", ""CNOT(1->5)""]"
crlqas__L3_CH2_Singlet_8q__L3_CH2_Singlet_8q_rotosolve_s2_20k__seed11111__ep15832__snap0	/home/ubuntu/NeurIPS2026/PSQASBench/results/crlqas/L3_CH2_Singlet_8q/Formal_EXP/L3_CH2_Singlet_8q_rotosolve_s2_20k/seed11111	15832	0	4	0.000623	0.000000	0.000000	0.000000	0.500000	4	2	2	4	0	0.00	rotosolve	CNOT(1->5)	RY(q=1) | RY(q=5) | RX(q=7) | CNOT(1->5)	RY(q=1,θ=+0.180) | RY(q=5,θ=-3.142) | RX(q=7,θ=+3.142) | CNOT(1->5)	"[""RY(q=1)"", ""RY(q=5)"", ""RX(q=7)"", ""CNOT(1->5)""]"
crlqas__L3_CH2_Singlet_8q__L3_CH2_Singlet_8q_rotosolve_s2_20k__seed11111__ep19531__snap0	/home/ubuntu/NeurIPS2026/PSQASBench/results/crlqas/L3_CH2_Singlet_8q/Formal_EXP/L3_CH2_Singlet_8q_rotosolve_s2_20k/seed11111	19531	0	5	0.000623	0.000000	0.000000	0.000000	0.500000	5	2	3	4	1	20.00	rotosolve	CNOT(1->5)	RY(q=1) | RX(q=7) | RY(q=5) | CNOT(1->5)	RY(q=1,θ=+0.180) | RX(q=7,θ=+3.142) | RY(q=5,θ=-3.142) | CNOT(1->5)	"[""RY(q=1)"", ""RX(q=7)"", ""RY(q=5)"", ""CNOT(1->5)""]"
crlqas__L3_CH2_Singlet_8q__L3_CH2_Singlet_8q_rotosolve_s2_20k__seed11111__ep16696__snap0	/home/ubuntu/NeurIPS2026/PSQASBench/results/crlqas/L3_CH2_Singlet_8q/Formal_EXP/L3_CH2_Singlet_8q_rotosolve_s2_20k/seed11111	16696	0	7	0.000623	0.000000	0.000000	0.000000	0.500000	7	2	5	4	3	42.86	rotosolve	CNOT(1->5)	RY(q=1) | RY(q=5) | RX(q=7) | CNOT(1->5)	RY(q=1,θ=+0.180) | RY(q=5,θ=-3.142) | RX(q=7,θ=+3.142) | CNOT(1->5)	"[""RY(q=1)"", ""RY(q=5)"", ""RX(q=7)"", ""CNOT(1->5)""]"
crlqas__L3_CH2_Singlet_8q__L3_CH2_Singlet_8q_rotosolve_s2_20k__seed11111__ep13232__snap0	/home/ubuntu/NeurIPS2026/PSQASBench/results/crlqas/L3_CH2_Singlet_8q/Formal_EXP/L3_CH2_Singlet_8q_rotosolve_s2_20k/seed11111	13232	0	5	0.000623	0.000000	0.000000	0.000000	0.500000	5	1	4	4	1	20.00	rotosolve	CNOT(0->4)	RY(q=4) | RY(q=0) | RY(q=6) | CNOT(0->4)	RY(q=4,θ=-3.142) | RY(q=0,θ=+0.180) | RY(q=6,θ=+3.142) | CNOT(0->4)	"[""RY(q=4)"", ""RY(q=0)"", ""RY(q=6)"", ""CNOT(0->4)""]"
crlqas__L3_CH2_Singlet_8q__L3_CH2_Singlet_8q_rotosolve_s2_20k__seed11111__ep15237__snap0	/home/ubuntu/NeurIPS2026/PSQASBench/results/crlqas/L3_CH2_Singlet_8q/Formal_EXP/L3_CH2_Singlet_8q_rotosolve_s2_20k/seed11111	15237	0	5	0.000623	0.000000	0.000000	0.000000	0.500000	5	1	4	4	1	20.00	rotosolve	CNOT(1->5)	RY(q=1) | RY(q=5) | CNOT(5->7) | CNOT(1->5)	RY(q=1,θ=+0.180) | RY(q=5,θ=-3.142) | CNOT(5->7) | CNOT(1->5)	"[""RY(q=1)"", ""RY(q=5)"", ""CNOT(5->7)"", ""CNOT(1->5)""]"
crlqas__L3_CH2_Singlet_8q__L3_CH2_Singlet_8q_rotosolve_s2_20k__seed11111__ep14930__snap0	/home/ubuntu/NeurIPS2026/PSQASBench/results/crlqas/L3_CH2_Singlet_8q/Formal_EXP/L3_CH2_Singlet_8q_rotosolve_s2_20k/seed11111	14930	0	5	0.000623	0.000000	0.000000	0.000000	0.500000	5	2	3	4	1	20.00	rotosolve	CNOT(1->5)	RY(q=1) | RY(q=5) | RX(q=7) | CNOT(1->5)	RY(q=1,θ=+0.180) | RY(q=5,θ=-3.142) | RX(q=7,θ=+3.142) | CNOT(1->5)	"[""RY(q=1)"", ""RY(q=5)"", ""RX(q=7)"", ""CNOT(1->5)""]"
crlqas__L3_CH2_Singlet_8q__L3_CH2_Singlet_8q_rotosolve_s2_20k__seed11111__ep19112__snap0	/home/ubuntu/NeurIPS2026/PSQASBench/results/crlqas/L3_CH2_Singlet_8q/Formal_EXP/L3_CH2_Singlet_8q_rotosolve_s2_20k/seed11111	19112	0	5	0.000623	0.000000	0.000000	0.000000	0.500000	5	2	3	4	1	20.00	rotosolve	CNOT(1->5)	RX(q=7) | RY(q=1) | RY(q=5) | CNOT(1->5)	RX(q=7,θ=+3.142) | RY(q=1,θ=+0.180) | RY(q=5,θ=-3.142) | CNOT(1->5)	"[""RX(q=7)"", ""RY(q=1)"", ""RY(q=5)"", ""CNOT(1->5)""]"
crlqas__L3_CH2_Singlet_8q__L3_CH2_Singlet_8q_rotosolve_s2_20k__seed11111__ep11698__snap0	/home/ubuntu/NeurIPS2026/PSQASBench/results/crlqas/L3_CH2_Singlet_8q/Formal_EXP/L3_CH2_Singlet_8q_rotosolve_s2_20k/seed11111	11698	0	6	0.000623	0.000000	0.000000	0.000000	0.500000	6	1	5	4	2	33.33	rotosolve	CNOT(1->5)	RY(q=1) | RY(q=5) | RY(q=7) | CNOT(1->5)	RY(q=1,θ=+0.180) | RY(q=5,θ=-3.142) | RY(q=7,θ=+3.142) | CNOT(1->5)	"[""RY(q=1)"", ""RY(q=5)"", ""RY(q=7)"", ""CNOT(1->5)""]"
crlqas__L3_CH2_Singlet_8q__L3_CH2_Singlet_8q_rotosolve_s2_20k__seed11111__ep13760__snap0	/home/ubuntu/NeurIPS2026/PSQASBench/results/crlqas/L3_CH2_Singlet_8q/Formal_EXP/L3_CH2_Singlet_8q_rotosolve_s2_20k/seed11111	13760	0	5	0.000623	0.000000	0.000000	0.000000	0.500000	5	2	3	4	1	20.00	rotosolve	CNOT(1->5)	RY(q=1) | RX(q=5) | RX(q=7) | CNOT(1->5)	RY(q=1,θ=+0.180) | RX(q=5,θ=-3.142) | RX(q=7,θ=+3.142) | CNOT(1->5)	"[""RY(q=1)"", ""RX(q=5)"", ""RX(q=7)"", ""CNOT(1->5)""]"
crlqas__L3_CH2_Singlet_8q__L3_CH2_Singlet_8q_rotosolve_s2_20k__seed11111__ep13735__snap0	/home/ubuntu/NeurIPS2026/PSQASBench/results/crlqas/L3_CH2_Singlet_8q/Formal_EXP/L3_CH2_Singlet_8q_rotosolve_s2_20k/seed11111	13735	0	5	0.000623	0.000000	0.000000	0.000000	0.500000	5	1	4	4	1	20.00	rotosolve	CNOT(0->4)	RY(q=6) | RY(q=0) | RX(q=4) | CNOT(0->4)	RY(q=6,θ=+3.142) | RY(q=0,θ=+0.180) | RX(q=4,θ=-3.142) | CNOT(0->4)	"[""RY(q=6)"", ""RY(q=0)"", ""RX(q=4)"", ""CNOT(0->4)""]"
crlqas__L3_CH2_Singlet_8q__L3_CH2_Singlet_8q_rotosolve_s2_20k__seed11111__ep16398__snap0	/home/ubuntu/NeurIPS2026/PSQASBench/results/crlqas/L3_CH2_Singlet_8q/Formal_EXP/L3_CH2_Singlet_8q_rotosolve_s2_20k/seed11111	16398	0	7	0.000623	0.000000	0.000000	0.000000	0.500000	7	1	6	4	3	42.86	rotosolve	CNOT(1->5)	RY(q=7) | RY(q=1) | RY(q=5) | CNOT(1->5)	RY(q=7,θ=+3.142) | RY(q=1,θ=+0.180) | RY(q=5,θ=-3.142) | CNOT(1->5)	"[""RY(q=7)"", ""RY(q=1)"", ""RY(q=5)"", ""CNOT(1->5)""]"
crlqas__L3_CH2_Singlet_8q__L3_CH2_Singlet_8q_rotosolve_s2_20k__seed11111__ep10927__snap0	/home/ubuntu/NeurIPS2026/PSQASBench/results/crlqas/L3_CH2_Singlet_8q/Formal_EXP/L3_CH2_Singlet_8q_rotosolve_s2_20k/seed11111	10927	0	6	0.000623	0.000000	0.000000	0.000000	0.500000	6	1	5	4	2	33.33	rotosolve	CNOT(1->5)	RY(q=5) | RY(q=1) | RY(q=7) | CNOT(1->5)	RY(q=5,θ=-3.142) | RY(q=1,θ=+0.180) | RY(q=7,θ=+3.142) | CNOT(1->5)	"[""RY(q=5)"", ""RY(q=1)"", ""RY(q=7)"", ""CNOT(1->5)""]"
crlqas__L3_CH2_Singlet_8q__L3_CH2_Singlet_8q_rotosolve_s2_20k__seed11111__ep18651__snap0	/home/ubuntu/NeurIPS2026/PSQASBench/results/crlqas/L3_CH2_Singlet_8q/Formal_EXP/L3_CH2_Singlet_8q_rotosolve_s2_20k/seed11111	18651	0	5	0.000623	0.000000	0.000000	0.000000	0.500000	5	1	4	4	1	20.00	rotosolve	CNOT(0->4)	RX(q=6) | RX(q=4) | RY(q=0) | CNOT(0->4)	RX(q=6,θ=+3.142) | RX(q=4,θ=-3.142) | RY(q=0,θ=+0.180) | CNOT(0->4)	"[""RX(q=6)"", ""RX(q=4)"", ""RY(q=0)"", ""CNOT(0->4)""]"
crlqas__L3_CH2_Singlet_8q__L3_CH2_Singlet_8q_rotosolve_s2_20k__seed11111__ep10673__snap0	/home/ubuntu/NeurIPS2026/PSQASBench/results/crlqas/L3_CH2_Singlet_8q/Formal_EXP/L3_CH2_Singlet_8q_rotosolve_s2_20k/seed11111	10673	0	7	0.000623	0.000000	0.000000	0.000000	0.500000	7	1	6	4	3	42.86	rotosolve	CNOT(1->5)	RY(q=1) | RY(q=7) | RY(q=5) | CNOT(1->5)	RY(q=1,θ=+0.180) | RY(q=7,θ=+3.142) | RY(q=5,θ=-3.142) | CNOT(1->5)	"[""RY(q=1)"", ""RY(q=7)"", ""RY(q=5)"", ""CNOT(1->5)""]"
crlqas__L3_CH2_Singlet_8q__L3_CH2_Singlet_8q_rotosolve_s2_20k__seed11111__ep10812__snap0	/home/ubuntu/NeurIPS2026/PSQASBench/results/crlqas/L3_CH2_Singlet_8q/Formal_EXP/L3_CH2_Singlet_8q_rotosolve_s2_20k/seed11111	10812	0	5	0.000623	0.000000	0.000000	0.000000	0.500000	5	1	4	4	1	20.00	rotosolve	CNOT(1->5)	RY(q=7) | RY(q=1) | RY(q=5) | CNOT(1->5)	RY(q=7,θ=+3.142) | RY(q=1,θ=+0.180) | RY(q=5,θ=-3.142) | CNOT(1->5)	"[""RY(q=7)"", ""RY(q=1)"", ""RY(q=5)"", ""CNOT(1->5)""]"
crlqas__L3_CH2_Singlet_8q__L3_CH2_Singlet_8q_rotosolve_s2_20k__seed11111__ep15915__snap0	/home/ubuntu/NeurIPS2026/PSQASBench/results/crlqas/L3_CH2_Singlet_8q/Formal_EXP/L3_CH2_Singlet_8q_rotosolve_s2_20k/seed11111	15915	0	6	0.000623	0.000000	0.000000	0.000000	0.500000	6	2	4	4	2	33.33	rotosolve	CNOT(1->5)	RY(q=1) | RY(q=5) | RX(q=7) | CNOT(1->5)	RY(q=1,θ=+0.180) | RY(q=5,θ=-3.142) | RX(q=7,θ=+3.142) | CNOT(1->5)	"[""RY(q=1)"", ""RY(q=5)"", ""RX(q=7)"", ""CNOT(1->5)""]"
crlqas__L3_CH2_Singlet_8q__L3_CH2_Singlet_8q_rotosolve_s2_20k__seed11111__ep10338__snap0	/home/ubuntu/NeurIPS2026/PSQASBench/results/crlqas/L3_CH2_Singlet_8q/Formal_EXP/L3_CH2_Singlet_8q_rotosolve_s2_20k/seed11111	10338	0	6	0.000623	0.000000	0.000000	0.000000	0.500000	6	2	4	4	2	33.33	rotosolve	CNOT(1->5)	RY(q=1) | RY(q=5) | RX(q=7) | CNOT(1->5)	RY(q=1,θ=+0.180) | RY(q=5,θ=-3.142) | RX(q=7,θ=+3.142) | CNOT(1->5)	"[""RY(q=1)"", ""RY(q=5)"", ""RX(q=7)"", ""CNOT(1->5)""]"
crlqas__L3_CH2_Singlet_8q__L3_CH2_Singlet_8q_rotosolve_s2_20k__seed11111__ep14249__snap0	/home/ubuntu/NeurIPS2026/PSQASBench/results/crlqas/L3_CH2_Singlet_8q/Formal_EXP/L3_CH2_Singlet_8q_rotosolve_s2_20k/seed11111	14249	0	6	0.000623	0.000000	0.000000	0.000000	0.500000	6	1	5	4	2	33.33	rotosolve	CNOT(1->5)	RY(q=1) | RY(q=5) | RY(q=7) | CNOT(1->5)	RY(q=1,θ=+0.180) | RY(q=5,θ=-3.142) | RY(q=7,θ=+3.142) | CNOT(1->5)	"[""RY(q=1)"", ""RY(q=5)"", ""RY(q=7)"", ""CNOT(1->5)""]"
crlqas__L3_CH2_Singlet_8q__L3_CH2_Singlet_8q_rotosolve_s2_20k__seed11111__ep14323__snap0	/home/ubuntu/NeurIPS2026/PSQASBench/results/crlqas/L3_CH2_Singlet_8q/Formal_EXP/L3_CH2_Singlet_8q_rotosolve_s2_20k/seed11111	14323	0	6	0.000623	0.000000	0.000000	0.000000	0.500000	6	2	4	4	2	33.33	rotosolve	CNOT(1->5)	RY(q=1) | RX(q=7) | RY(q=5) | CNOT(1->5)	RY(q=1,θ=+0.180) | RX(q=7,θ=+3.142) | RY(q=5,θ=-3.142) | CNOT(1->5)	"[""RY(q=1)"", ""RX(q=7)"", ""RY(q=5)"", ""CNOT(1->5)""]"
crlqas__L3_CH2_Singlet_8q__L3_CH2_Singlet_8q_rotosolve_s2_20k__seed11111__ep14162__snap0	/home/ubuntu/NeurIPS2026/PSQASBench/results/crlqas/L3_CH2_Singlet_8q/Formal_EXP/L3_CH2_Singlet_8q_rotosolve_s2_20k/seed11111	14162	0	7	0.000623	0.000000	0.000000	0.000000	0.500000	7	3	4	4	3	42.86	rotosolve	CNOT(1->5)	RY(q=1) | RY(q=5) | RX(q=7) | CNOT(1->5)	RY(q=1,θ=+0.180) | RY(q=5,θ=-3.142) | RX(q=7,θ=+3.142) | CNOT(1->5)	"[""RY(q=1)"", ""RY(q=5)"", ""RX(q=7)"", ""CNOT(1->5)""]"
crlqas__L3_CH2_Singlet_8q__L3_CH2_Singlet_8q_rotosolve_s2_20k__seed11111__ep12016__snap0	/home/ubuntu/NeurIPS2026/PSQASBench/results/crlqas/L3_CH2_Singlet_8q/Formal_EXP/L3_CH2_Singlet_8q_rotosolve_s2_20k/seed11111	12016	0	6	0.000623	0.000000	0.000000	0.000000	0.500000	6	1	5	4	2	33.33	rotosolve	CNOT(0->4)	RX(q=4) | RX(q=6) | RY(q=0) | CNOT(0->4)	RX(q=4,θ=-3.142) | RX(q=6,θ=+3.142) | RY(q=0,θ=+0.180) | CNOT(0->4)	"[""RX(q=4)"", ""RX(q=6)"", ""RY(q=0)"", ""CNOT(0->4)""]"
crlqas__L3_CH2_Singlet_8q__L3_CH2_Singlet_8q_rotosolve_s2_20k__seed11111__ep19882__snap0	/home/ubuntu/NeurIPS2026/PSQASBench/results/crlqas/L3_CH2_Singlet_8q/Formal_EXP/L3_CH2_Singlet_8q_rotosolve_s2_20k/seed11111	19882	0	6	0.000623	0.000000	0.000000	0.000000	0.500000	6	2	4	4	2	33.33	rotosolve	CNOT(1->5)	RY(q=5) | RY(q=1) | RX(q=7) | CNOT(1->5)	RY(q=5,θ=-3.142) | RY(q=1,θ=+0.180) | RX(q=7,θ=+3.142) | CNOT(1->5)	"[""RY(q=5)"", ""RY(q=1)"", ""RX(q=7)"", ""CNOT(1->5)""]"
crlqas__L3_CH2_Singlet_8q__L3_CH2_Singlet_8q_rotosolve_s2_20k__seed11111__ep16717__snap0	/home/ubuntu/NeurIPS2026/PSQASBench/results/crlqas/L3_CH2_Singlet_8q/Formal_EXP/L3_CH2_Singlet_8q_rotosolve_s2_20k/seed11111	16717	0	6	0.000623	0.000000	0.000000	0.000000	0.500000	6	1	5	4	2	33.33	rotosolve	CNOT(0->4)	RY(q=4) | RX(q=6) | RY(q=0) | CNOT(0->4)	RY(q=4,θ=-3.142) | RX(q=6,θ=+3.142) | RY(q=0,θ=+0.180) | CNOT(0->4)	"[""RY(q=4)"", ""RX(q=6)"", ""RY(q=0)"", ""CNOT(0->4)""]"
crlqas__L3_CH2_Singlet_8q__L3_CH2_Singlet_8q_rotosolve_s2_20k__seed11111__ep11561__snap0	/home/ubuntu/NeurIPS2026/PSQASBench/results/crlqas/L3_CH2_Singlet_8q/Formal_EXP/L3_CH2_Singlet_8q_rotosolve_s2_20k/seed11111	11561	0	5	0.000623	0.000000	0.000000	0.000000	0.500000	5	2	3	4	1	20.00	rotosolve	CNOT(1->5)	RY(q=1) | RY(q=5) | RX(q=7) | CNOT(1->5)	RY(q=1,θ=+0.180) | RY(q=5,θ=-3.142) | RX(q=7,θ=+3.142) | CNOT(1->5)	"[""RY(q=1)"", ""RY(q=5)"", ""RX(q=7)"", ""CNOT(1->5)""]"
crlqas__L3_CH2_Singlet_8q__L3_CH2_Singlet_8q_rotosolve_s2_20k__seed11111__ep17827__snap0	/home/ubuntu/NeurIPS2026/PSQASBench/results/crlqas/L3_CH2_Singlet_8q/Formal_EXP/L3_CH2_Singlet_8q_rotosolve_s2_20k/seed11111	17827	0	5	0.000623	0.000000	0.000000	0.000000	0.500000	5	1	4	4	1	20.00	rotosolve	CNOT(1->5)	RY(q=1) | RY(q=5) | CNOT(5->7) | CNOT(1->5)	RY(q=1,θ=+0.180) | RY(q=5,θ=-3.142) | CNOT(5->7) | CNOT(1->5)	"[""RY(q=1)"", ""RY(q=5)"", ""CNOT(5->7)"", ""CNOT(1->5)""]"
crlqas__L3_CH2_Singlet_8q__L3_CH2_Singlet_8q_rotosolve_s2_20k__seed11111__ep15697__snap0	/home/ubuntu/NeurIPS2026/PSQASBench/results/crlqas/L3_CH2_Singlet_8q/Formal_EXP/L3_CH2_Singlet_8q_rotosolve_s2_20k/seed11111	15697	0	6	0.000623	0.000000	0.000000	0.000000	0.500000	6	1	5	4	2	33.33	rotosolve	CNOT(1->5)	RY(q=1) | RY(q=7) | RY(q=5) | CNOT(1->5)	RY(q=1,θ=+0.180) | RY(q=7,θ=+3.142) | RY(q=5,θ=-3.142) | CNOT(1->5)	"[""RY(q=1)"", ""RY(q=7)"", ""RY(q=5)"", ""CNOT(1->5)""]"
crlqas__L3_CH2_Singlet_8q__L3_CH2_Singlet_8q_rotosolve_s2_20k__seed11111__ep19999__snap0	/home/ubuntu/NeurIPS2026/PSQASBench/results/crlqas/L3_CH2_Singlet_8q/Formal_EXP/L3_CH2_Singlet_8q_rotosolve_s2_20k/seed11111	19999	0	5	0.000623	0.000000	0.000000	0.000000	0.500000	5	1	4	4	1	20.00	rotosolve	CNOT(1->5)	RY(q=1) | RY(q=7) | RY(q=5) | CNOT(1->5)	RY(q=1,θ=+0.180) | RY(q=7,θ=+3.142) | RY(q=5,θ=-3.142) | CNOT(1->5)	"[""RY(q=1)"", ""RY(q=7)"", ""RY(q=5)"", ""CNOT(1->5)""]"
crlqas__L3_CH2_Singlet_8q__L3_CH2_Singlet_8q_rotosolve_s2_20k__seed11111__ep10294__snap0	/home/ubuntu/NeurIPS2026/PSQASBench/results/crlqas/L3_CH2_Singlet_8q/Formal_EXP/L3_CH2_Singlet_8q_rotosolve_s2_20k/seed11111	10294	0	6	0.000623	0.000000	0.000000	0.000000	0.500000	6	2	4	4	2	33.33	rotosolve	CNOT(1->5)	RY(q=1) | RY(q=5) | RX(q=7) | CNOT(1->5)	RY(q=1,θ=+0.180) | RY(q=5,θ=-3.142) | RX(q=7,θ=+3.142) | CNOT(1->5)	"[""RY(q=1)"", ""RY(q=5)"", ""RX(q=7)"", ""CNOT(1->5)""]"
crlqas__L3_CH2_Singlet_8q__L3_CH2_Singlet_8q_rotosolve_s2_20k__seed11111__ep15069__snap0	/home/ubuntu/NeurIPS2026/PSQASBench/results/crlqas/L3_CH2_Singlet_8q/Formal_EXP/L3_CH2_Singlet_8q_rotosolve_s2_20k/seed11111	15069	0	6	0.000623	0.000000	0.000000	0.000000	0.500000	6	1	5	4	2	33.33	rotosolve	CNOT(1->5)	RY(q=5) | RY(q=1) | RY(q=7) | CNOT(1->5)	RY(q=5,θ=-3.142) | RY(q=1,θ=+0.180) | RY(q=7,θ=+3.142) | CNOT(1->5)	"[""RY(q=5)"", ""RY(q=1)"", ""RY(q=7)"", ""CNOT(1->5)""]"
crlqas__L3_CH2_Singlet_8q__L3_CH2_Singlet_8q_rotosolve_s2_20k__seed11111__ep10356__snap0	/home/ubuntu/NeurIPS2026/PSQASBench/results/crlqas/L3_CH2_Singlet_8q/Formal_EXP/L3_CH2_Singlet_8q_rotosolve_s2_20k/seed11111	10356	0	5	0.000623	0.000000	0.000000	0.000000	0.500000	5	1	4	4	1	20.00	rotosolve	CNOT(1->5)	RY(q=1) | RY(q=5) | CNOT(5->7) | CNOT(1->5)	RY(q=1,θ=+0.180) | RY(q=5,θ=-3.142) | CNOT(5->7) | CNOT(1->5)	"[""RY(q=1)"", ""RY(q=5)"", ""CNOT(5->7)"", ""CNOT(1->5)""]"
crlqas__L3_CH2_Singlet_8q__L3_CH2_Singlet_8q_rotosolve_s2_20k__seed11111__ep14900__snap0	/home/ubuntu/NeurIPS2026/PSQASBench/results/crlqas/L3_CH2_Singlet_8q/Formal_EXP/L3_CH2_Singlet_8q_rotosolve_s2_20k/seed11111	14900	0	5	0.000623	0.000000	0.000000	0.000000	0.500000	5	2	3	4	1	20.00	rotosolve	CNOT(1->5)	RY(q=1) | RY(q=5) | RX(q=7) | CNOT(1->5)	RY(q=1,θ=+0.180) | RY(q=5,θ=-3.142) | RX(q=7,θ=+3.142) | CNOT(1->5)	"[""RY(q=1)"", ""RY(q=5)"", ""RX(q=7)"", ""CNOT(1->5)""]"
crlqas__L3_CH2_Singlet_8q__L3_CH2_Singlet_8q_rotosolve_s2_20k__seed11111__ep12049__snap0	/home/ubuntu/NeurIPS2026/PSQASBench/results/crlqas/L3_CH2_Singlet_8q/Formal_EXP/L3_CH2_Singlet_8q_rotosolve_s2_20k/seed11111	12049	0	6	0.000623	0.000000	0.000000	0.000000	0.500000	6	1	5	4	2	33.33	rotosolve	CNOT(1->5)	RY(q=1) | RY(q=7) | RY(q=5) | CNOT(1->5)	RY(q=1,θ=+0.180) | RY(q=7,θ=+3.142) | RY(q=5,θ=-3.142) | CNOT(1->5)	"[""RY(q=1)"", ""RY(q=7)"", ""RY(q=5)"", ""CNOT(1->5)""]"
crlqas__L3_CH2_Singlet_8q__L3_CH2_Singlet_8q_rotosolve_s2_20k__seed11111__ep14186__snap0	/home/ubuntu/NeurIPS2026/PSQASBench/results/crlqas/L3_CH2_Singlet_8q/Formal_EXP/L3_CH2_Singlet_8q_rotosolve_s2_20k/seed11111	14186	0	6	0.000623	0.000000	0.000000	0.000000	0.500000	6	1	5	4	2	33.33	rotosolve	CNOT(1->5)	RY(q=5) | RY(q=1) | CNOT(5->7) | CNOT(1->5)	RY(q=5,θ=-3.142) | RY(q=1,θ=+0.180) | CNOT(5->7) | CNOT(1->5)	"[""RY(q=5)"", ""RY(q=1)"", ""CNOT(5->7)"", ""CNOT(1->5)""]"
crlqas__L3_CH2_Singlet_8q__L3_CH2_Singlet_8q_rotosolve_s2_20k__seed11111__ep12452__snap0	/home/ubuntu/NeurIPS2026/PSQASBench/results/crlqas/L3_CH2_Singlet_8q/Formal_EXP/L3_CH2_Singlet_8q_rotosolve_s2_20k/seed11111	12452	0	20	0.000623	0.000000	0.000000	0.000000	0.500000	20	3	17	4	16	80.00	rotosolve	CNOT(0->4)	RY(q=0) | RX(q=4) | RX(q=6) | CNOT(0->4)	RY(q=0,θ=+0.180) | RX(q=4,θ=-3.142) | RX(q=6,θ=+3.142) | CNOT(0->4)	"[""RY(q=0)"", ""RX(q=4)"", ""RX(q=6)"", ""CNOT(0->4)""]"
crlqas__L3_CH2_Singlet_8q__L3_CH2_Singlet_8q_rotosolve_s2_20k__seed11111__ep17132__snap0	/home/ubuntu/NeurIPS2026/PSQASBench/results/crlqas/L3_CH2_Singlet_8q/Formal_EXP/L3_CH2_Singlet_8q_rotosolve_s2_20k/seed11111	17132	0	5	0.000623	0.000000	0.000000	0.000000	0.500000	5	2	3	4	1	20.00	rotosolve	CNOT(1->5)	RY(q=1) | RY(q=5) | RX(q=7) | CNOT(1->5)	RY(q=1,θ=+0.180) | RY(q=5,θ=-3.142) | RX(q=7,θ=+3.142) | CNOT(1->5)	"[""RY(q=1)"", ""RY(q=5)"", ""RX(q=7)"", ""CNOT(1->5)""]"
crlqas__L3_CH2_Singlet_8q__L3_CH2_Singlet_8q_rotosolve_s2_20k__seed11111__ep14067__snap0	/home/ubuntu/NeurIPS2026/PSQASBench/results/crlqas/L3_CH2_Singlet_8q/Formal_EXP/L3_CH2_Singlet_8q_rotosolve_s2_20k/seed11111	14067	0	6	0.000623	0.000000	0.000000	0.000000	0.500000	6	2	4	4	2	33.33	rotosolve	CNOT(1->5)	RY(q=1) | RY(q=5) | RX(q=7) | CNOT(1->5)	RY(q=1,θ=+0.180) | RY(q=5,θ=-3.142) | RX(q=7,θ=+3.142) | CNOT(1->5)	"[""RY(q=1)"", ""RY(q=5)"", ""RX(q=7)"", ""CNOT(1->5)""]"
crlqas__L3_CH2_Singlet_8q__L3_CH2_Singlet_8q_rotosolve_s2_20k__seed11111__ep10552__snap0	/home/ubuntu/NeurIPS2026/PSQASBench/results/crlqas/L3_CH2_Singlet_8q/Formal_EXP/L3_CH2_Singlet_8q_rotosolve_s2_20k/seed11111	10552	0	5	0.000623	0.000000	0.000000	0.000000	0.500000	5	2	3	4	1	20.00	rotosolve	CNOT(1->5)	RY(q=1) | RY(q=5) | RX(q=7) | CNOT(1->5)	RY(q=1,θ=+0.180) | RY(q=5,θ=-3.142) | RX(q=7,θ=+3.142) | CNOT(1->5)	"[""RY(q=1)"", ""RY(q=5)"", ""RX(q=7)"", ""CNOT(1->5)""]"
crlqas__L3_CH2_Singlet_8q__L3_CH2_Singlet_8q_rotosolve_s2_20k__seed11111__ep19461__snap0	/home/ubuntu/NeurIPS2026/PSQASBench/results/crlqas/L3_CH2_Singlet_8q/Formal_EXP/L3_CH2_Singlet_8q_rotosolve_s2_20k/seed11111	19461	0	8	0.000623	0.000000	0.000000	0.000000	0.500000	8	1	7	4	4	50.00	rotosolve	CNOT(1->5)	RY(q=1) | RY(q=5) | RY(q=7) | CNOT(1->5)	RY(q=1,θ=+0.180) | RY(q=5,θ=-3.142) | RY(q=7,θ=+3.142) | CNOT(1->5)	"[""RY(q=1)"", ""RY(q=5)"", ""RY(q=7)"", ""CNOT(1->5)""]"
crlqas__L3_CH2_Singlet_8q__L3_CH2_Singlet_8q_rotosolve_s2_20k__seed11111__ep12393__snap0	/home/ubuntu/NeurIPS2026/PSQASBench/results/crlqas/L3_CH2_Singlet_8q/Formal_EXP/L3_CH2_Singlet_8q_rotosolve_s2_20k/seed11111	12393	0	7	0.000623	0.000000	0.000000	0.000000	0.500000	7	1	6	4	3	42.86	rotosolve	CNOT(1->5)	RY(q=7) | RY(q=1) | RY(q=5) | CNOT(1->5)	RY(q=7,θ=+3.142) | RY(q=1,θ=+0.180) | RY(q=5,θ=-3.142) | CNOT(1->5)	"[""RY(q=7)"", ""RY(q=1)"", ""RY(q=5)"", ""CNOT(1->5)""]"
crlqas__L3_CH2_Singlet_8q__L3_CH2_Singlet_8q_rotosolve_s2_20k__seed11111__ep11309__snap0	/home/ubuntu/NeurIPS2026/PSQASBench/results/crlqas/L3_CH2_Singlet_8q/Formal_EXP/L3_CH2_Singlet_8q_rotosolve_s2_20k/seed11111	11309	0	10	0.000623	0.000000	0.000000	0.000000	0.500000	10	2	8	4	6	60.00	rotosolve	CNOT(1->5)	RY(q=1) | RY(q=5) | RX(q=7) | CNOT(1->5)	RY(q=1,θ=+0.180) | RY(q=5,θ=-3.142) | RX(q=7,θ=+3.142) | CNOT(1->5)	"[""RY(q=1)"", ""RY(q=5)"", ""RX(q=7)"", ""CNOT(1->5)""]"
crlqas__L3_CH2_Singlet_8q__L3_CH2_Singlet_8q_rotosolve_s2_20k__seed11111__ep16693__snap0	/home/ubuntu/NeurIPS2026/PSQASBench/results/crlqas/L3_CH2_Singlet_8q/Formal_EXP/L3_CH2_Singlet_8q_rotosolve_s2_20k/seed11111	16693	0	6	0.000623	0.000000	0.000000	0.000000	0.500000	6	1	5	4	2	33.33	rotosolve	CNOT(0->4)	RX(q=4) | RY(q=6) | RY(q=0) | CNOT(0->4)	RX(q=4,θ=-3.142) | RY(q=6,θ=+3.142) | RY(q=0,θ=+0.180) | CNOT(0->4)	"[""RX(q=4)"", ""RY(q=6)"", ""RY(q=0)"", ""CNOT(0->4)""]"
crlqas__L3_CH2_Singlet_8q__L3_CH2_Singlet_8q_rotosolve_s2_20k__seed11111__ep13672__snap0	/home/ubuntu/NeurIPS2026/PSQASBench/results/crlqas/L3_CH2_Singlet_8q/Formal_EXP/L3_CH2_Singlet_8q_rotosolve_s2_20k/seed11111	13672	0	4	0.000623	0.000000	0.000000	0.000000	0.500000	4	1	3	4	0	0.00	rotosolve	CNOT(1->5)	RY(q=5) | RY(q=1) | CNOT(5->7) | CNOT(1->5)	RY(q=5,θ=-3.142) | RY(q=1,θ=+0.180) | CNOT(5->7) | CNOT(1->5)	"[""RY(q=5)"", ""RY(q=1)"", ""CNOT(5->7)"", ""CNOT(1->5)""]"
crlqas__L3_CH2_Singlet_8q__L3_CH2_Singlet_8q_rotosolve_s2_20k__seed11111__ep15200__snap0	/home/ubuntu/NeurIPS2026/PSQASBench/results/crlqas/L3_CH2_Singlet_8q/Formal_EXP/L3_CH2_Singlet_8q_rotosolve_s2_20k/seed11111	15200	0	6	0.000623	0.000000	0.000000	0.000000	0.500000	6	1	5	4	2	33.33	rotosolve	CNOT(1->5)	RY(q=1) | RY(q=5) | RY(q=7) | CNOT(1->5)	RY(q=1,θ=+0.180) | RY(q=5,θ=-3.142) | RY(q=7,θ=+3.142) | CNOT(1->5)	"[""RY(q=1)"", ""RY(q=5)"", ""RY(q=7)"", ""CNOT(1->5)""]"
crlqas__L3_CH2_Singlet_8q__L3_CH2_Singlet_8q_rotosolve_s2_20k__seed11111__ep12831__snap0	/home/ubuntu/NeurIPS2026/PSQASBench/results/crlqas/L3_CH2_Singlet_8q/Formal_EXP/L3_CH2_Singlet_8q_rotosolve_s2_20k/seed11111	12831	0	5	0.000623	0.000000	0.000000	0.000000	0.500000	5	2	3	4	1	20.00	rotosolve	CNOT(1->5)	RY(q=1) | RY(q=5) | RX(q=7) | CNOT(1->5)	RY(q=1,θ=+0.180) | RY(q=5,θ=-3.142) | RX(q=7,θ=+3.142) | CNOT(1->5)	"[""RY(q=1)"", ""RY(q=5)"", ""RX(q=7)"", ""CNOT(1->5)""]"
crlqas__L3_CH2_Singlet_8q__L3_CH2_Singlet_8q_rotosolve_s2_20k__seed11111__ep11767__snap0	/home/ubuntu/NeurIPS2026/PSQASBench/results/crlqas/L3_CH2_Singlet_8q/Formal_EXP/L3_CH2_Singlet_8q_rotosolve_s2_20k/seed11111	11767	0	8	0.000623	0.000000	0.000000	0.000000	0.500000	8	1	7	4	4	50.00	rotosolve	CNOT(1->5)	RY(q=1) | RY(q=5) | RY(q=7) | CNOT(1->5)	RY(q=1,θ=+0.180) | RY(q=5,θ=-3.142) | RY(q=7,θ=+3.142) | CNOT(1->5)	"[""RY(q=1)"", ""RY(q=5)"", ""RY(q=7)"", ""CNOT(1->5)""]"
crlqas__L3_CH2_Singlet_8q__L3_CH2_Singlet_8q_rotosolve_s2_20k__seed11111__ep14911__snap0	/home/ubuntu/NeurIPS2026/PSQASBench/results/crlqas/L3_CH2_Singlet_8q/Formal_EXP/L3_CH2_Singlet_8q_rotosolve_s2_20k/seed11111	14911	0	7	0.000623	0.000000	0.000000	0.000000	0.500000	7	1	6	4	3	42.86	rotosolve	CNOT(1->5)	RY(q=1) | RY(q=5) | RY(q=7) | CNOT(1->5)	RY(q=1,θ=+0.180) | RY(q=5,θ=-3.142) | RY(q=7,θ=+3.142) | CNOT(1->5)	"[""RY(q=1)"", ""RY(q=5)"", ""RY(q=7)"", ""CNOT(1->5)""]"
crlqas__L3_CH2_Singlet_8q__L3_CH2_Singlet_8q_rotosolve_s2_20k__seed11111__ep16180__snap0	/home/ubuntu/NeurIPS2026/PSQASBench/results/crlqas/L3_CH2_Singlet_8q/Formal_EXP/L3_CH2_Singlet_8q_rotosolve_s2_20k/seed11111	16180	0	5	0.000623	0.000000	0.000000	0.000000	0.500000	5	1	4	4	1	20.00	rotosolve	CNOT(1->5)	RY(q=1) | RY(q=5) | CNOT(5->7) | CNOT(1->5)	RY(q=1,θ=+0.180) | RY(q=5,θ=-3.142) | CNOT(5->7) | CNOT(1->5)	"[""RY(q=1)"", ""RY(q=5)"", ""CNOT(5->7)"", ""CNOT(1->5)""]"
crlqas__L3_CH2_Singlet_8q__L3_CH2_Singlet_8q_rotosolve_s2_20k__seed11111__ep12539__snap0	/home/ubuntu/NeurIPS2026/PSQASBench/results/crlqas/L3_CH2_Singlet_8q/Formal_EXP/L3_CH2_Singlet_8q_rotosolve_s2_20k/seed11111	12539	0	4	0.000623	0.000000	0.000000	0.000000	0.500000	4	1	3	4	0	0.00	rotosolve	CNOT(1->5)	RY(q=5) | RY(q=1) | CNOT(5->7) | CNOT(1->5)	RY(q=5,θ=-3.142) | RY(q=1,θ=+0.180) | CNOT(5->7) | CNOT(1->5)	"[""RY(q=5)"", ""RY(q=1)"", ""CNOT(5->7)"", ""CNOT(1->5)""]"
crlqas__L3_CH2_Singlet_8q__L3_CH2_Singlet_8q_rotosolve_s2_20k__seed11111__ep10845__snap0	/home/ubuntu/NeurIPS2026/PSQASBench/results/crlqas/L3_CH2_Singlet_8q/Formal_EXP/L3_CH2_Singlet_8q_rotosolve_s2_20k/seed11111	10845	0	6	0.000623	0.000000	0.000000	0.000000	0.500000	6	2	4	4	2	33.33	rotosolve	CNOT(1->5)	RX(q=5) | RY(q=1) | RX(q=7) | CNOT(1->5)	RX(q=5,θ=-3.142) | RY(q=1,θ=+0.180) | RX(q=7,θ=+3.142) | CNOT(1->5)	"[""RX(q=5)"", ""RY(q=1)"", ""RX(q=7)"", ""CNOT(1->5)""]"
crlqas__L3_CH2_Singlet_8q__L3_CH2_Singlet_8q_rotosolve_s2_20k__seed11111__ep14474__snap0	/home/ubuntu/NeurIPS2026/PSQASBench/results/crlqas/L3_CH2_Singlet_8q/Formal_EXP/L3_CH2_Singlet_8q_rotosolve_s2_20k/seed11111	14474	0	12	0.000623	0.000000	0.000000	0.000000	0.500000	12	2	10	4	8	66.67	rotosolve	CNOT(1->5)	RY(q=1) | RY(q=5) | RY(q=7) | CNOT(1->5)	RY(q=1,θ=+0.180) | RY(q=5,θ=-3.142) | RY(q=7,θ=+3.142) | CNOT(1->5)	"[""RY(q=1)"", ""RY(q=5)"", ""RY(q=7)"", ""CNOT(1->5)""]"
crlqas__L3_CH2_Singlet_8q__L3_CH2_Singlet_8q_rotosolve_s2_20k__seed11111__ep17338__snap0	/home/ubuntu/NeurIPS2026/PSQASBench/results/crlqas/L3_CH2_Singlet_8q/Formal_EXP/L3_CH2_Singlet_8q_rotosolve_s2_20k/seed11111	17338	0	5	0.000623	0.000000	0.000000	0.000000	0.500000	5	2	3	4	1	20.00	rotosolve	CNOT(1->5)	RX(q=7) | RY(q=1) | RY(q=5) | CNOT(1->5)	RX(q=7,θ=+3.142) | RY(q=1,θ=+0.180) | RY(q=5,θ=-3.142) | CNOT(1->5)	"[""RX(q=7)"", ""RY(q=1)"", ""RY(q=5)"", ""CNOT(1->5)""]"
crlqas__L3_CH2_Singlet_8q__L3_CH2_Singlet_8q_rotosolve_s2_20k__seed11111__ep11213__snap0	/home/ubuntu/NeurIPS2026/PSQASBench/results/crlqas/L3_CH2_Singlet_8q/Formal_EXP/L3_CH2_Singlet_8q_rotosolve_s2_20k/seed11111	11213	0	9	0.000623	0.000000	0.000000	0.000000	0.500000	9	2	7	4	5	55.56	rotosolve	RX(q=7)	RY(q=1) | RY(q=5) | CNOT(1->5) | RX(q=7)	RY(q=1,θ=+0.180) | RY(q=5,θ=-3.142) | CNOT(1->5) | RX(q=7,θ=+3.142)	"[""RY(q=1)"", ""RY(q=5)"", ""CNOT(1->5)"", ""RX(q=7)""]"
crlqas__L3_CH2_Singlet_8q__L3_CH2_Singlet_8q_rotosolve_s2_20k__seed11111__ep12031__snap0	/home/ubuntu/NeurIPS2026/PSQASBench/results/crlqas/L3_CH2_Singlet_8q/Formal_EXP/L3_CH2_Singlet_8q_rotosolve_s2_20k/seed11111	12031	0	4	0.000623	0.000000	0.000000	0.000000	0.500000	4	2	2	4	0	0.00	rotosolve	CNOT(1->5)	RX(q=7) | RY(q=1) | RY(q=5) | CNOT(1->5)	RX(q=7,θ=-3.142) | RY(q=1,θ=+0.180) | RY(q=5,θ=-3.142) | CNOT(1->5)	"[""RX(q=7)"", ""RY(q=1)"", ""RY(q=5)"", ""CNOT(1->5)""]"
crlqas__L3_CH2_Singlet_8q__L3_CH2_Singlet_8q_rotosolve_s2_20k__seed11111__ep16714__snap0	/home/ubuntu/NeurIPS2026/PSQASBench/results/crlqas/L3_CH2_Singlet_8q/Formal_EXP/L3_CH2_Singlet_8q_rotosolve_s2_20k/seed11111	16714	0	10	0.000623	0.000000	0.000000	0.000000	0.500000	10	1	9	4	6	60.00	rotosolve	CNOT(1->5)	RY(q=1) | RY(q=7) | RY(q=5) | CNOT(1->5)	RY(q=1,θ=+0.180) | RY(q=7,θ=+3.142) | RY(q=5,θ=-3.142) | CNOT(1->5)	"[""RY(q=1)"", ""RY(q=7)"", ""RY(q=5)"", ""CNOT(1->5)""]"
crlqas__L3_CH2_Singlet_8q__L3_CH2_Singlet_8q_rotosolve_s2_20k__seed11111__ep10691__snap0	/home/ubuntu/NeurIPS2026/PSQASBench/results/crlqas/L3_CH2_Singlet_8q/Formal_EXP/L3_CH2_Singlet_8q_rotosolve_s2_20k/seed11111	10691	0	8	0.000623	0.000000	0.000000	0.000000	0.500000	8	2	6	4	4	50.00	rotosolve	CNOT(2->3)	RY(q=1) | RY(q=5) | RX(q=7) | CNOT(1->5)	RY(q=1,θ=+0.180) | RY(q=5,θ=-3.142) | RX(q=7,θ=+3.142) | CNOT(1->5)	"[""RY(q=1)"", ""RY(q=5)"", ""RX(q=7)"", ""CNOT(1->5)""]"
crlqas__L3_CH2_Singlet_8q__L3_CH2_Singlet_8q_rotosolve_s2_20k__seed11111__ep13298__snap0	/home/ubuntu/NeurIPS2026/PSQASBench/results/crlqas/L3_CH2_Singlet_8q/Formal_EXP/L3_CH2_Singlet_8q_rotosolve_s2_20k/seed11111	13298	0	5	0.000623	0.000000	0.000000	0.000000	0.500000	5	2	3	4	1	20.00	rotosolve	CNOT(1->5)	RY(q=1) | RY(q=5) | RX(q=7) | CNOT(1->5)	RY(q=1,θ=+0.180) | RY(q=5,θ=-3.142) | RX(q=7,θ=+3.142) | CNOT(1->5)	"[""RY(q=1)"", ""RY(q=5)"", ""RX(q=7)"", ""CNOT(1->5)""]"
crlqas__L3_CH2_Singlet_8q__L3_CH2_Singlet_8q_rotosolve_s2_20k__seed11111__ep19304__snap0	/home/ubuntu/NeurIPS2026/PSQASBench/results/crlqas/L3_CH2_Singlet_8q/Formal_EXP/L3_CH2_Singlet_8q_rotosolve_s2_20k/seed11111	19304	0	5	0.000623	0.000000	0.000000	0.000000	0.500000	5	2	3	4	1	20.00	rotosolve	CNOT(1->5)	RY(q=1) | RY(q=5) | RX(q=7) | CNOT(1->5)	RY(q=1,θ=+0.180) | RY(q=5,θ=-3.142) | RX(q=7,θ=+3.142) | CNOT(1->5)	"[""RY(q=1)"", ""RY(q=5)"", ""RX(q=7)"", ""CNOT(1->5)""]"
crlqas__L3_CH2_Singlet_8q__L3_CH2_Singlet_8q_rotosolve_s2_20k__seed11111__ep13740__snap0	/home/ubuntu/NeurIPS2026/PSQASBench/results/crlqas/L3_CH2_Singlet_8q/Formal_EXP/L3_CH2_Singlet_8q_rotosolve_s2_20k/seed11111	13740	0	6	0.000623	0.000000	0.000000	0.000000	0.500000	6	2	4	4	2	33.33	rotosolve	CNOT(1->5)	RY(q=1) | RY(q=5) | RX(q=7) | CNOT(1->5)	RY(q=1,θ=+0.180) | RY(q=5,θ=-3.142) | RX(q=7,θ=+3.142) | CNOT(1->5)	"[""RY(q=1)"", ""RY(q=5)"", ""RX(q=7)"", ""CNOT(1->5)""]"
crlqas__L3_CH2_Singlet_8q__L3_CH2_Singlet_8q_rotosolve_s2_20k__seed11111__ep15523__snap0	/home/ubuntu/NeurIPS2026/PSQASBench/results/crlqas/L3_CH2_Singlet_8q/Formal_EXP/L3_CH2_Singlet_8q_rotosolve_s2_20k/seed11111	15523	0	8	0.000623	0.000000	0.000000	0.000000	0.500000	8	1	7	4	4	50.00	rotosolve	CNOT(1->5)	RY(q=1) | RY(q=5) | RY(q=7) | CNOT(1->5)	RY(q=1,θ=+0.180) | RY(q=5,θ=-3.142) | RY(q=7,θ=+3.142) | CNOT(1->5)	"[""RY(q=1)"", ""RY(q=5)"", ""RY(q=7)"", ""CNOT(1->5)""]"
crlqas__L3_CH2_Singlet_8q__L3_CH2_Singlet_8q_rotosolve_s2_20k__seed11111__ep19699__snap0	/home/ubuntu/NeurIPS2026/PSQASBench/results/crlqas/L3_CH2_Singlet_8q/Formal_EXP/L3_CH2_Singlet_8q_rotosolve_s2_20k/seed11111	19699	0	6	0.000623	0.000000	0.000000	0.000000	0.500000	6	1	5	4	2	33.33	rotosolve	CNOT(1->5)	RY(q=1) | RY(q=5) | RY(q=7) | CNOT(1->5)	RY(q=1,θ=+0.180) | RY(q=5,θ=-3.142) | RY(q=7,θ=+3.142) | CNOT(1->5)	"[""RY(q=1)"", ""RY(q=5)"", ""RY(q=7)"", ""CNOT(1->5)""]"
crlqas__L3_CH2_Singlet_8q__L3_CH2_Singlet_8q_rotosolve_s2_20k__seed11111__ep11656__snap0	/home/ubuntu/NeurIPS2026/PSQASBench/results/crlqas/L3_CH2_Singlet_8q/Formal_EXP/L3_CH2_Singlet_8q_rotosolve_s2_20k/seed11111	11656	0	6	0.000623	0.000000	0.000000	0.000000	0.500000	6	1	5	4	2	33.33	rotosolve	CNOT(1->5)	RY(q=1) | RY(q=5) | RY(q=7) | CNOT(1->5)	RY(q=1,θ=+0.180) | RY(q=5,θ=-3.142) | RY(q=7,θ=+3.142) | CNOT(1->5)	"[""RY(q=1)"", ""RY(q=5)"", ""RY(q=7)"", ""CNOT(1->5)""]"
crlqas__L3_CH2_Singlet_8q__L3_CH2_Singlet_8q_rotosolve_s2_20k__seed11111__ep19811__snap0	/home/ubuntu/NeurIPS2026/PSQASBench/results/crlqas/L3_CH2_Singlet_8q/Formal_EXP/L3_CH2_Singlet_8q_rotosolve_s2_20k/seed11111	19811	0	7	0.000623	0.000000	0.000000	0.000000	0.500000	7	2	5	4	3	42.86	rotosolve	CNOT(1->5)	RY(q=1) | RX(q=7) | RY(q=5) | CNOT(1->5)	RY(q=1,θ=+0.180) | RX(q=7,θ=+3.142) | RY(q=5,θ=-3.142) | CNOT(1->5)	"[""RY(q=1)"", ""RX(q=7)"", ""RY(q=5)"", ""CNOT(1->5)""]"
crlqas__L3_CH2_Singlet_8q__L3_CH2_Singlet_8q_rotosolve_s2_20k__seed11111__ep17668__snap0	/home/ubuntu/NeurIPS2026/PSQASBench/results/crlqas/L3_CH2_Singlet_8q/Formal_EXP/L3_CH2_Singlet_8q_rotosolve_s2_20k/seed11111	17668	0	6	0.000623	0.000000	0.000000	0.000000	0.500000	6	2	4	4	2	33.33	rotosolve	CNOT(1->5)	RY(q=1) | RY(q=5) | RX(q=7) | CNOT(1->5)	RY(q=1,θ=+0.180) | RY(q=5,θ=-3.142) | RX(q=7,θ=+3.142) | CNOT(1->5)	"[""RY(q=1)"", ""RY(q=5)"", ""RX(q=7)"", ""CNOT(1->5)""]"
crlqas__L3_CH2_Singlet_8q__L3_CH2_Singlet_8q_rotosolve_s2_20k__seed11111__ep10385__snap0	/home/ubuntu/NeurIPS2026/PSQASBench/results/crlqas/L3_CH2_Singlet_8q/Formal_EXP/L3_CH2_Singlet_8q_rotosolve_s2_20k/seed11111	10385	0	6	0.000623	0.000000	0.000000	0.000000	0.500000	6	2	4	4	2	33.33	rotosolve	CNOT(1->5)	RY(q=1) | RY(q=5) | RX(q=7) | CNOT(1->5)	RY(q=1,θ=+0.180) | RY(q=5,θ=-3.142) | RX(q=7,θ=+3.142) | CNOT(1->5)	"[""RY(q=1)"", ""RY(q=5)"", ""RX(q=7)"", ""CNOT(1->5)""]"
crlqas__L3_CH2_Singlet_8q__L3_CH2_Singlet_8q_rotosolve_s2_20k__seed11111__ep12407__snap0	/home/ubuntu/NeurIPS2026/PSQASBench/results/crlqas/L3_CH2_Singlet_8q/Formal_EXP/L3_CH2_Singlet_8q_rotosolve_s2_20k/seed11111	12407	0	5	0.000623	0.000000	0.000000	0.000000	0.500000	5	2	3	4	1	20.00	rotosolve	CNOT(1->5)	RY(q=1) | RY(q=5) | RX(q=7) | CNOT(1->5)	RY(q=1,θ=+0.180) | RY(q=5,θ=-3.142) | RX(q=7,θ=+3.142) | CNOT(1->5)	"[""RY(q=1)"", ""RY(q=5)"", ""RX(q=7)"", ""CNOT(1->5)""]"
crlqas__L3_CH2_Singlet_8q__L3_CH2_Singlet_8q_rotosolve_s2_20k__seed11111__ep11911__snap0	/home/ubuntu/NeurIPS2026/PSQASBench/results/crlqas/L3_CH2_Singlet_8q/Formal_EXP/L3_CH2_Singlet_8q_rotosolve_s2_20k/seed11111	11911	0	7	0.000623	0.000000	0.000000	0.000000	0.500000	7	2	5	4	3	42.86	rotosolve	CNOT(1->5)	RY(q=1) | RY(q=5) | RX(q=7) | CNOT(1->5)	RY(q=1,θ=+0.180) | RY(q=5,θ=-3.142) | RX(q=7,θ=+3.142) | CNOT(1->5)	"[""RY(q=1)"", ""RY(q=5)"", ""RX(q=7)"", ""CNOT(1->5)""]"
crlqas__L3_CH2_Singlet_8q__L3_CH2_Singlet_8q_rotosolve_s2_20k__seed11111__ep16486__snap0	/home/ubuntu/NeurIPS2026/PSQASBench/results/crlqas/L3_CH2_Singlet_8q/Formal_EXP/L3_CH2_Singlet_8q_rotosolve_s2_20k/seed11111	16486	0	5	0.000623	0.000000	0.000000	0.000000	0.500000	5	1	4	4	1	20.00	rotosolve	CNOT(0->4)	RX(q=6) | RY(q=0) | RY(q=4) | CNOT(0->4)	RX(q=6,θ=+3.142) | RY(q=0,θ=+0.180) | RY(q=4,θ=-3.142) | CNOT(0->4)	"[""RX(q=6)"", ""RY(q=0)"", ""RY(q=4)"", ""CNOT(0->4)""]"
crlqas__L3_CH2_Singlet_8q__L3_CH2_Singlet_8q_rotosolve_s2_20k__seed11111__ep19708__snap0	/home/ubuntu/NeurIPS2026/PSQASBench/results/crlqas/L3_CH2_Singlet_8q/Formal_EXP/L3_CH2_Singlet_8q_rotosolve_s2_20k/seed11111	19708	0	5	0.000623	0.000000	0.000000	0.000000	0.500000	5	2	3	4	1	20.00	rotosolve	CNOT(1->5)	RY(q=1) | RY(q=5) | RX(q=7) | CNOT(1->5)	RY(q=1,θ=+0.180) | RY(q=5,θ=-3.142) | RX(q=7,θ=+3.142) | CNOT(1->5)	"[""RY(q=1)"", ""RY(q=5)"", ""RX(q=7)"", ""CNOT(1->5)""]"
crlqas__L3_CH2_Singlet_8q__L3_CH2_Singlet_8q_rotosolve_s2_20k__seed11111__ep10581__snap0	/home/ubuntu/NeurIPS2026/PSQASBench/results/crlqas/L3_CH2_Singlet_8q/Formal_EXP/L3_CH2_Singlet_8q_rotosolve_s2_20k/seed11111	10581	0	5	0.000623	0.000000	0.000000	0.000000	0.500000	5	1	4	4	1	20.00	rotosolve	CNOT(0->4)	RY(q=6) | RY(q=4) | RY(q=0) | CNOT(0->4)	RY(q=6,θ=+3.142) | RY(q=4,θ=-3.142) | RY(q=0,θ=+0.180) | CNOT(0->4)	"[""RY(q=6)"", ""RY(q=4)"", ""RY(q=0)"", ""CNOT(0->4)""]"
crlqas__L3_CH2_Singlet_8q__L3_CH2_Singlet_8q_rotosolve_s2_20k__seed11111__ep10701__snap0	/home/ubuntu/NeurIPS2026/PSQASBench/results/crlqas/L3_CH2_Singlet_8q/Formal_EXP/L3_CH2_Singlet_8q_rotosolve_s2_20k/seed11111	10701	0	8	0.000623	0.000000	0.000000	0.000000	0.500000	8	1	7	4	4	50.00	rotosolve	CNOT(1->5)	RY(q=1) | RY(q=5) | RY(q=7) | CNOT(1->5)	RY(q=1,θ=+0.180) | RY(q=5,θ=-3.142) | RY(q=7,θ=+3.142) | CNOT(1->5)	"[""RY(q=1)"", ""RY(q=5)"", ""RY(q=7)"", ""CNOT(1->5)""]"
crlqas__L3_CH2_Singlet_8q__L3_CH2_Singlet_8q_rotosolve_s2_20k__seed11111__ep19878__snap0	/home/ubuntu/NeurIPS2026/PSQASBench/results/crlqas/L3_CH2_Singlet_8q/Formal_EXP/L3_CH2_Singlet_8q_rotosolve_s2_20k/seed11111	19878	0	5	0.000623	0.000000	0.000000	0.000000	0.500000	5	1	4	4	1	20.00	rotosolve	CNOT(0->4)	RX(q=6) | RX(q=4) | RY(q=0) | CNOT(0->4)	RX(q=6,θ=+3.142) | RX(q=4,θ=-3.142) | RY(q=0,θ=+0.180) | CNOT(0->4)	"[""RX(q=6)"", ""RX(q=4)"", ""RY(q=0)"", ""CNOT(0->4)""]"
crlqas__L3_CH2_Singlet_8q__L3_CH2_Singlet_8q_rotosolve_s2_20k__seed11111__ep14755__snap0	/home/ubuntu/NeurIPS2026/PSQASBench/results/crlqas/L3_CH2_Singlet_8q/Formal_EXP/L3_CH2_Singlet_8q_rotosolve_s2_20k/seed11111	14755	0	5	0.000623	0.000000	0.000000	0.000000	0.500000	5	1	4	4	1	20.00	rotosolve	CNOT(1->5)	RY(q=1) | RY(q=7) | RY(q=5) | CNOT(1->5)	RY(q=1,θ=+0.180) | RY(q=7,θ=+3.142) | RY(q=5,θ=-3.142) | CNOT(1->5)	"[""RY(q=1)"", ""RY(q=7)"", ""RY(q=5)"", ""CNOT(1->5)""]"
crlqas__L3_CH2_Singlet_8q__L3_CH2_Singlet_8q_rotosolve_s2_20k__seed11111__ep16295__snap0	/home/ubuntu/NeurIPS2026/PSQASBench/results/crlqas/L3_CH2_Singlet_8q/Formal_EXP/L3_CH2_Singlet_8q_rotosolve_s2_20k/seed11111	16295	0	5	0.000623	0.000000	0.000000	0.000000	0.500000	5	1	4	4	1	20.00	rotosolve	CNOT(1->5)	RY(q=1) | RY(q=7) | RY(q=5) | CNOT(1->5)	RY(q=1,θ=+0.180) | RY(q=7,θ=+3.142) | RY(q=5,θ=-3.142) | CNOT(1->5)	"[""RY(q=1)"", ""RY(q=7)"", ""RY(q=5)"", ""CNOT(1->5)""]"
crlqas__L3_CH2_Singlet_8q__L3_CH2_Singlet_8q_rotosolve_s2_20k__seed11111__ep10267__snap0	/home/ubuntu/NeurIPS2026/PSQASBench/results/crlqas/L3_CH2_Singlet_8q/Formal_EXP/L3_CH2_Singlet_8q_rotosolve_s2_20k/seed11111	10267	0	56	0.000623	0.000000	0.000000	0.000000	0.500000	56	4	52	34	22	39.29	rotosolve	CNOT(1->5)	RY(q=5) | RX(q=7) | CNOT(0->7) | RY(q=6) | CNOT(0->7) | CNOT(0->7) | CNOT(1->6) | CNOT(1->6) | CNOT(2->6) | CNOT(4->5) | CNOT(1->6) | CNOT(1->7) | RZ(q=5) | RX(q=2) | CNOT(2->6) | CNOT(6->7) | CNOT(4->1) | CNOT(6->7) | CNOT(4->1) | CNOT(3->1) | CNOT(4->1) | RY(q=3) | RX(q=4) | RY(q=1) | CNOT(4->1) | CNOT(4->1) | CNOT(0->6) | CNOT(6->1) | CNOT(6->1) | CNOT(6->1) | CNOT(6->1) | CNOT(6->1) | RZ(q=4) | CNOT(1->5)	RY(q=5,θ=-3.142) | RX(q=7,θ=+3.142) | CNOT(0->7) | RY(q=6,θ=-0.000) | CNOT(0->7) | CNOT(0->7) | CNOT(1->6) | CNOT(1->6) | CNOT(2->6) | CNOT(4->5) | CNOT(1->6) | CNOT(1->7) | RZ(q=5,θ=-3.142) | RX(q=2,θ=-0.000) | CNOT(2->6) | CNOT(6->7) | CNOT(4->1) | CNOT(6->7) | CNOT(4->1) | CNOT(3->1) | CNOT(4->1) | RY(q=3,θ=-0.000) | RX(q=4,θ=-0.000) | RY(q=1,θ=+0.180) | CNOT(4->1) | CNOT(4->1) | CNOT(0->6) | CNOT(6->1) | CNOT(6->1) | CNOT(6->1) | CNOT(6->1) | CNOT(6->1) | RZ(q=4,θ=-3.142) | CNOT(1->5)	"[""RY(q=5)"", ""RX(q=7)"", ""CNOT(0->7)"", ""RY(q=6)"", ""CNOT(0->7)"", ""CNOT(0->7)"", ""CNOT(1->6)"", ""CNOT(1->6)"", ""CNOT(2->6)"", ""CNOT(4->5)"", ""CNOT(1->6)"", ""CNOT(1->7)"", ""RZ(q=5)"", ""RX(q=2)"", ""CNOT(2->6)"", ""CNOT(6->7)"", ""CNOT(4->1)"", ""CNOT(6->7)"", ""CNOT(4->1)"", ""CNOT(3->1)"", ""CNOT(4->1)"", ""RY(q=3)"", ""RX(q=4)"", ""RY(q=1)"", ""CNOT(4->1)"", ""CNOT(4->1)"", ""CNOT(0->6)"", ""CNOT(6->1)"", ""CNOT(6->1)"", ""CNOT(6->1)"", ""CNOT(6->1)"", ""CNOT(6->1)"", ""RZ(q=4)"", ""CNOT(1->5)""]"
