scope	bucket	motif_type	motif	count	bucket_episodes	other_count	other_episodes	support_in_bucket	support_elsewhere	lift
ALL	0.13	last_action	RY(q=3)	1	1	566	199999	1.0	0.00283001415007075	353.3551236749117
ALL	0.27	last_action	CNOT(5->4)	6	41	15155	199959	0.14634146341463414	0.07579053706009732	1.9308672176131196
ALL	0.27	last_action	RY(q=5)	2	41	45717	199959	0.04878048780487805	0.22863186953325432	0.21335821600226634
ALL	0.27	last_action	CNOT(4->2)	4	41	531	199959	0.0975609756097561	0.0026555443865992527	36.73859721648064
ALL	0.27	last_action	CNOT(4->1)	1	41	476	199959	0.024390243902439025	0.0023804880000400084	10.245900799344128
ALL	0.27	last_action	CNOT(5->1)	1	41	424	199959	0.024390243902439025	0.0021204346891112676	11.502473538886333
ALL	0.27	last_action	CNOT(5->2)	2	41	523	199959	0.04878048780487805	0.002615536184917908	18.650282143356808
ALL	0.27	last_action	CNOT(1->0)	2	41	321	199959	0.04878048780487805	0.001605329092463955	30.386596763163894
ALL	0.27	last_action	RY(q=3)	1	41	566	199959	0.024390243902439025	0.002830580268955136	8.616693958459019
ALL	0.27	last_action	CNOT(1->4)	1	41	388	199959	0.024390243902439025	0.0019403977815452167	12.569713351772693
ALL	0.27	last_action	RX(q=5)	4	41	19410	199959	0.0975609756097561	0.09706989932936252	1.005058996494138
ALL	0.27	last_action	RX(q=3)	2	41	540	199959	0.04878048780487805	0.0027005536134907656	18.063143631436315
ALL	0.27	last_action	CNOT(4->5)	4	41	22915	199959	0.0975609756097561	0.11459849269100165	0.8513286110386742
ALL	0.27	last_action	CNOT(2->4)	1	41	363	199959	0.024390243902439025	0.0018153721512910146	13.435396089498086
ALL	0.27	last_action	CNOT(0->5)	1	41	384	199959	0.024390243902439025	0.0019203936807045444	12.700647865853659
ALL	0.27	last_action	RX(q=4)	1	41	37392	199959	0.024390243902439025	0.18699833465860502	0.13043027333354207
ALL	0.27	last_action	RY(q=0)	1	41	551	199959	0.024390243902439025	0.0027555648908026147	8.851268204152095
ALL	0.27	last_action	RX(q=0)	1	41	567	199959	0.024390243902439025	0.002835581294165304	8.601496967350625
ALL	0.27	last_action	CNOT(3->5)	1	41	383	199959	0.024390243902439025	0.0019153926554943764	12.733808826338917
ALL	0.27	last_action	RZ(q=5)	1	41	341	199959	0.024390243902439025	0.0017053495966673168	14.30219583720764
ALL	0.27	last_action	CNOT(3->0)	1	41	344	199959	0.024390243902439025	0.001720352672297821	14.177467385138968
ALL	0.27	last_action	RZ(q=0)	1	41	358	199959	0.024390243902439025	0.0017903670252401743	13.623041286278784
ALL	0.27	last_action	CNOT(1->5)	1	41	321	199959	0.024390243902439025	0.001605329092463955	15.193298381581947
ALL	0.27	last_action	CNOT(5->0)	1	41	502	199959	0.024390243902439025	0.0025105146555043784	9.71523661451754
ALL	0.28	last_action	RY(q=1)	1	9	628	199991	0.1111111111111111	0.003140141306358786	35.3841118188252
ALL	0.28	last_action	CNOT(3->2)	1	9	330	199991	0.1111111111111111	0.0016500742533414004	67.33703703703704
ALL	0.28	last_action	CNOT(2->3)	1	9	347	199991	0.1111111111111111	0.001735078078513533	64.03810438680756
ALL	0.28	last_action	CNOT(4->5)	1	9	22918	199991	0.1111111111111111	0.11459515678205519	0.9695969204215997
ALL	0.28	last_action	CNOT(4->0)	1	9	515	199991	0.1111111111111111	0.0025751158802146097	43.1480043149946
ALL	0.28	last_action	RZ(q=1)	1	9	338	199991	0.1111111111111111	0.001690076053422404	65.74326101249177
ALL	0.28	last_action	CNOT(5->3)	1	9	455	199991	0.1111111111111111	0.0022751023796070825	48.83785103785103
ALL	0.28	last_action	CNOT(3->5)	1	9	383	199991	0.1111111111111111	0.0019150861788780496	58.01885697708151
ALL	0.28	last_action	RX(q=0)	1	9	567	199991	0.1111111111111111	0.0028351275807411334	39.19086811679404
ALL	0.29	last_action	CNOT(5->2)	1	6	524	199994	0.16666666666666666	0.0026200786023580706	63.61132315521628
ALL	0.29	last_action	CNOT(5->4)	1	6	15160	199994	0.16666666666666666	0.07580227406822204	2.198702726473175
ALL	0.29	last_action	CNOT(3->1)	1	6	307	199994	0.16666666666666666	0.0015350460513815414	108.57437567861021
ALL	0.29	last_action	CNOT(3->5)	1	6	383	199994	0.16666666666666666	0.0019150574517235518	87.02959094865099
ALL	0.29	last_action	RX(q=2)	1	6	551	199994	0.16666666666666666	0.0027550826524795746	60.49425287356321
ALL	0.29	last_action	CNOT(4->5)	1	6	22918	199994	0.16666666666666666	0.1145934378031341	1.45441719754487
ALL	0.30	last_action	RZ(q=5)	1	3	341	199997	0.3333333333333333	0.0017050255753836307	195.50048875855327
ALL	0.30	last_action	CNOT(5->3)	1	3	455	199997	0.3333333333333333	0.0022750341255118826	146.5179487179487
ALL	0.30	last_action	CNOT(5->0)	1	3	502	199997	0.3333333333333333	0.0025100376505647584	132.80013280212484
ALL	0.31	last_action	RY(q=4)	1	3	41848	199997	0.3333333333333333	0.20924313864707972	1.5930430765309371
ALL	0.31	last_action	CNOT(5->1)	1	3	424	199997	0.3333333333333333	0.0021200318004770072	157.23034591194968
ALL	0.31	last_action	CNOT(3->4)	1	3	353	199997	0.3333333333333333	0.001765026475397131	188.85457979225683
ALL	0.32	last_action	CNOT(2->3)	1	3	347	199997	0.3333333333333333	0.001735026025390381	192.12007684918345
ALL	0.32	last_action	CNOT(5->4)	1	3	15160	199997	0.3333333333333333	0.07580113701705525	4.397471416007036
ALL	0.32	last_action	CNOT(4->5)	1	3	22918	199997	0.3333333333333333	0.11459171887578314	2.9088780289146814
ALL	0.33	last_action	CNOT(4->5)	1	5	22918	199995	0.2	0.11459286482162054	1.7453093638188324
ALL	0.33	last_action	RX(q=4)	1	5	37392	199995	0.2	0.1869646741168529	1.0697207958921695
ALL	0.33	last_action	RX(q=5)	1	5	19413	199995	0.2	0.09706742668566715	2.0604234276000617
ALL	0.33	last_action	CNOT(5->2)	1	5	524	199995	0.2	0.002620065501637541	76.33396946564886
ALL	0.33	last_action	CNOT(0->1)	1	5	317	199995	0.2	0.0015850396259906498	126.17981072555206
ALL	0.34	last_action	CNOT(1->5)	1	4	321	199996	0.25	0.001605032100642013	155.7601246105919
ALL	0.34	last_action	CNOT(3->5)	1	4	383	199996	0.25	0.0019150383007660154	130.54569190600523
ALL	0.34	last_action	CNOT(3->1)	1	4	307	199996	0.25	0.0015350307006140123	162.86319218241042
ALL	0.34	last_action	CNOT(2->4)	1	4	363	199996	0.25	0.0018150363007260145	137.7382920110193
ALL	0.35	last_action	CNOT(3->2)	1	1	330	199999	1.0	0.0016500082500412502	606.0575757575758
ALL	0.37	last_action	CNOT(5->0)	1	4	502	199996	0.25	0.00251005020100402	99.5996015936255
ALL	0.37	last_action	CNOT(3->0)	1	4	344	199996	0.25	0.0017200344006880139	145.34593023255812
ALL	0.37	last_action	RZ(q=2)	1	4	350	199996	0.25	0.001750035000700014	142.8542857142857
ALL	0.37	last_action	RX(q=5)	1	4	19413	199996	0.25	0.09706694133882678	2.575542162468449
ALL	0.38	last_action	CNOT(4->3)	1	4	476	199996	0.25	0.002380047600952019	105.03991596638654
ALL	0.38	last_action	CNOT(5->1)	1	4	424	199996	0.25	0.002120042400848017	117.92216981132076
ALL	0.38	last_action	RX(q=1)	1	4	504	199996	0.25	0.00252005040100802	99.20436507936509
ALL	0.38	last_action	CNOT(0->1)	1	4	317	199996	0.25	0.0015850317006340126	157.7255520504732
ALL	0.39	last_action	RX(q=5)	1	1	19413	199999	1.0	0.09706548532742663	10.302323185494256
ALL	0.40	last_action	CNOT(4->1)	1	3	476	199997	0.3333333333333333	0.002380035700535508	140.05392156862743
ALL	0.40	last_action	RY(q=0)	1	3	551	199997	0.3333333333333333	0.002755041325619884	120.9903206291591
ALL	0.40	last_action	CNOT(4->0)	1	3	515	199997	0.3333333333333333	0.002575038625579384	129.44789644012943
ALL	0.41	last_action	CNOT(0->1)	1	1	317	199999	1.0	0.0015850079250396252	630.9116719242902
ALL	0.42	last_action	CNOT(5->4)	1	4	15160	199996	0.25	0.0758015160303206	3.2980870712401056
ALL	0.42	last_action	CNOT(5->3)	1	4	455	199996	0.25	0.002275045500910018	109.88791208791208
ALL	0.42	last_action	CNOT(5->0)	1	4	502	199996	0.25	0.00251005020100402	99.5996015936255
ALL	0.42	last_action	RY(q=2)	1	4	591	199996	0.25	0.0029550591011820236	84.60067681895093
ALL	0.43	last_action	RX(q=5)	1	2	19413	199998	0.5	0.0970659706597066	5.151135836810385
ALL	0.43	last_action	RY(q=4)	1	2	41848	199998	0.5	0.2092420924209242	2.3895765627987
ALL	0.44	last_action	RY(q=1)	1	2	628	199998	0.5	0.003140031400314003	159.23407643312103
ALL	0.44	last_action	CNOT(4->2)	1	2	534	199998	0.5	0.0026700267002670026	187.26404494382024
ALL	0.45	last_action	CNOT(4->0)	1	4	515	199996	0.25	0.0025750515010300205	97.08543689320389
ALL	0.45	last_action	RY(q=2)	1	4	591	199996	0.25	0.0029550591011820236	84.60067681895093
ALL	0.45	last_action	CNOT(0->2)	1	4	367	199996	0.25	0.0018350367007340146	136.23705722070846
ALL	0.45	last_action	CNOT(4->3)	1	4	476	199996	0.25	0.002380047600952019	105.03991596638654
ALL	0.46	last_action	CNOT(5->4)	1	1	15160	199999	1.0	0.07580037900189501	13.19254617414248
ALL	0.48	last_action	CNOT(2->3)	1	3	347	199997	0.3333333333333333	0.001735026025390381	192.12007684918345
ALL	0.48	last_action	CNOT(4->3)	1	3	476	199997	0.3333333333333333	0.002380035700535508	140.05392156862743
ALL	0.48	last_action	CNOT(3->4)	1	3	353	199997	0.3333333333333333	0.001765026475397131	188.85457979225683
ALL	0.49	last_action	CNOT(4->0)	1	2	515	199998	0.5	0.0025750257502575027	194.17281553398058
ALL	0.49	last_action	CNOT(1->4)	1	2	388	199998	0.5	0.001940019400194002	257.72938144329896
ALL	0.50	last_action	CNOT(4->5)	1	4	22918	199996	0.25	0.11459229184583691	2.1816476132297757
ALL	0.50	last_action	CNOT(5->4)	1	4	15160	199996	0.25	0.0758015160303206	3.2980870712401056
ALL	0.50	last_action	RZ(q=1)	1	4	338	199996	0.25	0.0016900338006760136	147.92603550295857
ALL	0.50	last_action	CNOT(1->2)	1	4	339	199996	0.25	0.0016950339006780136	147.4896755162242
ALL	0.51	last_action	CNOT(5->4)	1	2	15160	199998	0.5	0.07580075800758007	6.596240105540898
ALL	0.51	last_action	CNOT(4->0)	1	2	515	199998	0.5	0.0025750257502575027	194.17281553398058
ALL	0.52	last_action	CNOT(4->5)	1	1	22918	199999	1.0	0.11459057295286476	8.726721354393927
ALL	0.53	last_action	CNOT(2->5)	1	2	323	199998	0.5	0.0016150161501615017	309.59442724458205
ALL	0.53	last_action	RY(q=4)	1	2	41848	199998	0.5	0.2092420924209242	2.3895765627987
ALL	0.54	last_action	CNOT(5->1)	1	5	424	199995	0.2	0.002120053001325033	94.3372641509434
ALL	0.54	last_action	RY(q=2)	1	5	591	199995	0.2	0.0029550738768469214	67.68020304568527
ALL	0.54	last_action	RX(q=5)	1	5	19413	199995	0.2	0.09706742668566715	2.0604234276000617
ALL	0.54	last_action	CNOT(4->5)	1	5	22918	199995	0.2	0.11459286482162054	1.7453093638188324
ALL	0.54	last_action	RZ(q=0)	1	5	358	199995	0.2	0.001790044751118778	111.72905027932961
ALL	0.55	last_action	RX(q=4)	36582	184760	811	15240	0.19799740203507252	0.05321522309711286	3.7206910074161597
ALL	0.55	last_action	RX(q=5)	18630	184760	784	15240	0.10083351374756441	0.051443569553805774	1.9600800376439818
ALL	0.55	last_action	CNOT(5->4)	14611	184760	550	15240	0.07908096990690626	0.03608923884514436	2.191261784329548
ALL	0.55	last_action	RY(q=4)	41056	184760	793	15240	0.22221260012989824	0.05203412073490814	4.270517056720869
ALL	0.55	last_action	CNOT(4->5)	22327	184760	592	15240	0.12084325611604244	0.03884514435695538	3.1108973365008223
ALL	0.55	last_action	RY(q=5)	44849	184760	870	15240	0.24274193548387096	0.05708661417322835	4.252169076751946
ALL	0.55	last_action	RY(q=1)	343	184760	286	15240	0.0018564624377570903	0.018766404199475065	0.09892478164831488
ALL	0.55	last_action	CNOT(4->1)	215	184760	262	15240	0.001163671790430829	0.017191601049868766	0.06768838964185434
ALL	0.55	last_action	CNOT(4->2)	255	184760	280	15240	0.0013801688677202858	0.01837270341207349	0.07512061980020412
ALL	0.55	last_action	RZ(q=4)	147	184760	233	15240	0.000795626759038753	0.015288713910761155	0.052040136513951056
ALL	0.55	last_action	RX(q=0)	283	184760	285	15240	0.0015317168218229053	0.018700787401574805	0.08190654163010903
ALL	0.55	last_action	CNOT(0->3)	83	184760	209	15240	0.0004492314353756224	0.013713910761154855	0.03275735442643295
ALL	0.55	last_action	RY(q=0)	247	184760	305	15240	0.0013368694522623945	0.020013123359580054	0.06679964082779964
ALL	0.55	last_action	CNOT(2->0)	126	184760	253	15240	0.0006819657934617882	0.016601049868766406	0.041079678625919575
ALL	0.55	last_action	CNOT(5->2)	224	184760	301	15240	0.001212383632820957	0.019750656167979004	0.061384473635187314
ALL	0.55	last_action	CNOT(1->4)	135	184760	254	15240	0.000730677635851916	0.016666666666666666	0.043840658151114965
ALL	0.55	last_action	CNOT(4->3)	217	184760	260	15240	0.001174496644295302	0.01706036745406824	0.0688435725348477
ALL	0.55	last_action	CNOT(3->5)	119	184760	265	15240	0.0006440788049361333	0.017388451443569555	0.03704060749896857
ALL	0.55	last_action	CNOT(1->0)	96	184760	227	15240	0.0005195929854946959	0.01489501312335958	0.03488368766052496
ALL	0.55	last_action	CNOT(1->5)	96	184760	226	15240	0.0005195929854946959	0.014829396325459317	0.03503804026079277
ALL	0.55	last_action	RX(q=2)	259	184760	293	15240	0.0014018185754492314	0.019225721784776904	0.07291370337831497
ALL	0.55	last_action	CNOT(4->0)	223	184760	293	15240	0.0012069712058887204	0.019225721784776904	0.06277898012881944
ALL	0.55	last_action	RZ(q=2)	115	184760	236	15240	0.0006224290972071877	0.015485564304461942	0.040194150175582796
ALL	0.55	last_action	RX(q=3)	233	184760	309	15240	0.0012610954752110847	0.020275590551181104	0.062197718583226314
ALL	0.55	last_action	RY(q=3)	268	184760	299	15240	0.0014505304178393593	0.01961942257217848	0.07393338985910312
ALL	0.55	last_action	CNOT(5->3)	208	184760	248	15240	0.0011257848019051743	0.01627296587926509	0.06918129185901152
ALL	0.55	last_action	CNOT(0->1)	85	184760	233	15240	0.0004600562892400953	0.015288713910761155	0.0300912353992234
ALL	0.55	last_action	RX(q=1)	230	184760	275	15240	0.0012448581944143754	0.01804461942257218	0.06898777775590938
ALL	0.55	last_action	CNOT(0->2)	113	184760	255	15240	0.0006116042433427149	0.01673228346456693	0.03655234771977637
ALL	0.55	last_action	CNOT(2->3)	75	184760	273	15240	0.0004059320199177311	0.017913385826771655	0.022660820452550263
ALL	0.55	last_action	CNOT(3->0)	118	184760	227	15240	0.0006386663780038969	0.01489501312335958	0.04287786608272859
ALL	0.55	last_action	CNOT(0->4)	128	184760	253	15240	0.000692790647326261	0.016601049868766406	0.041731737016807186
ALL	0.55	last_action	CNOT(5->1)	195	184760	230	15240	0.0010554232517861009	0.015091863517060367	0.06993326242269643
ALL	0.55	last_action	CNOT(3->2)	85	184760	246	15240	0.0004600562892400953	0.016141732283464567	0.028501048162679073
ALL	0.55	last_action	RZ(q=5)	103	184760	239	15240	0.0005574799740203508	0.01568241469816273	0.035548095414519434
ALL	0.55	last_action	CNOT(2->1)	107	184760	249	15240	0.0005791296817492964	0.016338582677165356	0.03544552750947501
ALL	0.55	last_action	RZ(q=1)	97	184760	242	15240	0.0005250054124269323	0.015879265091863517	0.03306232431977871
ALL	0.55	last_action	CNOT(0->5)	123	184760	262	15240	0.000665728512665079	0.017191601049868766	0.03872405546952597
ALL	0.55	last_action	CNOT(3->4)	104	184760	250	15240	0.0005628924009525872	0.016404199475065617	0.03431392076206971
ALL	0.55	last_action	CNOT(3->1)	79	184760	229	15240	0.00042758172764667676	0.015026246719160105	0.028455657333342158
ALL	0.55	last_action	CNOT(2->4)	112	184760	252	15240	0.0006061918164104785	0.01653543307086614	0.036660171754347985
ALL	0.55	last_action	CNOT(5->0)	208	184760	295	15240	0.0011257848019051743	0.01935695538057743	0.058159187732321545
ALL	0.55	last_action	CNOT(1->2)	115	184760	225	15240	0.0006224290972071877	0.014763779527559055	0.04215919751750018
ALL	0.55	last_action	CNOT(1->3)	107	184760	251	15240	0.0005791296817492964	0.01646981627296588	0.03516309302732779
ALL	0.55	last_action	RY(q=2)	268	184760	324	15240	0.0014505304178393593	0.02125984251968504	0.06822865298725875
ALL	0.55	last_action	CNOT(2->5)	101	184760	223	15240	0.0005466551201558779	0.01463254593175853	0.03735885215773803
ALL	0.55	last_action	RZ(q=3)	124	184760	260	15240	0.0006711409395973154	0.01706036745406824	0.03933918430562726
ALL	0.55	last_action	RZ(q=0)	136	184760	223	15240	0.0007360900627841525	0.01463254593175853	0.050304989044082885
ALL	0.56	last_action	RX(q=4)	164	1553	37229	198447	0.1056020605280103	0.18760172741336478	0.5629055871928351
ALL	0.56	last_action	RX(q=5)	175	1553	19239	198447	0.11268512556342562	0.09694779966439401	1.1623278295485797
ALL	0.56	last_action	RY(q=4)	177	1553	41672	198447	0.11397295556986478	0.2099905768290778	0.5427527143879093
ALL	0.56	last_action	RY(q=5)	197	1553	45522	198447	0.12685125563425628	0.22939122284539448	0.5529908863154356
ALL	0.56	last_action	CNOT(5->4)	105	1553	15056	198447	0.06761107533805538	0.07586912374588681	0.8911540294640726
ALL	0.56	last_action	CNOT(2->1)	7	1553	349	198447	0.004507405022537025	0.0017586559635570202	2.562982820938123
ALL	0.56	last_action	RZ(q=4)	11	1553	369	198447	0.0070830650354153256	0.001859438540265159	3.8092493416885236
ALL	0.56	last_action	CNOT(4->5)	111	1553	22808	198447	0.07147456535737283	0.11493245047796137	0.6218832458556018
ALL	0.56	last_action	CNOT(4->0)	24	1553	492	198447	0.015453960077269801	0.002479251387020212	6.23331710458122
ALL	0.56	last_action	CNOT(5->1)	19	1553	406	198447	0.012234385061171926	0.0020458863071752156	5.979992640971392
ALL	0.56	last_action	RX(q=3)	26	1553	516	198447	0.01674179008370895	0.002600190479069978	6.438678327018973
ALL	0.56	last_action	RX(q=2)	21	1553	531	198447	0.013522215067611075	0.0026757774116010825	5.053564997216977
ALL	0.56	last_action	CNOT(4->1)	21	1553	456	198447	0.013522215067611075	0.0022978427489455623	5.884743450706612
ALL	0.56	last_action	RX(q=1)	27	1553	478	198447	0.017385705086928525	0.002408703583324515	7.217868237208588
ALL	0.56	last_action	RX(q=0)	29	1553	539	198447	0.018673535093367676	0.002716090442284338	6.875152168225482
ALL	0.56	last_action	CNOT(5->0)	21	1553	482	198447	0.013522215067611075	0.0024288600986661427	5.567309156685093
ALL	0.56	last_action	RY(q=3)	27	1553	540	198447	0.017385705086928525	0.002721129571119745	6.38915003219575
ALL	0.56	last_action	RZ(q=5)	8	1553	334	198447	0.0051513200257566	0.0016830690310259161	3.0606706741057486
ALL	0.56	last_action	CNOT(3->0)	10	1553	335	198447	0.00643915003219575	0.0016881081598613232	3.8144179296691045
ALL	0.56	last_action	CNOT(2->3)	18	1553	330	198447	0.01159047005795235	0.0016629125156842886	6.969981853304454
ALL	0.56	last_action	CNOT(1->0)	8	1553	315	198447	0.0051513200257566	0.0015873255831531845	3.2452825560359364
ALL	0.56	last_action	CNOT(0->2)	12	1553	356	198447	0.0077269800386349004	0.0017939298654048687	4.3072921565364615
ALL	0.56	last_action	RY(q=2)	36	1553	556	198447	0.0231809401159047	0.0028017556324862556	8.27371946615277
ALL	0.56	last_action	RY(q=0)	24	1553	528	198447	0.015453960077269801	0.0026606600250948615	5.8083182110870455
ALL	0.56	last_action	CNOT(1->3)	10	1553	348	198447	0.00643915003219575	0.0017536168347216134	3.6719253058596264
ALL	0.56	last_action	RY(q=1)	26	1553	603	198447	0.01674179008370895	0.0030385946877503817	5.509714787299817
ALL	0.56	last_action	CNOT(2->0)	11	1553	368	198447	0.0070830650354153256	0.001854399411429752	3.81960056272572
ALL	0.56	last_action	CNOT(2->5)	6	1553	318	198447	0.0038634900193174502	0.0016024429696594052	2.41100001214934
ALL	0.56	last_action	CNOT(3->4)	7	1553	347	198447	0.004507405022537025	0.0017485777058862063	2.5777550562173057
ALL	0.56	last_action	CNOT(5->3)	24	1553	432	198447	0.015453960077269801	0.002176903656895796	7.099055591328611
ALL	0.56	last_action	CNOT(1->4)	10	1553	379	198447	0.00643915003219575	0.0019098298286192284	3.371583130446306
ALL	0.56	last_action	CNOT(0->3)	9	1553	283	198447	0.005795235028976175	0.0014260734604201626	4.063770338499063
ALL	0.56	last_action	CNOT(5->2)	32	1553	493	198447	0.0206052801030264	0.0024842905158556187	8.294231279118215
ALL	0.56	last_action	CNOT(2->4)	8	1553	356	198447	0.0051513200257566	0.0017939298654048687	2.8715281043576404
ALL	0.56	last_action	CNOT(1->2)	9	1553	331	198447	0.005795235028976175	0.0016679516445196954	3.4744622531578098
ALL	0.56	last_action	CNOT(4->2)	23	1553	512	198447	0.014810045074050225	0.002580033963728351	5.740251982050869
ALL	0.56	last_action	CNOT(3->5)	8	1553	376	198447	0.0051513200257566	0.0018947124421130074	2.7187872477428723
ALL	0.56	last_action	CNOT(0->1)	9	1553	309	198447	0.005795235028976175	0.0015570908101407428	3.7218349702111166
ALL	0.56	last_action	CNOT(0->4)	17	1553	364	198447	0.010946555054732776	0.0018342428960881243	5.967887392710316
ALL	0.56	last_action	CNOT(4->3)	10	1553	467	198447	0.00643915003219575	0.0023532731661350384	2.736252690447859
ALL	0.56	last_action	CNOT(0->5)	16	1553	369	198447	0.0103026400515132	0.001859438540265159	5.540726315183306
ALL	0.56	last_action	RZ(q=1)	4	1553	335	198447	0.0025756600128783	0.0016881081598613232	1.5257671718676418
ALL	0.56	last_action	CNOT(3->1)	4	1553	304	198447	0.0025756600128783	0.0015318951659637082	1.6813552716304605
ALL	0.56	last_action	RZ(q=2)	7	1553	344	198447	0.004507405022537025	0.0017334603193799856	2.6002354782192008
ALL	0.56	last_action	CNOT(3->2)	5	1553	326	198447	0.003219575016097875	0.0016427560003426608	1.9598619730661808
ALL	0.56	last_action	CNOT(1->5)	8	1553	314	198447	0.0051513200257566	0.0015822864543177776	3.255617850800382
ALL	0.56	last_action	RZ(q=3)	9	1553	375	198447	0.005795235028976175	0.0018896733132776006	3.06679201545396
ALL	0.56	last_action	RZ(q=0)	3	1553	356	198447	0.0019317450096587251	0.0017939298654048687	1.0768230391341154
ALL	0.57	last_action	RY(q=5)	45	398	45674	199602	0.11306532663316583	0.22882536247131793	0.49411186510122096
ALL	0.57	last_action	RY(q=4)	30	398	41819	199602	0.07537688442211055	0.209511928738189	0.3597737125331096
ALL	0.57	last_action	RX(q=4)	38	398	37355	199602	0.09547738693467336	0.1871474233725113	0.5101720622924554
ALL	0.57	last_action	RY(q=1)	9	398	620	199602	0.022613065326633167	0.0031061813007885694	7.280021073107473
ALL	0.57	last_action	RX(q=5)	36	398	19378	199602	0.09045226130653267	0.09708319555916273	0.9316984343743696
ALL	0.57	last_action	CNOT(5->4)	33	398	15128	199602	0.0829145728643216	0.07579082373924109	1.093992237762052
ALL	0.57	last_action	RX(q=2)	6	398	546	199602	0.01507537688442211	0.0027354435326299334	5.511127063890883
ALL	0.57	last_action	CNOT(5->2)	14	398	511	199602	0.035175879396984924	0.002560094588230579	13.740070214084119
ALL	0.57	last_action	RX(q=3)	14	398	528	199602	0.035175879396984924	0.0026452640755102656	13.297681589767016
ALL	0.57	last_action	RY(q=2)	10	398	582	199602	0.02512562814070352	0.0029158024468692698	8.617054343884371
ALL	0.57	last_action	RX(q=1)	6	398	499	199602	0.01507537688442211	0.0024999749501508	6.030211176121086
ALL	0.57	last_action	CNOT(4->5)	28	398	22891	199602	0.07035175879396985	0.11468321960701797	0.6134442251886755
ALL	0.57	last_action	CNOT(2->1)	3	398	353	199602	0.007537688442211055	0.0017685193535134918	4.262146426181901
ALL	0.57	last_action	CNOT(1->0)	7	398	316	199602	0.017587939698492462	0.001583150469434174	11.109455505374976
ALL	0.57	last_action	RY(q=0)	6	398	546	199602	0.01507537688442211	0.0027354435326299334	5.511127063890883
ALL	0.57	last_action	CNOT(3->4)	5	398	349	199602	0.01256281407035176	0.0017484794741535656	7.184993736591266
ALL	0.57	last_action	RX(q=0)	6	398	562	199602	0.01507537688442211	0.0028156030500696384	5.3542266492605375
ALL	0.57	last_action	RY(q=3)	6	398	561	199602	0.01507537688442211	0.002810593080229657	5.363770725284175
ALL	0.57	last_action	CNOT(0->5)	2	398	383	199602	0.005025125628140704	0.0019188184487129389	2.618864557775824
ALL	0.57	last_action	RZ(q=3)	2	398	382	199602	0.005025125628140704	0.0019138084788729573	2.6257202241574364
ALL	0.57	last_action	CNOT(5->3)	9	398	447	199602	0.022613065326633167	0.002239456518471759	10.097568378806786
ALL	0.57	last_action	CNOT(4->1)	4	398	473	199602	0.010050251256281407	0.0023697157343112794	4.2411210385967895
ALL	0.57	last_action	CNOT(4->0)	8	398	508	199602	0.020100502512562814	0.0025450646787106342	7.897835634867249
ALL	0.57	last_action	CNOT(0->4)	3	398	378	199602	0.007537688442211055	0.001893768599513031	3.9802584350323045
ALL	0.57	last_action	CNOT(5->0)	6	398	497	199602	0.01507537688442211	0.002489955010470837	6.054477619485758
ALL	0.57	last_action	CNOT(1->2)	4	398	336	199602	0.010050251256281407	0.0016833498662338052	5.970387652548457
ALL	0.57	last_action	RZ(q=4)	2	398	378	199602	0.005025125628140704	0.001893768599513031	2.6535056233548695
ALL	0.57	last_action	CNOT(5->1)	6	398	419	199602	0.01507537688442211	0.002099177362952275	7.181564145308884
ALL	0.57	last_action	CNOT(2->4)	4	398	360	199602	0.010050251256281407	0.0018035891423933627	5.572361809045226
ALL	0.57	last_action	CNOT(3->5)	1	398	383	199602	0.002512562814070352	0.0019188184487129389	1.309432278887912
ALL	0.57	last_action	CNOT(0->2)	2	398	366	199602	0.005025125628140704	0.0018336489614332522	2.7405058077271605
ALL	0.57	last_action	RZ(q=0)	5	398	354	199602	0.01256281407035176	0.0017735293233534734	7.083510774210033
ALL	0.57	last_action	CNOT(2->0)	3	398	376	199602	0.007537688442211055	0.0018837486598330677	4.001430022452689
ALL	0.57	last_action	CNOT(1->4)	2	398	387	199602	0.005025125628140704	0.001938858328072865	2.5917961902535938
ALL	0.57	last_action	CNOT(4->3)	4	398	473	199602	0.010050251256281407	0.0023697157343112794	4.2411210385967895
ALL	0.57	last_action	CNOT(2->3)	6	398	342	199602	0.01507537688442211	0.0017134096852736947	8.798466014281935
ALL	0.57	last_action	CNOT(3->0)	2	398	343	199602	0.005025125628140704	0.0017184196551136763	2.92427150328904
ALL	0.57	last_action	RZ(q=5)	3	398	339	199602	0.007537688442211055	0.00169837977575375	4.438164272690888
ALL	0.57	last_action	CNOT(4->2)	10	398	525	199602	0.02512562814070352	0.002630234165990321	9.55262024407753
ALL	0.57	last_action	CNOT(3->2)	2	398	329	199602	0.005025125628140704	0.0016482800773539343	3.048708588535382
ALL	0.57	last_action	RZ(q=1)	2	398	337	199602	0.005025125628140704	0.0016883598360737868	2.976335684356501
ALL	0.57	last_action	CNOT(3->1)	2	398	306	199602	0.005025125628140704	0.0015330507710343583	3.2778598876736624
ALL	0.57	last_action	CNOT(1->3)	1	398	357	199602	0.002512562814070352	0.0017885592328734181	1.4047970947172839
ALL	0.57	last_action	CNOT(0->3)	1	398	291	199602	0.002512562814070352	0.0014579012234346349	1.723410868776874
ALL	0.58	last_action	RX(q=5)	18	220	19396	199780	0.08181818181818182	0.09708679547502252	0.8427323346894392
ALL	0.58	last_action	RY(q=5)	20	220	45699	199780	0.09090909090909091	0.22874662128341175	0.39742266092952105
ALL	0.58	last_action	RY(q=4)	20	220	41829	199780	0.09090909090909091	0.20937531284412855	0.4341920242372082
ALL	0.58	last_action	CNOT(5->4)	20	220	15141	199780	0.09090909090909091	0.07578836720392432	1.199512461648384
ALL	0.58	last_action	RX(q=4)	18	220	37375	199780	0.08181818181818182	0.18708078886775453	0.4373414411675281
ALL	0.58	last_action	RY(q=2)	6	220	586	199780	0.02727272727272727	0.0029332265492041246	9.29785913744958
ALL	0.58	last_action	RZ(q=3)	4	220	380	199780	0.01818181818181818	0.0019020923015316848	9.558851674641149
ALL	0.58	last_action	CNOT(5->2)	6	220	519	199780	0.02727272727272727	0.0025978576434077484	10.498160798738834
ALL	0.58	last_action	RX(q=3)	5	220	537	199780	0.022727272727272728	0.0026879567524276705	8.45522261723379
ALL	0.58	last_action	CNOT(2->4)	1	220	363	199780	0.004545454545454545	0.0018169986985684253	2.5016278487352865
ALL	0.58	last_action	CNOT(4->5)	10	220	22909	199780	0.045454545454545456	0.11467113825207728	0.3963904618669122
ALL	0.58	last_action	RY(q=3)	6	220	561	199780	0.02727272727272727	0.0028080888977875663	9.712202236266407
ALL	0.58	last_action	CNOT(4->1)	3	220	474	199780	0.013636363636363636	0.002372609870857944	5.74741081703107
ALL	0.58	last_action	CNOT(1->5)	3	220	319	199780	0.013636363636363636	0.0015967564320752828	8.540039897406668
ALL	0.58	last_action	CNOT(4->3)	4	220	473	199780	0.01818181818181818	0.0023676043648012813	7.679415721699019
ALL	0.58	last_action	RX(q=1)	2	220	503	199780	0.00909090909090909	0.002517769546501151	3.6106994397252845
ALL	0.58	last_action	CNOT(0->2)	6	220	362	199780	0.02727272727272727	0.0018119931925117628	15.051230537418382
ALL	0.58	last_action	RX(q=2)	9	220	543	199780	0.04090909090909091	0.0027179897887676446	15.051230537418382
ALL	0.58	last_action	RZ(q=2)	1	220	350	199780	0.004545454545454545	0.001751927119831815	2.5945454545454543
ALL	0.58	last_action	CNOT(3->4)	2	220	352	199780	0.00909090909090909	0.0017619381319451397	5.159607438016528
ALL	0.58	last_action	CNOT(5->1)	2	220	423	199780	0.00909090909090909	0.002117329061968165	4.2935740382548895
ALL	0.58	last_action	CNOT(5->3)	4	220	452	199780	0.01818181818181818	0.0022624887376113726	8.03620273531778
ALL	0.58	last_action	CNOT(0->1)	2	220	316	199780	0.00909090909090909	0.0015817399139052958	5.74741081703107
ALL	0.58	last_action	CNOT(0->3)	1	220	291	199780	0.004545454545454545	0.0014566022624887375	3.120587316463605
ALL	0.58	last_action	CNOT(0->5)	4	220	381	199780	0.01818181818181818	0.0019070978075883473	9.533762825101407
ALL	0.58	last_action	CNOT(1->2)	3	220	337	199780	0.013636363636363636	0.0016868555410952048	8.083895333153492
ALL	0.58	last_action	RZ(q=1)	2	220	337	199780	0.00909090909090909	0.0016868555410952048	5.389263555435662
ALL	0.58	last_action	RZ(q=4)	4	220	376	199780	0.01818181818181818	0.0018820702773050355	9.660541586073501
ALL	0.58	last_action	RX(q=0)	5	220	563	199780	0.022727272727272728	0.002818099909900891	8.06475052478605
ALL	0.58	last_action	RY(q=1)	4	220	625	199780	0.01818181818181818	0.0031284412854139555	5.811781818181817
ALL	0.58	last_action	CNOT(4->0)	1	220	515	199780	0.004545454545454545	0.0025778356191810993	1.7632833186231243
ALL	0.58	last_action	CNOT(1->4)	3	220	386	199780	0.013636363636363636	0.0019321253378716589	7.057701365991521
ALL	0.58	last_action	CNOT(3->1)	2	220	306	199780	0.00909090909090909	0.0015316848533386725	5.935234699940582
ALL	0.58	last_action	CNOT(1->0)	2	220	321	199780	0.00909090909090909	0.0016067674441886074	5.657887284055509
ALL	0.58	last_action	RY(q=0)	3	220	549	199780	0.013636363636363636	0.0027480228251076182	4.962245404868356
ALL	0.58	last_action	CNOT(3->5)	1	220	383	199780	0.004545454545454545	0.0019171088197016718	2.3709945407073345
ALL	0.58	last_action	CNOT(4->2)	1	220	534	199780	0.004545454545454545	0.0026729402342576835	1.7005447735784813
ALL	0.58	last_action	CNOT(5->0)	2	220	501	199780	0.00909090909090909	0.0025077585343878266	3.625113409544547
ALL	0.58	last_action	RZ(q=0)	2	220	357	199780	0.00909090909090909	0.0017869656622284513	5.087344028520499
ALL	0.58	last_action	RZ(q=5)	5	220	337	199780	0.022727272727272728	0.0016868555410952048	13.473158888589156
ALL	0.58	last_action	CNOT(3->2)	1	220	330	199780	0.004545454545454545	0.0016518169986985685	2.7517906336088154
ALL	0.58	last_action	CNOT(2->0)	1	220	378	199780	0.004545454545454545	0.0018920812894183603	2.4023569023569022
ALL	0.58	last_action	CNOT(2->5)	1	220	323	199780	0.004545454545454545	0.0016167784563019321	2.8114269631297493
ALL	0.59	last_action	RY(q=4)	15	156	41834	199844	0.09615384615384616	0.20933327995836754	0.45933377708966944
ALL	0.59	last_action	RY(q=5)	17	156	45702	199844	0.10897435897435898	0.22868837693400854	0.4765190099967571
ALL	0.59	last_action	RX(q=4)	13	156	37380	199844	0.08333333333333333	0.187045895798723	0.4455234528268236
ALL	0.59	last_action	RX(q=0)	5	156	563	199844	0.03205128205128205	0.0028171974139829066	11.377009609691669
ALL	0.59	last_action	CNOT(4->5)	14	156	22905	199844	0.08974358974358974	0.11461439923140049	0.7830044945958502
ALL	0.59	last_action	CNOT(3->5)	2	156	382	199844	0.01282051282051282	0.001911490962951102	6.707074775137602
ALL	0.59	last_action	RY(q=2)	2	156	590	199844	0.01282051282051282	0.0029523027961810213	4.342546718817905
ALL	0.59	last_action	CNOT(0->1)	1	156	317	199844	0.00641025641025641	0.001586237265066752	4.041171236754833
ALL	0.59	last_action	CNOT(5->4)	14	156	15147	199844	0.08974358974358974	0.07579411941314225	1.1840442297958638
ALL	0.59	last_action	RX(q=5)	14	156	19400	199844	0.08974358974358974	0.09707571906086748	0.9244699973565953
ALL	0.59	last_action	CNOT(5->0)	2	156	501	199844	0.01282051282051282	0.0025069554252316805	5.113977173857413
ALL	0.59	last_action	CNOT(1->4)	1	156	388	199844	0.00641025641025641	0.0019415143812173494	3.3016785619878406
ALL	0.59	last_action	RZ(q=2)	2	156	349	199844	0.01282051282051282	0.0017463621624867396	7.341268091984425
ALL	0.59	last_action	CNOT(3->4)	4	156	350	199844	0.02564102564102564	0.0017513660655311142	14.64058608058608
ALL	0.59	last_action	CNOT(2->5)	1	156	323	199844	0.00641025641025641	0.0016162606833329998	3.9661030404064457
ALL	0.59	last_action	RX(q=2)	4	156	548	199844	0.02564102564102564	0.0027421388683172873	9.350739285045854
ALL	0.59	last_action	CNOT(3->2)	4	156	327	199844	0.02564102564102564	0.0016362762955104981	15.6703520740218
ALL	0.59	last_action	RY(q=3)	7	156	560	199844	0.04487179487179487	0.0028021857048497827	16.013141025641026
ALL	0.59	last_action	RZ(q=4)	2	156	378	199844	0.01282051282051282	0.0018914753507736034	6.778049111382445
ALL	0.59	last_action	CNOT(0->4)	3	156	378	199844	0.019230769230769232	0.0018914753507736034	10.167073667073668
ALL	0.59	last_action	RY(q=0)	1	156	551	199844	0.00641025641025641	0.002757150577450411	2.3249569547210203
ALL	0.59	last_action	CNOT(0->2)	2	156	366	199844	0.01282051282051282	0.001831428514241108	7.000280229788427
ALL	0.59	last_action	CNOT(5->3)	3	156	453	199844	0.019230769230769232	0.0022667680791016993	8.483783324842928
ALL	0.59	last_action	RX(q=3)	2	156	540	199844	0.01282051282051282	0.0027021076439622906	4.744634377967711
ALL	0.59	last_action	RZ(q=5)	2	156	340	199844	0.01282051282051282	0.0017013270350873682	7.535595776772247
ALL	0.59	last_action	CNOT(3->1)	1	156	307	199844	0.00641025641025641	0.001536198234623006	4.172805478994404
ALL	0.59	last_action	CNOT(4->1)	1	156	476	199844	0.00641025641025641	0.0023818578491223152	2.6912842059900886
ALL	0.59	last_action	RZ(q=1)	2	156	337	199844	0.01282051282051282	0.0016863153259542444	7.60267823175835
ALL	0.59	last_action	CNOT(2->3)	1	156	347	199844	0.00641025641025641	0.0017363543563979904	3.6917904381881326
ALL	0.59	last_action	CNOT(2->1)	2	156	354	199844	0.01282051282051282	0.0017713816777086128	7.237577864696508
ALL	0.59	last_action	CNOT(4->2)	3	156	532	199844	0.019230769230769232	0.0026620764196072936	7.223973395026027
ALL	0.59	last_action	CNOT(0->3)	1	156	291	199844	0.00641025641025641	0.001456135785913012	4.402238082650454
ALL	0.59	last_action	CNOT(0->5)	1	156	384	199844	0.00641025641025641	0.0019214987690398511	3.336071047008547
ALL	0.59	last_action	CNOT(2->4)	1	156	363	199844	0.00641025641025641	0.0018164168051079841	3.5290668927032565
ALL	0.59	last_action	RZ(q=0)	2	156	357	199844	0.01282051282051282	0.0017863933868417366	7.176757882640235
ALL	0.59	last_action	RY(q=1)	1	156	628	199844	0.00641025641025641	0.0031424511118672564	2.03989057651478
ALL	0.59	last_action	CNOT(1->2)	1	156	339	199844	0.00641025641025641	0.0016963231320429935	3.7789123364344603
ALL	0.59	last_action	CNOT(3->0)	1	156	344	199844	0.00641025641025641	0.0017213426472648665	3.7239862850327965
ALL	0.59	last_action	CNOT(5->2)	1	156	524	199844	0.00641025641025641	0.002622045195252297	2.444754355059698
ALL	0.60	last_action	CNOT(2->3)	4	127	344	199873	0.031496062992125984	0.001721092893987682	18.30003662332906
ALL	0.60	last_action	RX(q=4)	6	127	37387	199873	0.047244094488188976	0.1870537791497601	0.2525695802722282
ALL	0.60	last_action	RY(q=5)	11	127	45708	199873	0.08661417322834646	0.22868521511159587	0.378748460787374
ALL	0.60	last_action	RX(q=3)	3	127	539	199873	0.023622047244094488	0.0026967124123818626	8.75957226125955
ALL	0.60	last_action	CNOT(5->0)	4	127	499	199873	0.031496062992125984	0.0024965853316856203	12.615656509870133
ALL	0.60	last_action	RY(q=2)	3	127	589	199873	0.023622047244094488	0.002946871263252165	8.015975295108484
ALL	0.60	last_action	RY(q=0)	5	127	547	199873	0.03937007874015748	0.002736737828521111	14.385769192013703
ALL	0.60	last_action	RZ(q=1)	4	127	335	199873	0.031496062992125984	0.0016760643008310277	18.79167939828417
ALL	0.60	last_action	CNOT(0->2)	2	127	366	199873	0.015748031496062992	0.0018311627883706154	8.600017210963383
ALL	0.60	last_action	RX(q=0)	2	127	566	199873	0.015748031496062992	0.002831798191851826	5.56114187140035
ALL	0.60	last_action	CNOT(2->4)	2	127	362	199873	0.015748031496062992	0.0018111500803009912	8.695045025449167
ALL	0.60	last_action	CNOT(1->0)	1	127	322	199873	0.007874015748031496	0.001611022999604749	4.887587421137575
ALL	0.60	last_action	RX(q=5)	8	127	19406	199873	0.06299212598425197	0.09709165319978186	0.6487903327244354
ALL	0.60	last_action	CNOT(4->5)	6	127	22913	199873	0.047244094488188976	0.11463779499982489	0.41211621776449153
ALL	0.60	last_action	RX(q=2)	3	127	549	199873	0.023622047244094488	0.002746744182555923	8.600017210963385
ALL	0.60	last_action	CNOT(5->4)	11	127	15150	199873	0.08661417322834646	0.0757981318137017	1.1426953561497883
ALL	0.60	last_action	CNOT(3->0)	2	127	343	199873	0.015748031496062992	0.0017160897169702762	9.176694749890958
ALL	0.60	last_action	CNOT(4->0)	3	127	513	199873	0.023622047244094488	0.002566629809929305	9.203527190680113
ALL	0.60	last_action	CNOT(0->3)	2	127	290	199873	0.015748031496062992	0.0014509213350477554	10.853814824871028
ALL	0.60	last_action	CNOT(5->3)	1	127	455	199873	0.007874015748031496	0.002276445542919754	3.4589080211127454
ALL	0.60	last_action	RY(q=4)	7	127	41842	199873	0.05511811023622047	0.20934293276230406	0.2632910006033195
ALL	0.60	last_action	RZ(q=0)	1	127	358	199873	0.007874015748031496	0.001791137372231367	4.396098183257819
ALL	0.60	last_action	CNOT(2->1)	4	127	352	199873	0.031496062992125984	0.0017611183101269305	17.884126700071583
ALL	0.60	last_action	RZ(q=4)	1	127	379	199873	0.007874015748031496	0.001896204089596894	4.152514906612927
ALL	0.60	last_action	CNOT(4->2)	6	127	529	199873	0.047244094488188976	0.002646680642207802	17.8503192771981
ALL	0.60	last_action	RY(q=1)	4	127	625	199873	0.031496062992125984	0.003126985635878783	10.072340157480316
ALL	0.60	last_action	CNOT(1->5)	4	127	318	199873	0.031496062992125984	0.0015910102915351247	19.796266032783638
ALL	0.60	last_action	CNOT(3->5)	2	127	382	199873	0.015748031496062992	0.0019112136206491121	8.239807066001566
ALL	0.60	last_action	CNOT(5->1)	2	127	423	199873	0.015748031496062992	0.0021163438783627603	7.441149643528601
ALL	0.60	last_action	CNOT(4->1)	3	127	474	199873	0.023622047244094488	0.002371505906250469	9.960779427887969
ALL	0.60	last_action	CNOT(4->3)	1	127	476	199873	0.007874015748031496	0.0023815122602852813	3.3063091378283596
ALL	0.60	last_action	CNOT(5->2)	1	127	524	199873	0.007874015748031496	0.0026216647571207716	3.003441125202861
ALL	0.60	last_action	CNOT(2->0)	1	127	378	199873	0.007874015748031496	0.0018912009125794879	4.163500395783861
ALL	0.60	last_action	CNOT(1->2)	1	127	339	199873	0.007874015748031496	0.001696077008900652	4.642487166980233
ALL	0.60	last_action	CNOT(0->4)	1	127	380	199873	0.007874015748031496	0.0019012072666143001	4.141587235806051
ALL	0.60	last_action	CNOT(0->1)	1	127	317	199873	0.007874015748031496	0.0015860071145177188	4.964678705382647
ALL	0.60	last_action	CNOT(3->2)	1	127	330	199873	0.007874015748031496	0.0016510484157439974	4.769100453352422
ALL	0.60	last_action	RZ(q=2)	1	127	350	199873	0.007874015748031496	0.0017511119560921185	4.496580427446569
ALL	0.60	last_action	CNOT(1->3)	1	127	357	199873	0.007874015748031496	0.0017861341952139609	4.408412183771146
ALL	0.60	last_action	CNOT(1->4)	1	127	388	199873	0.007874015748031496	0.0019412326827535486	4.056193684552317
ALL	0.61	last_action	RX(q=4)	11	108	37382	199892	0.10185185185185185	0.1870109859324035	0.5446303132622751
ALL	0.61	last_action	RY(q=5)	11	108	45708	199892	0.10185185185185185	0.22866347827827027	0.44542247244181254
ALL	0.61	last_action	RY(q=4)	9	108	41840	199892	0.08333333333333333	0.20931302903567928	0.3981277884002549
ALL	0.61	last_action	RX(q=5)	10	108	19404	199892	0.09259259259259259	0.0970724191063174	0.9538506760728983
ALL	0.61	last_action	CNOT(4->5)	8	108	22911	199892	0.07407407407407407	0.11461689312228604	0.6462753618268435
ALL	0.61	last_action	CNOT(1->5)	4	108	318	199892	0.037037037037037035	0.001590859063894503	23.28115536920568
ALL	0.61	last_action	RZ(q=1)	2	108	337	199892	0.018518518518518517	0.0016859103916114701	10.984283987251347
ALL	0.61	last_action	CNOT(5->4)	4	108	15157	199892	0.037037037037037035	0.07582594601084586	0.48844807068730006
ALL	0.61	last_action	CNOT(3->2)	1	108	330	199892	0.009259259259259259	0.001650891481399956	5.608641975308641
ALL	0.61	last_action	CNOT(5->0)	6	108	497	199892	0.05555555555555555	0.0024863426250175094	22.344287949921753
ALL	0.61	last_action	RX(q=2)	4	108	548	199892	0.037037037037037035	0.0027414803994156847	13.509867531765341
ALL	0.61	last_action	RX(q=3)	3	108	539	199892	0.027777777777777776	0.002696456086286595	10.3015873015873
ALL	0.61	last_action	RY(q=3)	2	108	565	199892	0.018518518518518517	0.002826526324215076	6.551687971156998
ALL	0.61	last_action	CNOT(3->0)	3	108	342	199892	0.027777777777777776	0.001710923898905409	16.235542560103962
ALL	0.61	last_action	CNOT(1->2)	2	108	338	199892	0.018518518518518517	0.001690913093070258	10.951786105632259
ALL	0.61	last_action	CNOT(4->0)	4	108	512	199892	0.037037037037037035	0.0025613831468993256	14.459780092592592
ALL	0.61	last_action	RY(q=0)	2	108	550	199892	0.018518518518518517	0.00275148580233326	6.730370370370371
ALL	0.61	last_action	RZ(q=0)	2	108	357	199892	0.018518518518518517	0.001785964420787225	10.368917937545389
ALL	0.61	last_action	CNOT(3->5)	1	108	383	199892	0.009259259259259259	0.0019160346587157064	4.832511362537472
ALL	0.61	last_action	CNOT(5->2)	2	108	523	199892	0.018518518518518517	0.002616412862945991	7.0778273493378645
ALL	0.61	last_action	CNOT(0->3)	1	108	291	199892	0.009259259259259259	0.0014557861245072339	6.3603156421025835
ALL	0.61	last_action	RY(q=1)	3	108	626	199892	0.027777777777777776	0.0031316911132011284	8.869897053603124
ALL	0.61	last_action	RX(q=0)	2	108	566	199892	0.018518518518518517	0.002831529025673864	6.540112550713257
ALL	0.61	last_action	CNOT(0->5)	1	108	384	199892	0.009259259259259259	0.0019210373601744942	4.819926697530864
ALL	0.61	last_action	CNOT(2->0)	1	108	378	199892	0.009259259259259259	0.0018910211514217678	4.896433470507544
ALL	0.61	last_action	CNOT(4->3)	3	108	474	199892	0.027777777777777776	0.0023712804914653913	11.714252226910455
ALL	0.61	last_action	CNOT(2->1)	1	108	355	199892	0.009259259259259259	0.0017759590178696497	5.213667188315075
ALL	0.61	last_action	RY(q=2)	1	108	591	199892	0.009259259259259259	0.0029565965621435575	3.131729021745942
ALL	0.61	last_action	RZ(q=3)	1	108	383	199892	0.009259259259259259	0.0019160346587157064	4.832511362537472
ALL	0.61	last_action	CNOT(5->1)	1	108	424	199892	0.009259259259259259	0.002121145418526004	4.365216631726065
ALL	0.61	last_action	CNOT(2->3)	1	108	347	199892	0.009259259259259259	0.0017359374061993477	5.333867008218593
ALL	0.61	last_action	CNOT(1->3)	1	108	357	199892	0.009259259259259259	0.001785964420787225	5.184458968772694
ALL	0.62	last_action	RY(q=4)	11	84	41838	199916	0.13095238095238096	0.20927789671662098	0.6257344086829244
ALL	0.62	last_action	RY(q=5)	6	84	45713	199916	0.07142857142857142	0.22866103763580703	0.31237753561818926
ALL	0.62	last_action	RX(q=4)	8	84	37385	199916	0.09523809523809523	0.1870035414874247	0.5092849818809428
ALL	0.62	last_action	RY(q=0)	4	84	548	199916	0.047619047619047616	0.0027411512835390866	17.371915189433437
ALL	0.62	last_action	CNOT(3->0)	3	84	342	199916	0.03571428571428571	0.0017107185017707436	20.876775271512113
ALL	0.62	last_action	RX(q=3)	2	84	540	199916	0.023809523809523808	0.002701134476480122	8.814638447971781
ALL	0.62	last_action	CNOT(3->5)	1	84	383	199916	0.011904761904761904	0.001915804637947938	6.213974884993162
ALL	0.62	last_action	CNOT(4->3)	3	84	474	199916	0.03571428571428571	0.0023709958182436624	15.062989752863169
ALL	0.62	last_action	RX(q=5)	7	84	19407	199916	0.08333333333333333	0.09707577182416614	0.8584359595335017
ALL	0.62	last_action	RY(q=3)	2	84	565	199916	0.023809523809523808	0.0028261869985393867	8.424610198061524
ALL	0.62	last_action	CNOT(2->0)	1	84	378	199916	0.011904761904761904	0.001890794133536085	6.2961703199798436
ALL	0.62	last_action	CNOT(4->2)	1	84	534	199916	0.011904761904761904	0.002671121871185898	4.456839664704833
ALL	0.62	last_action	RZ(q=5)	4	84	338	199916	0.047619047619047616	0.0016907100982412613	28.165116934347704
ALL	0.62	last_action	RZ(q=0)	1	84	358	199916	0.011904761904761904	0.0017907521158886733	6.647911678637935
ALL	0.62	last_action	RZ(q=2)	3	84	348	199916	0.03571428571428571	0.0017407311070649673	20.516830870279144
ALL	0.62	last_action	CNOT(5->1)	1	84	424	199916	0.011904761904761904	0.0021208907741251328	5.613095238095237
ALL	0.62	last_action	CNOT(4->5)	6	84	22913	199916	0.07142857142857142	0.11461313751775745	0.6232145195179281
ALL	0.62	last_action	CNOT(4->1)	1	84	476	199916	0.011904761904761904	0.0023810000200084037	4.999899959983993
ALL	0.62	last_action	RY(q=2)	2	84	590	199916	0.023809523809523808	0.0029512395205986515	8.067635189669087
ALL	0.62	last_action	RX(q=0)	2	84	566	199916	0.023809523809523808	0.0028311890994217573	8.409725727746928
ALL	0.62	last_action	RY(q=1)	2	84	627	199916	0.023809523809523808	0.0031363172532463636	7.591554644186222
ALL	0.62	last_action	CNOT(5->2)	4	84	521	199916	0.047619047619047616	0.0026060945597150805	18.272187185814822
ALL	0.62	last_action	CNOT(5->4)	1	84	15160	199916	0.011904761904761904	0.07583184937673823	0.15698894333458976
ALL	0.62	last_action	CNOT(1->5)	2	84	320	199916	0.023809523809523808	0.0016006722823585905	14.87470238095238
ALL	0.62	last_action	RX(q=1)	2	84	503	199916	0.023809523809523808	0.0025160567438324098	9.463031335794755
ALL	0.62	last_action	RZ(q=3)	1	84	383	199916	0.011904761904761904	0.001915804637947938	6.213974884993162
ALL	0.62	last_action	CNOT(0->5)	1	84	384	199916	0.011904761904761904	0.0019208067388303087	6.197792658730158
ALL	0.62	last_action	CNOT(1->3)	1	84	357	199916	0.011904761904761904	0.0017857500150063026	6.666533279978657
ALL	0.62	last_action	CNOT(1->0)	1	84	322	199916	0.011904761904761904	0.0016106764841233318	7.391156462585034
ALL	0.63	last_action	CNOT(5->4)	2	78	15159	199922	0.02564102564102564	0.07582457158291733	0.338162486193359
ALL	0.63	last_action	RY(q=5)	8	78	45711	199922	0.10256410256410256	0.22864417122677844	0.4485751900597343
ALL	0.63	last_action	RX(q=4)	8	78	37385	199922	0.10256410256410256	0.18699792919238503	0.548477210453939
ALL	0.63	last_action	RX(q=5)	9	78	19405	199922	0.11538461538461539	0.09706285451326017	1.1887618179295583
ALL	0.63	last_action	CNOT(0->4)	3	78	378	199922	0.038461538461538464	0.0018907373875811566	20.342083842083845
ALL	0.63	last_action	RZ(q=4)	1	78	379	199922	0.01282051282051282	0.0018957393383419534	6.762803599215208
ALL	0.63	last_action	CNOT(4->5)	4	78	22915	199922	0.05128205128205128	0.11461970168365662	0.4474104410390686
ALL	0.63	last_action	CNOT(4->3)	2	78	475	199922	0.02564102564102564	0.0023759266113784375	10.792010796221323
ALL	0.63	last_action	RX(q=0)	2	78	566	199922	0.02564102564102564	0.0028311041306109384	9.056899519797046
ALL	0.63	last_action	RY(q=3)	1	78	566	199922	0.01282051282051282	0.0028311041306109384	4.528449759898523
ALL	0.63	last_action	CNOT(3->0)	2	78	343	199922	0.02564102564102564	0.0017156691109532717	14.945204455408538
ALL	0.63	last_action	RY(q=4)	6	78	41843	199922	0.07692307692307693	0.20929662568401677	0.36753137644565126
ALL	0.63	last_action	RX(q=1)	2	78	503	199922	0.02564102564102564	0.0025159812326807454	10.191262680328286
ALL	0.63	last_action	CNOT(2->3)	4	78	344	199922	0.05128205128205128	0.0017206710617140685	29.803518187239117
ALL	0.63	last_action	RY(q=2)	1	78	591	199922	0.01282051282051282	0.002956152899630856	4.336890971408738
ALL	0.63	last_action	CNOT(5->0)	1	78	502	199922	0.01282051282051282	0.0025109792819199487	5.105782000204311
ALL	0.63	last_action	RX(q=3)	3	78	539	199922	0.038461538461538464	0.002696051460069427	14.265876980162695
ALL	0.63	last_action	CNOT(3->5)	1	78	383	199922	0.01282051282051282	0.0019157471413851401	6.692173796612439
ALL	0.63	last_action	CNOT(4->2)	1	78	534	199922	0.01282051282051282	0.0026710417062654436	4.799817535772592
ALL	0.63	last_action	RZ(q=1)	1	78	338	199922	0.01282051282051282	0.0016906593571492882	7.583143680776817
ALL	0.63	last_action	CNOT(0->2)	1	78	367	199922	0.01282051282051282	0.001835715929212393	6.983930692377558
ALL	0.63	last_action	RY(q=0)	2	78	550	199922	0.02564102564102564	0.0027510729184381908	9.32037296037296
ALL	0.63	last_action	CNOT(1->5)	2	78	320	199922	0.02564102564102564	0.0016006242434549475	16.019391025641024
ALL	0.63	last_action	CNOT(5->1)	2	78	423	199922	0.02564102564102564	0.0021158251718170085	12.118688246347821
ALL	0.63	last_action	CNOT(2->0)	1	78	378	199922	0.01282051282051282	0.0018907373875811566	6.780694614027947
ALL	0.63	last_action	CNOT(4->0)	2	78	514	199922	0.02564102564102564	0.0025710026910495095	9.97316172802554
ALL	0.63	last_action	CNOT(4->1)	1	78	476	199922	0.01282051282051282	0.0023809285621392345	5.384669252316311
ALL	0.63	last_action	CNOT(5->2)	1	78	524	199922	0.01282051282051282	0.0026210221986574765	4.891417107065962
ALL	0.63	last_action	CNOT(1->2)	1	78	339	199922	0.01282051282051282	0.001695661307910085	7.560774525376295
ALL	0.63	last_action	CNOT(1->3)	1	78	357	199922	0.01282051282051282	0.0017856964216044257	7.179559003088415
ALL	0.63	last_action	CNOT(0->3)	1	78	291	199922	0.01282051282051282	0.0014555676713918428	8.807912591417747
ALL	0.63	last_action	RX(q=2)	1	78	551	199922	0.01282051282051282	0.002756074869198988	4.651728791474707
ALL	0.64	last_action	CNOT(3->5)	2	73	382	199927	0.0273972602739726	0.0019106974045526618	14.338879724592985
ALL	0.64	last_action	RX(q=5)	7	73	19407	199927	0.0958904109589041	0.09707043070720812	0.9878436745391262
ALL	0.64	last_action	RX(q=2)	2	73	550	199927	0.0273972602739726	0.0027510041165025234	9.959003735990038
ALL	0.64	last_action	RX(q=1)	1	73	504	199927	0.0136986301369863	0.002520920135849585	5.433980213089802
ALL	0.64	last_action	CNOT(5->4)	2	73	15159	199927	0.0273972602739726	0.07582267527647592	0.36133333694798603
ALL	0.64	last_action	RX(q=4)	7	73	37386	199927	0.0958904109589041	0.18699825436284243	0.5127877331562837
ALL	0.64	last_action	CNOT(5->0)	3	73	500	199927	0.0410958904109589	0.002500912833184112	16.432356164383563
ALL	0.64	last_action	RY(q=1)	2	73	627	199927	0.0273972602739726	0.0031361446928128765	8.735968189464945
ALL	0.64	last_action	CNOT(1->0)	1	73	322	199927	0.0136986301369863	0.0016105878645705683	8.505360333531863
ALL	0.64	last_action	RY(q=4)	6	73	41843	199927	0.0821917808219178	0.2092913913578456	0.3927145798433086
ALL	0.64	last_action	RX(q=3)	3	73	539	199927	0.0410958904109589	0.002695984034172473	15.243373065290873
ALL	0.64	last_action	RY(q=0)	2	73	550	199927	0.0273972602739726	0.0027510041165025234	9.959003735990038
ALL	0.64	last_action	CNOT(1->4)	2	73	387	199927	0.0273972602739726	0.001935706532884503	14.153622880605996
ALL	0.64	last_action	RY(q=3)	2	73	565	199927	0.0273972602739726	0.0028260315014980468	9.694605406715965
ALL	0.64	last_action	RY(q=2)	2	73	590	199927	0.0273972602739726	0.0029510771431572524	9.28381704202461
ALL	0.64	last_action	CNOT(5->1)	1	73	424	199927	0.0136986301369863	0.0021207740825401273	6.459259498578444
ALL	0.64	last_action	CNOT(0->3)	1	73	291	199927	0.0136986301369863	0.0014555312689131534	9.411429647413264
ALL	0.64	last_action	CNOT(4->5)	7	73	22912	199927	0.0958904109589041	0.11460182966782875	0.8367267018060763
ALL	0.64	last_action	RZ(q=3)	1	73	383	199927	0.0136986301369863	0.00191569923021903	7.15072069816517
ALL	0.64	last_action	CNOT(4->1)	1	73	476	199927	0.0136986301369863	0.0023808690171912747	5.753626107977437
ALL	0.64	last_action	CNOT(2->5)	1	73	323	199927	0.0136986301369863	0.0016155896902369366	8.479027948598327
ALL	0.64	last_action	CNOT(3->4)	2	73	352	199927	0.0273972602739726	0.001760642634561615	15.560943337484431
ALL	0.64	last_action	CNOT(4->3)	2	73	475	199927	0.0273972602739726	0.0023758671915249064	11.531478010093728
ALL	0.64	last_action	RZ(q=4)	1	73	379	199927	0.0136986301369863	0.001895691927553557	7.226190045903061
ALL	0.64	last_action	CNOT(4->0)	1	73	515	199927	0.0136986301369863	0.0025759402181796355	5.31791461630536
ALL	0.64	last_action	CNOT(1->3)	1	73	357	199927	0.0136986301369863	0.0017856517628934562	7.6715014773032495
ALL	0.64	last_action	RX(q=0)	3	73	565	199927	0.0410958904109589	0.0028260315014980468	14.541908110073948
ALL	0.64	last_action	CNOT(3->0)	1	73	344	199927	0.0136986301369863	0.0017206280292306692	7.961412870340872
ALL	0.64	last_action	CNOT(2->0)	1	73	378	199927	0.0136986301369863	0.0018906901018871888	7.245306950786403
ALL	0.64	last_action	CNOT(5->2)	1	73	524	199927	0.0136986301369863	0.0026209566491769494	5.2265763881627105
ALL	0.64	last_action	RY(q=5)	2	73	45717	199927	0.0273972602739726	0.2286684639893561	0.11981214985223265
ALL	0.64	last_action	RZ(q=2)	1	73	350	199927	0.0136986301369863	0.0017506389832288786	7.824931506849314
ALL	0.64	last_action	CNOT(0->4)	1	73	380	199927	0.0136986301369863	0.0019006937532199252	7.207173756308579
ALL	0.65	last_action	CNOT(4->5)	6	66	22913	199934	0.09090909090909091	0.11460281893024699	0.7932535321353896
ALL	0.65	last_action	RX(q=5)	5	66	19409	199934	0.07575757575757576	0.09707703542168916	0.7803861688657402
ALL	0.65	last_action	RZ(q=5)	2	66	340	199934	0.030303030303030304	0.001700561185191113	17.819429590017826
ALL	0.65	last_action	CNOT(5->1)	2	66	423	199934	0.030303030303030304	0.0021156981803995317	14.322945769754282
ALL	0.65	last_action	RY(q=1)	1	66	628	199934	0.015151515151515152	0.0031410365420588794	4.823730939972978
ALL	0.65	last_action	RX(q=4)	4	66	37389	199934	0.06060606060606061	0.18700671221503096	0.3240849480117714
ALL	0.65	last_action	CNOT(2->3)	1	66	347	199934	0.015151515151515152	0.0017355727390038712	8.729979914417955
ALL	0.65	last_action	CNOT(2->0)	1	66	378	199934	0.015151515151515152	0.0018906239058889434	8.014029180695847
ALL	0.65	last_action	RY(q=5)	6	66	45713	199934	0.09090909090909091	0.22864045134894515	0.39760720542992545
ALL	0.65	last_action	RY(q=4)	3	66	41846	199934	0.045454545454545456	0.2092990686926686	0.21717509656619727
ALL	0.65	last_action	RZ(q=3)	1	66	383	199934	0.015151515151515152	0.001915632158612342	7.9094073898251445
ALL	0.65	last_action	CNOT(5->4)	3	66	15158	199934	0.045454545454545456	0.07581501895625556	0.5995453945711237
ALL	0.65	last_action	CNOT(0->5)	1	66	384	199934	0.015151515151515152	0.001920633809157022	7.888809974747475
ALL	0.65	last_action	CNOT(4->0)	2	66	514	199934	0.030303030303030304	0.0025708483799653887	11.787171324136304
ALL	0.65	last_action	RX(q=1)	4	66	501	199934	0.06060606060606061	0.002505826922884552	24.186052138147947
ALL	0.65	last_action	CNOT(0->4)	1	66	380	199934	0.015151515151515152	0.0019006272069783028	7.971850079744817
ALL	0.65	last_action	CNOT(0->3)	1	66	291	199934	0.015151515151515152	0.0014554803085018056	10.409976049151307
ALL	0.65	last_action	CNOT(1->0)	1	66	322	199934	0.015151515151515152	0.0016105314753868778	9.407773386034256
ALL	0.65	last_action	CNOT(1->2)	1	66	339	199934	0.015151515151515152	0.0016955595346464334	8.935997139536962
ALL	0.65	last_action	CNOT(4->1)	1	66	476	199934	0.015151515151515152	0.0023807856592675584	6.364081996434938
ALL	0.65	last_action	CNOT(4->2)	1	66	534	199934	0.015151515151515152	0.0026708813908589836	5.672852116672341
ALL	0.65	last_action	RY(q=0)	1	66	551	199934	0.015151515151515152	0.002755909450118539	5.497827641203322
ALL	0.65	last_action	CNOT(3->5)	3	66	381	199934	0.045454545454545456	0.0019056288575229827	23.852779766165593
ALL	0.65	last_action	RY(q=3)	1	66	566	199934	0.015151515151515152	0.0028309342082887354	5.352125495235036
ALL	0.65	last_action	RX(q=0)	2	66	566	199934	0.030303030303030304	0.0028309342082887354	10.704250990470072
ALL	0.65	last_action	CNOT(5->2)	2	66	523	199934	0.030303030303030304	0.0026158632348675065	11.584332811866272
ALL	0.65	last_action	CNOT(5->0)	2	66	501	199934	0.030303030303030304	0.002505826922884552	12.093026069073973
ALL	0.65	last_action	CNOT(2->5)	2	66	322	199934	0.030303030303030304	0.0016105314753868778	18.81554677206851
ALL	0.65	last_action	CNOT(1->4)	1	66	388	199934	0.015151515151515152	0.0019406404113357408	7.8074820368634805
ALL	0.65	last_action	CNOT(3->0)	1	66	344	199934	0.015151515151515152	0.001720567787369832	8.806113460183228
ALL	0.65	last_action	CNOT(2->1)	1	66	355	199934	0.015151515151515152	0.0017755859433613093	8.533247972684592
ALL	0.65	last_action	CNOT(3->1)	1	66	307	199934	0.015151515151515152	0.0015355067172166815	9.86743658079163
ALL	0.65	last_action	CNOT(3->4)	1	66	353	199934	0.015151515151515152	0.0017655826422719497	8.581594986694137
ALL	0.66	last_action	RX(q=2)	4	49	548	199951	0.08163265306122448	0.0027406714645088048	29.7856398033666
ALL	0.66	last_action	CNOT(5->3)	2	49	454	199951	0.04081632653061224	0.0022705562862901413	17.97635529982918
ALL	0.66	last_action	RY(q=1)	1	49	628	199951	0.02040816326530612	0.0031407694885246884	6.497822695957364
ALL	0.66	last_action	CNOT(5->4)	2	49	15159	199951	0.04081632653061224	0.0758135743257098	0.538377551693545
ALL	0.66	last_action	CNOT(4->1)	3	49	474	199951	0.061224489795918366	0.002370580792294112	25.82678894342547
ALL	0.66	last_action	RX(q=3)	2	49	540	199951	0.04081632653061224	0.0027006616621072163	15.113454270597126
ALL	0.66	last_action	CNOT(4->5)	2	49	22917	199951	0.04081632653061224	0.11461308020465014	0.3561227606633699
ALL	0.66	last_action	RY(q=4)	6	49	41843	199951	0.12244897959183673	0.20926627023620786	0.5851348115184701
ALL	0.66	last_action	RX(q=5)	4	49	19410	199951	0.08163265306122448	0.09707378307685383	0.8409340861537814
ALL	0.66	last_action	RY(q=5)	4	49	45715	199951	0.08163265306122448	0.22863101459857665	0.3570497782400721
ALL	0.66	last_action	RX(q=4)	5	49	37388	199951	0.10204081632653061	0.18698581152382335	0.5457142202125314
ALL	0.66	last_action	CNOT(3->5)	1	49	383	199951	0.02040816326530612	0.0019154692899760442	10.654393350029306
ALL	0.66	last_action	RZ(q=3)	1	49	383	199951	0.02040816326530612	0.0019154692899760442	10.654393350029306
ALL	0.66	last_action	RX(q=0)	1	49	567	199951	0.02040816326530612	0.002835694745212577	7.196882985998632
ALL	0.66	last_action	RZ(q=2)	2	49	349	199951	0.04081632653061224	0.0017454276297692935	23.384714344190396
ALL	0.66	last_action	CNOT(4->0)	1	49	515	199951	0.02040816326530612	0.0025756310296022526	7.923558549633444
ALL	0.66	last_action	RY(q=2)	1	49	591	199951	0.02040816326530612	0.002955724152417342	6.904623778445388
ALL	0.66	last_action	CNOT(5->2)	1	49	524	199951	0.02040816326530612	0.0026206420573040394	7.787466895155008
ALL	0.66	last_action	CNOT(5->1)	1	49	424	199951	0.02040816326530612	0.0021205195272841846	9.624133615710434
ALL	0.66	last_action	CNOT(3->0)	1	49	344	199951	0.02040816326530612	0.0017204215032683007	11.862304224015187
ALL	0.66	last_action	CNOT(1->4)	1	49	388	199951	0.02040816326530612	0.0019404754164770368	10.51709446665264
ALL	0.66	last_action	RZ(q=5)	1	49	341	199951	0.02040816326530612	0.001705417827367705	11.966664671733795
ALL	0.66	last_action	CNOT(3->2)	1	49	330	199951	0.02040816326530612	0.0016504043490655211	12.36555349412492
ALL	0.66	last_action	CNOT(2->1)	1	49	355	199951	0.02040816326530612	0.0017754349815704848	11.494739867778096
ALL	0.67	last_action	CNOT(5->4)	2	49	15159	199951	0.04081632653061224	0.0758135743257098	0.538377551693545
ALL	0.67	last_action	RY(q=4)	4	49	41845	199951	0.08163265306122448	0.20927627268680826	0.39007122983020426
ALL	0.67	last_action	CNOT(0->4)	1	49	380	199951	0.02040816326530612	0.0019004656140754485	10.738506981740063
ALL	0.67	last_action	RY(q=2)	3	49	589	199951	0.061224489795918366	0.002945721701816945	20.784207061432383
ALL	0.67	last_action	RX(q=5)	3	49	19411	199951	0.061224489795918366	0.09707878430215403	0.6306680727002048
ALL	0.67	last_action	RY(q=1)	2	49	627	199951	0.04081632653061224	0.00313576826322449	13.016372099078865
ALL	0.67	last_action	RX(q=3)	2	49	540	199951	0.04081632653061224	0.0027006616621072163	15.113454270597126
ALL	0.67	last_action	CNOT(1->0)	1	49	322	199951	0.02040816326530612	0.0016103945466639327	12.67277221447585
ALL	0.67	last_action	CNOT(2->5)	1	49	323	199951	0.02040816326530612	0.0016153957719641312	12.633537625576546
ALL	0.67	last_action	CNOT(2->4)	1	49	363	199951	0.02040816326530612	0.001815444783972073	11.241412267386293
ALL	0.67	last_action	CNOT(5->3)	1	49	455	199951	0.02040816326530612	0.0022755575115903396	8.968423413321371
ALL	0.67	last_action	CNOT(3->1)	1	49	307	199951	0.02040816326530612	0.0015353761671609545	13.291963039287374
ALL	0.67	last_action	CNOT(4->1)	1	49	476	199951	0.02040816326530612	0.002380583242894509	8.572757674498371
ALL	0.67	last_action	CNOT(3->5)	3	49	381	199951	0.061224489795918366	0.001905466839375647	32.130965772135625
ALL	0.67	last_action	CNOT(5->0)	1	49	502	199951	0.02040816326530612	0.0025106151006996716	8.128750304902836
ALL	0.67	last_action	RY(q=0)	1	49	551	199951	0.02040816326530612	0.0027556751404094002	7.405866883958665
ALL	0.67	last_action	CNOT(2->1)	1	49	355	199951	0.02040816326530612	0.0017754349815704848	11.494739867778096
ALL	0.67	last_action	CNOT(0->2)	1	49	367	199951	0.02040816326530612	0.0018354496851728673	11.118890062837123
ALL	0.67	last_action	RX(q=4)	3	49	37390	199951	0.061224489795918366	0.18699581397442375	0.32741101789739696
ALL	0.67	last_action	RY(q=3)	1	49	566	199951	0.02040816326530612	0.0028306935199123784	7.209598326963294
ALL	0.67	last_action	RY(q=5)	2	49	45717	199951	0.04081632653061224	0.22864101704917705	0.17851707911985581
ALL	0.67	last_action	CNOT(5->2)	2	49	523	199951	0.04081632653061224	0.002615640832003841	15.604713778436803
ALL	0.67	last_action	CNOT(4->5)	5	49	22914	199951	0.10204081632653061	0.11459807652874954	0.8904234644892259
ALL	0.67	last_action	CNOT(1->2)	2	49	338	199951	0.04081632653061224	0.0016904141514671094	24.14575534355754
ALL	0.67	last_action	CNOT(4->3)	1	49	476	199951	0.02040816326530612	0.002380583242894509	8.572757674498371
ALL	0.67	last_action	CNOT(4->0)	2	49	514	199951	0.04081632653061224	0.002570629804302054	15.877948066386088
ALL	0.67	last_action	CNOT(3->2)	1	49	330	199951	0.02040816326530612	0.0016504043490655211	12.36555349412492
ALL	0.68	last_action	RY(q=5)	6	46	45713	199954	0.13043478260869565	0.2286175820438701	0.5705369702653322
ALL	0.68	last_action	RX(q=4)	5	46	37388	199954	0.10869565217391304	0.18698300609140103	0.5813129997534665
ALL	0.68	last_action	CNOT(5->4)	3	46	15158	199954	0.06521739130434782	0.07580743571021335	0.860303355381288
ALL	0.68	last_action	RZ(q=5)	3	46	339	199954	0.06521739130434782	0.0016953899396861278	38.467487495190454
ALL	0.68	last_action	RX(q=0)	1	46	567	199954	0.021739130434782608	0.0028356522000060015	7.66635994172226
ALL	0.68	last_action	RY(q=2)	1	46	591	199954	0.021739130434782608	0.0029556798063554617	7.355035680129478
ALL	0.68	last_action	CNOT(4->5)	1	46	22918	199954	0.021739130434782608	0.11461636176320554	0.18966864852764298
ALL	0.68	last_action	CNOT(5->2)	1	46	524	199954	0.021739130434782608	0.0026206027386298848	8.295469631596415
ALL	0.68	last_action	RX(q=5)	5	46	19409	199954	0.10869565217391304	0.09706732548486152	1.1197965085672938
ALL	0.68	last_action	RX(q=1)	2	46	503	199954	0.043478260869565216	0.002515578583074107	17.283602731437462
ALL	0.68	last_action	RZ(q=2)	1	46	350	199954	0.021739130434782608	0.0017504025925962972	12.419503105590062
ALL	0.68	last_action	RY(q=0)	2	46	550	199954	0.043478260869565216	0.002750632645508467	15.806640316205534
ALL	0.68	last_action	CNOT(0->4)	2	46	379	199954	0.043478260869565216	0.0018954359502685618	22.93839623723758
ALL	0.68	last_action	CNOT(2->3)	1	46	347	199954	0.021739130434782608	0.0017353991418026147	12.526876331286806
ALL	0.68	last_action	CNOT(0->2)	1	46	367	199954	0.021739130434782608	0.0018354221470938317	11.844212770998697
ALL	0.68	last_action	CNOT(2->0)	1	46	378	199954	0.021739130434782608	0.0018904348000040008	11.49953991258339
ALL	0.68	last_action	CNOT(3->4)	1	46	353	199954	0.021739130434782608	0.0017654060433899797	12.313954920556718
ALL	0.68	last_action	CNOT(4->3)	1	46	476	199954	0.021739130434782608	0.002380547525930964	9.131987577639752
ALL	0.68	last_action	RY(q=1)	1	46	628	199954	0.021739130434782608	0.0031407223661442133	6.921697590695098
ALL	0.68	last_action	CNOT(1->5)	1	46	321	199954	0.021739130434782608	0.0016053692349240324	13.54151428958418
ALL	0.68	last_action	RY(q=4)	1	46	41848	199954	0.021739130434782608	0.2092881362713424	0.10387177611729406
ALL	0.68	last_action	CNOT(0->1)	1	46	317	199954	0.021739130434782608	0.0015853646338657892	13.712385132354957
ALL	0.68	last_action	RZ(q=4)	1	46	379	199954	0.021739130434782608	0.0018954359502685618	11.46919811861879
ALL	0.68	last_action	CNOT(5->0)	2	46	501	199954	0.043478260869565216	0.0025055762825449855	17.35259914952703
ALL	0.68	last_action	RZ(q=0)	1	46	358	199954	0.021739130434782608	0.0017904117947127839	12.141972309934419
ALL	0.69	last_action	RY(q=5)	6	39	45713	199961	0.15384615384615385	0.22860957886787925	0.6729646002063039
ALL	0.69	last_action	RY(q=4)	2	39	41847	199961	0.05128205128205128	0.20927580878271262	0.24504529013812834
ALL	0.69	last_action	CNOT(5->1)	1	39	424	199961	0.02564102564102564	0.0021204134806287224	12.092464925012095
ALL	0.69	last_action	RX(q=4)	3	39	37390	199961	0.07692307692307693	0.18698646236016023	0.4113831341164853
ALL	0.69	last_action	RX(q=5)	6	39	19408	199961	0.15384615384615385	0.09705892649066568	1.5850799036083456
ALL	0.69	last_action	CNOT(3->1)	1	39	307	199961	0.02564102564102564	0.001535299383379759	16.700993902948298
ALL	0.69	last_action	CNOT(4->5)	2	39	22917	199961	0.05128205128205128	0.11460734843294443	0.44745866633548265
ALL	0.69	last_action	CNOT(2->5)	1	39	323	199961	0.02564102564102564	0.0016153149864223523	15.873700087322378
ALL	0.69	last_action	CNOT(0->5)	1	39	384	199961	0.02564102564102564	0.0019203744730222393	13.352096688034187
ALL	0.69	last_action	CNOT(3->2)	1	39	330	199961	0.02564102564102564	0.0016503218127534869	15.536985236985236
ALL	0.69	last_action	CNOT(1->0)	1	39	322	199961	0.02564102564102564	0.0016103140112321904	15.922997292562508
ALL	0.69	last_action	RY(q=0)	3	39	549	199961	0.07692307692307693	0.0027455353793989826	28.01751436177666
ALL	0.69	last_action	CNOT(3->5)	1	39	383	199961	0.02564102564102564	0.0019153734978320772	13.38695855928232
ALL	0.69	last_action	CNOT(1->5)	1	39	321	199961	0.02564102564102564	0.0016053130360420282	15.972601645498841
ALL	0.69	last_action	RZ(q=2)	2	39	349	199961	0.05128205128205128	0.0017453403413665665	29.38226434501506
ALL	0.69	last_action	CNOT(2->1)	1	39	355	199961	0.02564102564102564	0.001775346192507539	14.4428313470567
ALL	0.69	last_action	RX(q=2)	1	39	551	199961	0.02564102564102564	0.002755537329779307	9.305272464982083
ALL	0.69	last_action	RX(q=0)	1	39	567	199961	0.02564102564102564	0.0028355529328219003	9.042689820467597
ALL	0.69	last_action	CNOT(5->4)	1	39	15160	199961	0.02564102564102564	0.07581478388285716	0.3382061430214464
ALL	0.69	last_action	CNOT(4->1)	2	39	475	199961	0.05128205128205128	0.002375463215326989	21.588232118758434
ALL	0.69	last_action	RY(q=3)	1	39	566	199961	0.02564102564102564	0.0028305519576317384	9.058666304249343
ALL	0.70	last_action	RY(q=4)	3	38	41846	199962	0.07894736842105263	0.2092697612546384	0.37725167720237357
ALL	0.70	last_action	CNOT(3->1)	1	38	307	199962	0.02631578947368421	0.0015352917054240306	17.140579461683522
ALL	0.70	last_action	RY(q=5)	3	38	45716	199962	0.07894736842105263	0.22862343845330613	0.34531616248601205
ALL	0.70	last_action	RX(q=5)	3	38	19411	199962	0.07894736842105263	0.09707344395435133	0.8132746218232201
ALL	0.70	last_action	CNOT(4->0)	1	38	515	199962	0.02631578947368421	0.0025754893429751654	10.217782319877362
ALL	0.70	last_action	CNOT(1->4)	1	38	388	199962	0.02631578947368421	0.001940368670047309	13.562262615301139
ALL	0.70	last_action	CNOT(5->2)	1	38	524	199962	0.02631578947368421	0.002620497894599974	10.042286058658096
ALL	0.70	last_action	RZ(q=4)	2	38	378	199962	0.05263157894736842	0.001890359168241966	27.842105263157894
ALL	0.70	last_action	CNOT(4->3)	1	38	476	199962	0.02631578947368421	0.0023804522859343273	11.054953560371517
ALL	0.70	last_action	CNOT(5->4)	3	38	15158	199962	0.07894736842105263	0.07580440283653894	1.0414615176283497
ALL	0.70	last_action	RX(q=2)	2	38	550	199962	0.05263157894736842	0.002750522599293866	19.13511961722488
ALL	0.70	last_action	CNOT(5->1)	1	38	424	199962	0.02631578947368421	0.0021204028765465436	12.410749751737836
ALL	0.70	last_action	RX(q=4)	1	38	37392	199962	0.02631578947368421	0.1869955291505386	0.14072951151949192
ALL	0.70	last_action	CNOT(3->4)	2	38	352	199962	0.05263157894736842	0.0017603344635480742	29.898624401913874
ALL	0.70	last_action	RY(q=2)	1	38	591	199962	0.02631578947368421	0.002955561556695772	8.903820464867753
ALL	0.70	last_action	CNOT(4->2)	1	38	534	199962	0.02631578947368421	0.002670507396405317	9.854228267297456
ALL	0.70	last_action	RX(q=3)	1	38	541	199962	0.02631578947368421	0.002705514047669057	9.726724389532055
ALL	0.70	last_action	CNOT(0->4)	2	38	379	199962	0.05263157894736842	0.0018953601184225003	27.76864324399389
ALL	0.70	last_action	RX(q=0)	2	38	566	199962	0.05263157894736842	0.002830537802182415	18.594197507904035
ALL	0.70	last_action	RZ(q=1)	1	38	338	199962	0.02631578947368421	0.0016903211610205938	15.568514481469947
ALL	0.70	last_action	CNOT(4->5)	2	38	22917	199962	0.05263157894736842	0.11460677528730459	0.45923619101425506
ALL	0.70	last_action	CNOT(4->1)	1	38	476	199962	0.02631578947368421	0.0023804522859343273	11.054953560371517
ALL	0.70	last_action	CNOT(3->0)	1	38	344	199962	0.02631578947368421	0.0017203268621037997	15.296970624235005
ALL	0.70	last_action	RZ(q=0)	1	38	358	199962	0.02631578947368421	0.00179034016463128	14.698765069097323
ALL	0.71	last_action	CNOT(4->5)	2	46	22917	199954	0.043478260869565216	0.11461136061294097	0.37935384971475516
ALL	0.71	last_action	RY(q=5)	6	46	45713	199954	0.13043478260869565	0.2286175820438701	0.5705369702653322
ALL	0.71	last_action	RX(q=4)	2	46	37391	199954	0.043478260869565216	0.1869980095421947	0.23250654365791348
ALL	0.71	last_action	CNOT(5->4)	3	46	15158	199954	0.06521739130434782	0.07580743571021335	0.860303355381288
ALL	0.71	last_action	RY(q=3)	2	46	565	199954	0.043478260869565216	0.0028256498994768797	15.386994998076183
ALL	0.71	last_action	CNOT(2->3)	1	46	347	199954	0.021739130434782608	0.0017353991418026147	12.526876331286806
ALL	0.71	last_action	RX(q=0)	2	46	566	199954	0.043478260869565216	0.0028306510497414406	15.359809494546013
ALL	0.71	last_action	CNOT(2->1)	2	46	354	199954	0.043478260869565216	0.0017704071936545406	24.55833947433063
ALL	0.71	last_action	RY(q=2)	2	46	590	199954	0.043478260869565216	0.0029506786560909008	14.735003684598379
ALL	0.71	last_action	CNOT(5->0)	1	46	502	199954	0.021739130434782608	0.0025105774328095464	8.659016109475141
ALL	0.71	last_action	RX(q=5)	7	46	19407	199954	0.15217391304347827	0.0970573231843324	1.5678766738133485
ALL	0.71	last_action	RY(q=4)	2	46	41847	199954	0.043478260869565216	0.20928313512107785	0.2077485165940938
ALL	0.71	last_action	CNOT(3->4)	1	46	353	199954	0.021739130434782608	0.0017654060433899797	12.313954920556718
ALL	0.71	last_action	RY(q=1)	1	46	628	199954	0.021739130434782608	0.0031407223661442133	6.921697590695098
ALL	0.71	last_action	CNOT(4->3)	2	46	475	199954	0.043478260869565216	0.0023755463756664034	18.302425629290617
ALL	0.71	last_action	RX(q=3)	1	46	541	199954	0.021739130434782608	0.0027056222931274194	8.034798681989873
ALL	0.71	last_action	RY(q=0)	2	46	550	199954	0.043478260869565216	0.002750632645508467	15.806640316205534
ALL	0.71	last_action	CNOT(5->3)	1	46	455	199954	0.021739130434782608	0.0022755233703751865	9.55346392737697
ALL	0.71	last_action	RX(q=1)	1	46	504	199954	0.021739130434782608	0.002520579733338668	8.624654934437544
ALL	0.71	last_action	CNOT(4->2)	1	46	534	199954	0.021739130434782608	0.0026706142412754935	8.140123758345545
ALL	0.71	last_action	CNOT(3->5)	1	46	383	199954	0.021739130434782608	0.0019154405513268052	11.34941537064366
ALL	0.71	last_action	CNOT(5->2)	1	46	524	199954	0.021739130434782608	0.0026206027386298848	8.295469631596415
ALL	0.71	last_action	CNOT(1->3)	1	46	357	199954	0.021739130434782608	0.0017854106444482232	12.175983436853
ALL	0.71	last_action	CNOT(0->1)	1	46	317	199954	0.021739130434782608	0.0015853646338657892	13.712385132354957
ALL	0.72	last_action	RY(q=4)	3	32	41846	199968	0.09375	0.20926348215714513	0.4479998088228266
ALL	0.72	last_action	CNOT(5->0)	2	32	501	199968	0.0625	0.0025054008641382623	24.946107784431135
ALL	0.72	last_action	CNOT(1->4)	1	32	388	199968	0.03125	0.0019403104496719475	16.105670103092784
ALL	0.72	last_action	RX(q=4)	4	32	37389	199968	0.125	0.18697491598655785	0.6685388750702078
ALL	0.72	last_action	RX(q=0)	3	32	565	199968	0.09375	0.002825452072331573	33.180530973451326
ALL	0.72	last_action	CNOT(4->5)	1	32	22918	199968	0.03125	0.11460833733397344	0.2726677720568985
ALL	0.72	last_action	RY(q=2)	1	32	591	199968	0.03125	0.0029554728756601054	10.573604060913706
ALL	0.72	last_action	CNOT(1->3)	1	32	357	199968	0.03125	0.0017852856457033126	17.504201680672267
ALL	0.72	last_action	CNOT(4->2)	1	32	534	199968	0.03125	0.002670427268362938	11.702247191011235
ALL	0.72	last_action	CNOT(2->3)	1	32	347	199968	0.03125	0.0017352776444231077	18.00864553314121
ALL	0.72	last_action	CNOT(2->1)	1	32	355	199968	0.03125	0.0017752840454472716	17.60281690140845
ALL	0.72	last_action	RZ(q=2)	1	32	350	199968	0.03125	0.0017502800448071692	17.854285714285716
ALL	0.72	last_action	RZ(q=1)	1	32	338	199968	0.03125	0.0016902704432709234	18.488165680473372
ALL	0.72	last_action	CNOT(0->5)	1	32	384	199968	0.03125	0.0019203072491598655	16.2734375
ALL	0.72	last_action	RY(q=1)	1	32	628	199968	0.03125	0.0031405024803968637	9.950636942675159
ALL	0.72	last_action	RY(q=5)	1	32	45718	199968	0.03125	0.22862658025284047	0.1366857692812459
ALL	0.72	last_action	CNOT(3->2)	1	32	330	199968	0.03125	0.0016502640422467595	18.936363636363637
ALL	0.72	last_action	CNOT(5->4)	1	32	15160	199968	0.03125	0.07581212994079052	0.41220316622691294
ALL	0.72	last_action	RZ(q=3)	1	32	383	199968	0.03125	0.001915306449031845	16.315926892950394
ALL	0.72	last_action	CNOT(2->0)	1	32	378	199968	0.03125	0.0018903024483917427	16.53174603174603
ALL	0.72	last_action	CNOT(4->3)	1	32	476	199968	0.03125	0.00238038086093775	13.128151260504202
ALL	0.72	last_action	CNOT(5->2)	1	32	524	199968	0.03125	0.0026204192670827332	11.92557251908397
ALL	0.72	last_action	CNOT(3->5)	1	32	383	199968	0.03125	0.001915306449031845	16.315926892950394
ALL	0.72	last_action	CNOT(0->4)	1	32	380	199968	0.03125	0.0019003040486477837	16.44473684210526
ALL	0.73	last_action	RY(q=0)	1	38	551	199962	0.02631578947368421	0.0027555235494744	9.550195816219313
ALL	0.73	last_action	CNOT(5->4)	6	38	15155	199962	0.15789473684210525	0.07578939998599733	2.0833353591831774
ALL	0.73	last_action	CNOT(2->4)	1	38	363	199962	0.02631578947368421	0.0018153449155339514	14.496302740321878
ALL	0.73	last_action	RY(q=5)	4	38	45715	199962	0.10526315789473684	0.2286184375031256	0.46043162154538697
ALL	0.73	last_action	CNOT(2->1)	1	38	355	199962	0.02631578947368421	0.001775337314089677	14.822979985174202
ALL	0.73	last_action	RY(q=3)	2	38	565	199962	0.05263157894736842	0.0028255368520018805	18.62710759198882
ALL	0.73	last_action	CNOT(4->0)	2	38	514	199962	0.05263157894736842	0.002570488392794631	20.47532254761417
ALL	0.73	last_action	RX(q=3)	4	38	538	199962	0.10526315789473684	0.002690511197127454	39.12385051848953
ALL	0.73	last_action	CNOT(3->0)	1	38	344	199962	0.02631578947368421	0.0017203268621037997	15.296970624235005
ALL	0.73	last_action	RX(q=5)	3	38	19411	199962	0.07894736842105263	0.09707344395435133	0.8132746218232201
ALL	0.73	last_action	CNOT(4->5)	2	38	22917	199962	0.05263157894736842	0.11460677528730459	0.45923619101425506
ALL	0.73	last_action	RY(q=1)	1	38	628	199962	0.02631578947368421	0.003140596713375541	8.37923231645994
ALL	0.73	last_action	CNOT(5->3)	2	38	454	199962	0.05263157894736842	0.002270431381962573	23.181312311616043
ALL	0.73	last_action	RX(q=4)	3	38	37390	199962	0.07894736842105263	0.18698552725017753	0.4222111175236835
ALL	0.73	last_action	RY(q=4)	1	38	41848	199962	0.02631578947368421	0.20927976315499944	0.12574454919558503
ALL	0.73	last_action	RZ(q=5)	1	38	341	199962	0.02631578947368421	0.0017053240115621968	15.431548078407161
ALL	0.73	last_action	CNOT(1->4)	1	38	388	199962	0.02631578947368421	0.001940368670047309	13.562262615301139
ALL	0.73	last_action	CNOT(5->1)	1	38	424	199962	0.02631578947368421	0.0021204028765465436	12.410749751737836
ALL	0.73	last_action	CNOT(2->5)	1	38	323	199962	0.02631578947368421	0.0016153069083125794	16.291510510021183
ALL	0.74	last_action	RX(q=2)	2	37	550	199963	0.05405405405405406	0.002750508844136165	19.652383292383295
ALL	0.74	last_action	RY(q=5)	2	37	45717	199963	0.05405405405405406	0.2286272960497692	0.23642869853251114
ALL	0.74	last_action	RX(q=0)	1	37	567	199963	0.02702702702702703	0.0028355245720458285	9.531579198245865
ALL	0.74	last_action	CNOT(5->1)	2	37	423	199963	0.05405405405405406	0.002115391347399269	25.5527442335953
ALL	0.74	last_action	CNOT(2->5)	1	37	323	199963	0.02702702702702703	0.0016152988302836025	16.731905279892896
ALL	0.74	last_action	RX(q=5)	5	37	19409	199963	0.13513513513513514	0.0970629566469797	1.3922421055709735
ALL	0.74	last_action	CNOT(5->2)	1	37	524	199963	0.02702702702702703	0.002620484789686092	10.313750773674439
ALL	0.74	last_action	CNOT(3->2)	2	37	329	199963	0.05405405405405406	0.0016453043813105424	32.85352830033681
ALL	0.74	last_action	RY(q=1)	1	37	628	199963	0.02702702702702703	0.003140581007486385	8.60574109140988
ALL	0.74	last_action	RY(q=2)	3	37	589	199963	0.08108108108108109	0.002945544925811275	27.5266828798238
ALL	0.74	last_action	RY(q=4)	1	37	41848	199963	0.02702702702702703	0.20927871656256408	0.12914369636315728
ALL	0.74	last_action	RZ(q=0)	1	37	358	199963	0.02702702702702703	0.0017903312112740857	15.096104484372642
ALL	0.74	last_action	RX(q=3)	1	37	541	199963	0.02702702702702703	0.0027055005175957553	9.989658790028477
ALL	0.74	last_action	CNOT(5->4)	2	37	15159	199963	0.05405405405405406	0.07580902466956387	0.7130292770506506
ALL	0.74	last_action	CNOT(1->5)	2	37	320	199963	0.05405405405405406	0.0016002960547701324	33.77753378378379
ALL	0.74	last_action	RX(q=1)	1	37	504	199963	0.02702702702702703	0.0025204662862629585	10.7230265980266
ALL	0.74	last_action	RX(q=4)	1	37	37392	199963	0.02702702702702703	0.18699459399989	0.14453373463322117
ALL	0.74	last_action	RY(q=0)	1	37	551	199963	0.02702702702702703	0.002755509769307322	9.808358267523422
ALL	0.74	last_action	CNOT(0->4)	1	37	380	199963	0.02702702702702703	0.0019003515650395323	14.222119487908962
ALL	0.74	last_action	CNOT(0->1)	1	37	317	199963	0.02702702702702703	0.0015852932792566625	17.048597493392446
ALL	0.74	last_action	CNOT(5->3)	1	37	455	199963	0.02702702702702703	0.002275420952876282	11.87781407781408
ALL	0.74	last_action	CNOT(4->3)	1	37	476	199963	0.02702702702702703	0.002380440381470572	11.353792868498752
ALL	0.74	last_action	CNOT(1->2)	1	37	339	199963	0.02702702702702703	0.001695313633022109	15.942198836004147
ALL	0.74	last_action	CNOT(3->1)	1	37	307	199963	0.02702702702702703	0.0015352840275450958	17.603926401972007
ALL	0.74	last_action	CNOT(1->3)	1	37	357	199963	0.02702702702702703	0.001785330286102929	15.138390491331668
ALL	0.75	last_action	RY(q=0)	2	35	550	199965	0.05714285714285714	0.002750481334233491	20.77558441558441
ALL	0.75	last_action	RY(q=5)	1	35	45718	199965	0.02857142857142857	0.22863001025179405	0.12496797135232762
ALL	0.75	last_action	RY(q=3)	2	35	565	199965	0.05714285714285714	0.002825494461530768	20.22402022756005
ALL	0.75	last_action	CNOT(5->4)	2	35	15159	199965	0.05714285714285714	0.07580826644662816	0.7537813463006418
ALL	0.75	last_action	CNOT(1->4)	1	35	388	199965	0.02857142857142857	0.001940339559422899	14.724963181148748
ALL	0.75	last_action	RX(q=5)	2	35	19412	199965	0.05714285714285714	0.09707698847298277	0.5886344234788496
ALL	0.75	last_action	CNOT(4->3)	1	35	476	199965	0.02857142857142857	0.0023804165729002574	12.002701080432173
ALL	0.75	last_action	RZ(q=1)	1	35	338	199965	0.02857142857142857	0.001690295801765309	16.90321217244294
ALL	0.75	last_action	RY(q=4)	1	35	41848	199965	0.02857142857142857	0.20927662340909658	0.13652470164131414
ALL	0.75	last_action	RX(q=0)	3	35	565	199965	0.08571428571428572	0.002825494461530768	30.336030341340074
ALL	0.75	last_action	RX(q=4)	2	35	37391	199965	0.05714285714285714	0.186987722851499	0.3055968395756045
ALL	0.75	last_action	RY(q=2)	2	35	590	199965	0.05714285714285714	0.002950516340359563	19.367070217917675
ALL	0.75	last_action	CNOT(5->3)	2	35	454	199965	0.05714285714285714	0.0022703973195309177	25.168659534298303
ALL	0.75	last_action	CNOT(2->3)	1	35	347	199965	0.02857142857142857	0.0017353036781436752	16.464800329353643
ALL	0.75	last_action	CNOT(2->0)	2	35	377	199965	0.05714285714285714	0.0018853299327382291	30.309208033345964
ALL	0.75	last_action	RX(q=1)	1	35	504	199965	0.02857142857142857	0.002520441077188508	11.335884353741495
ALL	0.75	last_action	CNOT(5->2)	1	35	524	199965	0.02857142857142857	0.002620458580251544	10.903217011995638
ALL	0.75	last_action	CNOT(2->4)	1	35	363	199965	0.02857142857142857	0.001815317680594104	15.739079102715467
ALL	0.75	last_action	CNOT(4->5)	2	35	22917	199965	0.05714285714285714	0.11460505588477983	0.49860677351186583
ALL	0.75	last_action	CNOT(1->3)	3	35	355	199965	0.08571428571428572	0.0017753106793688895	48.28128772635815
ALL	0.75	last_action	CNOT(1->0)	1	35	322	199965	0.02857142857142857	0.0016102817993148802	17.743123336291035
ALL	0.75	last_action	CNOT(3->2)	1	35	330	199965	0.02857142857142857	0.0016502888005400945	17.312987012987012
ALL	0.76	last_action	RX(q=4)	4	27	37389	199973	0.14814814814814814	0.18697024098253265	0.7923621821827176
ALL	0.76	last_action	CNOT(4->5)	1	27	22918	199973	0.037037037037037035	0.11460547173868472	0.32316988425723914
ALL	0.76	last_action	RY(q=0)	1	27	551	199973	0.037037037037037035	0.0027553719752166543	13.441755730321972
ALL	0.76	last_action	RY(q=2)	1	27	591	199973	0.037037037037037035	0.0029553989788621464	12.531992229115748
ALL	0.76	last_action	CNOT(3->2)	1	27	330	199973	0.037037037037037035	0.0016502227800753101	22.443658810325477
ALL	0.76	last_action	RX(q=5)	1	27	19413	199973	0.037037037037037035	0.09707810554424848	0.38151792136235546
ALL	0.76	last_action	CNOT(2->1)	1	27	355	199973	0.037037037037037035	0.0017752396573537427	20.863119457485656
ALL	0.76	last_action	RZ(q=3)	1	27	383	199973	0.037037037037037035	0.0019152585599055871	19.337878348322214
ALL	0.76	last_action	RY(q=3)	1	27	566	199973	0.037037037037037035	0.002830382101583714	13.085525454783404
ALL	0.76	last_action	RY(q=4)	3	27	41846	199973	0.1111111111111111	0.2092582498637316	0.5309760125752097
ALL	0.76	last_action	RY(q=5)	3	27	45716	199973	0.1111111111111111	0.22861086246643297	0.4860272600888577
ALL	0.76	last_action	CNOT(2->5)	1	27	323	199973	0.037037037037037035	0.001615218054437349	22.93005389290219
ALL	0.76	last_action	CNOT(1->5)	1	27	321	199973	0.037037037037037035	0.0016052167042550744	23.072920272297218
ALL	0.76	last_action	CNOT(5->2)	2	27	523	199973	0.07407407407407407	0.00261535307266481	28.322781672686066
ALL	0.76	last_action	CNOT(1->0)	1	27	322	199973	0.037037037037037035	0.0016102173793462117	23.001265240395675
ALL	0.76	last_action	CNOT(5->4)	2	27	15159	199973	0.07407407407407407	0.07580523370655039	0.9771630592265198
ALL	0.76	last_action	RZ(q=4)	1	27	379	199973	0.037037037037037035	0.001895255859541038	19.54197205120688
ALL	0.76	last_action	CNOT(4->0)	1	27	515	199973	0.037037037037037035	0.0025753476719357115	14.381373606616323
ALL	0.77	last_action	RY(q=5)	3	29	45716	199971	0.10344827586206896	0.22861314890659146	0.4525036130110638
ALL	0.77	last_action	CNOT(4->5)	2	29	22917	199971	0.06896551724137931	0.114601617234499	0.6017848517814662
ALL	0.77	last_action	RX(q=5)	3	29	19411	199971	0.10344827586206896	0.0970690750158773	1.0657181583851318
ALL	0.77	last_action	RY(q=3)	3	29	564	199971	0.10344827586206896	0.0028204089592990984	36.67846661775495
ALL	0.77	last_action	CNOT(1->2)	2	29	338	199971	0.06896551724137931	0.0016902450855374028	40.80208120791675
ALL	0.77	last_action	RZ(q=4)	1	29	379	199971	0.034482758620689655	0.0018952748148481529	18.194067873714857
ALL	0.77	last_action	CNOT(5->4)	2	29	15159	199971	0.06896551724137931	0.07580599186882098	0.9097634044644015
ALL	0.77	last_action	RX(q=4)	2	29	37391	199971	0.06896551724137931	0.18698211240629892	0.3688348385514124
ALL	0.77	last_action	RZ(q=1)	2	29	337	199971	0.06896551724137931	0.0016852443604322626	40.92315563286606
ALL	0.77	last_action	CNOT(0->4)	1	29	380	199971	0.034482758620689655	0.0019002755399532933	18.146188747731397
ALL	0.77	last_action	CNOT(5->3)	1	29	455	199971	0.034482758620689655	0.0022753299228388114	15.15505873436908
ALL	0.77	last_action	CNOT(4->2)	1	29	534	199971	0.034482758620689655	0.002670387206144891	12.913018209996126
ALL	0.77	last_action	CNOT(0->3)	1	29	291	199971	0.034482758620689655	0.0014552110055958114	23.696054034838248
ALL	0.77	last_action	CNOT(4->1)	1	29	476	199971	0.034482758620689655	0.002380345150046757	14.486453201970441
ALL	0.77	last_action	RY(q=4)	1	29	41848	199971	0.034482758620689655	0.20927034419990898	0.16477613563701804
ALL	0.77	last_action	RZ(q=3)	1	29	383	199971	0.034482758620689655	0.001915277715268714	18.00405149905465
ALL	0.77	last_action	CNOT(1->0)	1	29	322	199971	0.034482758620689655	0.001610233483855159	21.414756907260653
ALL	0.77	last_action	CNOT(1->4)	1	29	388	199971	0.034482758620689655	0.0019402813407944151	17.772040526128688
ALL	0.78	last_action	RX(q=4)	2	29	37391	199971	0.06896551724137931	0.18698211240629892	0.3688348385514124
ALL	0.78	last_action	RX(q=5)	2	29	19412	199971	0.06896551724137931	0.09707407574098244	0.7104421722787896
ALL	0.78	last_action	CNOT(3->0)	2	29	343	199971	0.06896551724137931	0.0017152487110631042	40.20729868302001
ALL	0.78	last_action	RY(q=5)	4	29	45715	199971	0.13793103448275862	0.2286081481814863	0.6033513484972487
ALL	0.78	last_action	CNOT(4->5)	3	29	22916	199971	0.10344827586206896	0.11459661650939386	0.9027166683720454
ALL	0.78	last_action	CNOT(0->2)	1	29	367	199971	0.034482758620689655	0.00183526611358647	18.788969275580193
ALL	0.78	last_action	RX(q=0)	2	29	566	199971	0.06896551724137931	0.002830410409509379	24.36590715243085
ALL	0.78	last_action	CNOT(2->1)	1	29	355	199971	0.034482758620689655	0.001775257412324787	19.424089363768818
ALL	0.78	last_action	CNOT(2->4)	2	29	362	199971	0.06896551724137931	0.0018102624880607689	38.096970851590775
ALL	0.78	last_action	CNOT(1->5)	2	29	320	199971	0.06896551724137931	0.0016002320336448786	43.09719827586206
ALL	0.78	last_action	CNOT(3->1)	1	29	307	199971	0.034482758620689655	0.0015352226072780552	22.46108053465124
ALL	0.78	last_action	CNOT(2->3)	1	29	347	199971	0.034482758620689655	0.001735251611483665	19.871906985988275
ALL	0.78	last_action	CNOT(4->0)	1	29	515	199971	0.034482758620689655	0.002575373429147226	13.389420823568798
ALL	0.78	last_action	CNOT(4->1)	1	29	476	199971	0.034482758620689655	0.002380345150046757	14.486453201970441
ALL	0.78	last_action	RY(q=3)	1	29	566	199971	0.034482758620689655	0.002830410409509379	12.182953576215425
ALL	0.78	last_action	CNOT(4->3)	1	29	476	199971	0.034482758620689655	0.002380345150046757	14.486453201970441
ALL	0.78	last_action	CNOT(0->5)	1	29	384	199971	0.034482758620689655	0.0019202784403738542	17.95716594827586
ALL	0.78	last_action	CNOT(5->4)	1	29	15160	199971	0.034482758620689655	0.07581099259392612	0.4548516968428714
ALL	0.79	last_action	RY(q=4)	1	22	41848	199978	0.045454545454545456	0.20926301893208252	0.21721250934116546
ALL	0.79	last_action	CNOT(2->0)	1	22	378	199978	0.045454545454545456	0.0018902079228715158	24.04737854737855
ALL	0.79	last_action	RX(q=3)	2	22	540	199978	0.09090909090909091	0.0027002970326735942	33.66632996632997
ALL	0.79	last_action	CNOT(2->3)	1	22	347	199978	0.045454545454545456	0.0017351908709958095	26.19570343201467
ALL	0.79	last_action	CNOT(2->5)	1	22	323	199978	0.045454545454545456	0.0016151776695436499	28.142133408387277
ALL	0.79	last_action	CNOT(5->2)	2	22	523	199978	0.09090909090909091	0.002615287681644981	34.760646619155224
ALL	0.79	last_action	RX(q=5)	3	22	19411	199978	0.13636363636363635	0.09706567722449469	1.404859475180427
ALL	0.79	last_action	RX(q=1)	2	22	503	199978	0.09090909090909091	0.0025152766804348477	36.14277968552323
ALL	0.79	last_action	CNOT(3->2)	1	22	330	199978	0.045454545454545456	0.0016501815199671964	27.545179063360884
ALL	0.79	last_action	RY(q=5)	2	22	45717	199978	0.09090909090909091	0.22861014711618277	0.39765991167001735
ALL	0.79	last_action	CNOT(5->3)	1	22	455	199978	0.045454545454545456	0.0022752502775305284	19.977822177822176
ALL	0.79	last_action	CNOT(2->1)	1	22	355	199978	0.045454545454545456	0.0017751952714798627	25.60537772087068
ALL	0.79	last_action	CNOT(1->3)	1	22	357	199978	0.045454545454545456	0.0017851963716008761	25.46193022663611
ALL	0.79	last_action	RX(q=4)	1	22	37392	199978	0.045454545454545456	0.18698056786246486	0.24309769712529664
ALL	0.79	last_action	CNOT(4->2)	1	22	534	199978	0.045454545454545456	0.002670293732310554	17.022301668369085
ALL	0.79	last_action	CNOT(3->0)	1	22	344	199978	0.045454545454545456	0.0017201892208142896	26.424154334038054
ALL	0.80	last_action	CNOT(2->0)	1	28	378	199972	0.03571428571428571	0.0018902646370491868	18.893801965230537
ALL	0.80	last_action	RY(q=2)	2	28	590	199972	0.07142857142857142	0.002950413057828096	24.209685230024213
ALL	0.80	last_action	RX(q=3)	3	28	539	199972	0.10714285714285714	0.002695377352829396	39.75059634243308
ALL	0.80	last_action	RX(q=4)	5	28	37388	199972	0.17857142857142858	0.18696617526453704	0.9551001849332864
ALL	0.80	last_action	RY(q=4)	3	28	41846	199972	0.10714285714285714	0.2092592963014822	0.5120100231460935
ALL	0.80	last_action	CNOT(0->3)	1	28	291	199972	0.03571428571428571	0.0014552037285219931	24.542464408443788
ALL	0.80	last_action	RX(q=2)	1	28	551	199972	0.03571428571428571	0.0027553857540055606	12.961628208452165
ALL	0.80	last_action	RX(q=5)	1	28	19413	199972	0.03571428571428571	0.09707859100274038	0.3678904416039325
ALL	0.80	last_action	CNOT(4->1)	1	28	476	199972	0.03571428571428571	0.0023803332466545315	15.00390156062425
ALL	0.80	last_action	CNOT(5->4)	2	28	15159	199972	0.07142857142857142	0.07580561278579001	0.9422596665818513
ALL	0.80	last_action	CNOT(4->2)	1	28	534	199972	0.03571428571428571	0.0026703738523393273	13.37426431246656
ALL	0.80	last_action	CNOT(4->3)	1	28	476	199972	0.03571428571428571	0.0023803332466545315	15.00390156062425
ALL	0.80	last_action	CNOT(1->4)	1	28	388	199972	0.03571428571428571	0.0019402716380293242	18.40684830633284
ALL	0.80	last_action	CNOT(3->4)	2	28	352	199972	0.07142857142857142	0.00176024643450083	40.57873376623377
ALL	0.80	last_action	RY(q=0)	1	28	551	199972	0.03571428571428571	0.0027553857540055606	12.961628208452165
ALL	0.80	last_action	RY(q=5)	1	28	45718	199972	0.03571428571428571	0.22862200708099134	0.15621543249610967
ALL	0.80	last_action	CNOT(5->0)	1	28	502	199972	0.03571428571428571	0.0025103514492028885	14.226807057484347
ALL	0.81	last_action	RY(q=4)	5	32	41844	199968	0.15625	0.2092534805568891	0.7467020361342127
ALL	0.81	last_action	RY(q=1)	3	32	626	199968	0.09375	0.0031305008801408227	29.947284345047922
ALL	0.81	last_action	RX(q=2)	1	32	551	199968	0.03125	0.002755440870539286	11.341197822141561
ALL	0.81	last_action	RZ(q=0)	1	32	358	199968	0.03125	0.001790286445831333	17.455307262569832
ALL	0.81	last_action	CNOT(5->1)	2	32	423	199968	0.0625	0.0021153384541526643	29.546099290780145
ALL	0.81	last_action	CNOT(4->5)	3	32	22916	199968	0.09375	0.11459833573371739	0.8180747076278583
ALL	0.81	last_action	CNOT(0->4)	1	32	380	199968	0.03125	0.0019003040486477837	16.44473684210526
ALL	0.81	last_action	RX(q=5)	3	32	19411	199968	0.09375	0.0970705312850056	0.965792591829375
ALL	0.81	last_action	RX(q=4)	2	32	37391	199968	0.0625	0.1869849175868139	0.33425155786151745
ALL	0.81	last_action	CNOT(2->1)	1	32	355	199968	0.03125	0.0017752840454472716	17.60281690140845
ALL	0.81	last_action	RX(q=0)	2	32	566	199968	0.0625	0.0028304528724595935	22.081272084805654
ALL	0.81	last_action	RY(q=5)	2	32	45717	199968	0.0625	0.22862157945271244	0.2733775182098563
ALL	0.81	last_action	CNOT(3->1)	2	32	306	199968	0.0625	0.0015302448391742679	40.84313725490196
ALL	0.81	last_action	CNOT(1->4)	1	32	388	199968	0.03125	0.0019403104496719475	16.105670103092784
ALL	0.81	last_action	CNOT(3->0)	1	32	344	199968	0.03125	0.0017202752440390462	18.165697674418606
ALL	0.81	last_action	RZ(q=2)	1	32	350	199968	0.03125	0.0017502800448071692	17.854285714285716
ALL	0.81	last_action	CNOT(2->5)	1	32	323	199968	0.03125	0.001615258441350616	19.346749226006192
ALL	0.82	last_action	RX(q=4)	1	25	37392	199975	0.04	0.1869833729216152	0.21392276422764228
ALL	0.82	last_action	CNOT(4->5)	1	25	22918	199975	0.04	0.11460432554069258	0.34902696570381364
ALL	0.82	last_action	CNOT(0->1)	1	25	317	199975	0.04	0.001585198149768721	25.23343848580442
ALL	0.82	last_action	RY(q=0)	1	25	551	199975	0.04	0.0027553444180522567	14.517241379310343
ALL	0.82	last_action	RX(q=3)	2	25	540	199975	0.08	0.002700337542192774	29.62592592592593
ALL	0.82	last_action	RY(q=1)	1	25	628	199975	0.04	0.0031403925490686335	12.737261146496815
ALL	0.82	last_action	CNOT(1->4)	1	25	388	199975	0.04	0.0019402425303162896	20.6159793814433
ALL	0.82	last_action	RY(q=2)	3	25	589	199975	0.12	0.0029453681710213775	40.74193548387097
ALL	0.82	last_action	RX(q=0)	1	25	567	199975	0.04	0.0028353544193024127	14.107583774250442
ALL	0.82	last_action	CNOT(4->1)	1	25	476	199975	0.04	0.002380297537192149	16.804621848739497
ALL	0.82	last_action	RZ(q=3)	1	25	383	199975	0.04	0.0019152394049256156	20.885117493472585
ALL	0.82	last_action	RX(q=2)	1	25	551	199975	0.04	0.0027553444180522567	14.517241379310343
ALL	0.82	last_action	RX(q=5)	3	25	19411	199975	0.12	0.09706713339167396	1.2362577919736233
ALL	0.82	last_action	CNOT(3->2)	1	25	330	199975	0.04	0.0016502062757844731	24.23939393939394
ALL	0.82	last_action	CNOT(5->3)	1	25	455	199975	0.04	0.002275284410551319	17.58021978021978
ALL	0.82	last_action	RY(q=3)	1	25	566	199975	0.04	0.0028303537942242782	14.13250883392226
ALL	0.82	last_action	RY(q=4)	2	25	41847	199975	0.08	0.2092611576447056	0.38229741678017537
ALL	0.82	last_action	CNOT(1->5)	2	25	320	199975	0.08	0.0016002000250031254	49.99375
ALL	0.83	last_action	RY(q=5)	4	19	45715	199981	0.21052631578947367	0.22859671668808537	0.9209507417236079
ALL	0.83	last_action	RX(q=5)	5	19	19409	199981	0.2631578947368421	0.09705422015091433	2.7114523647466857
ALL	0.83	last_action	CNOT(2->3)	1	19	347	199981	0.05263157894736842	0.0017351648406598627	30.332322159866525
ALL	0.83	last_action	CNOT(4->5)	1	19	22918	199981	0.05263157894736842	0.114600887084273	0.45925978660763084
ALL	0.83	last_action	RX(q=0)	1	19	567	199981	0.05263157894736842	0.002835269350588306	18.563167177202264
ALL	0.83	last_action	CNOT(1->2)	1	19	339	199981	0.05263157894736842	0.0016951610402988284	31.048129172488743
ALL	0.83	last_action	CNOT(4->1)	1	19	476	199981	0.05263157894736842	0.0023802261214815406	22.11200796107917
ALL	0.83	last_action	CNOT(4->3)	2	19	475	199981	0.10526315789473684	0.0023752256464364113	44.31711911357341
ALL	0.83	last_action	RX(q=1)	1	19	504	199981	0.05263157894736842	0.002520239422745161	20.883563074352544
ALL	0.83	last_action	RZ(q=4)	1	19	379	199981	0.05263157894736842	0.001895180042104	27.77128176642133
ALL	0.83	last_action	CNOT(0->2)	1	19	367	199981	0.05263157894736842	0.0018351743415624484	28.679334576222573
ALL	0.84	last_action	CNOT(5->2)	1	18	524	199982	0.05555555555555555	0.0026202358212239103	21.20250212044105
ALL	0.84	last_action	RY(q=5)	2	18	45717	199982	0.1111111111111111	0.22860557450170516	0.4860385025750207
ALL	0.84	last_action	CNOT(5->4)	1	18	15160	199982	0.05555555555555555	0.07580682261403526	0.732856933450601
ALL	0.84	last_action	CNOT(0->1)	1	18	317	199982	0.05555555555555555	0.0015851426628396557	35.04766912022432
ALL	0.84	last_action	RX(q=3)	1	18	541	199982	0.05555555555555555	0.002705243471912472	20.53624974327377
ALL	0.84	last_action	CNOT(0->5)	1	18	384	199982	0.05555555555555555	0.0019201728155533997	28.93258101851852
ALL	0.84	last_action	CNOT(0->3)	1	18	291	199982	0.05555555555555555	0.0014551309617865608	38.179075983199695
ALL	0.84	last_action	CNOT(2->5)	1	18	323	199982	0.05555555555555555	0.0016151453630826775	34.39662882696938
ALL	0.84	last_action	RY(q=0)	1	18	551	199982	0.05555555555555555	0.002755247972317509	20.163541036499293
ALL	0.84	last_action	RX(q=1)	1	18	504	199982	0.05555555555555555	0.002520226820413837	22.043871252204585
ALL	0.84	last_action	RX(q=0)	1	18	567	199982	0.05555555555555555	0.002835255172965567	19.594552224181854
ALL	0.84	last_action	CNOT(3->1)	2	18	306	199982	0.1111111111111111	0.0015301377123941155	72.61510530137981
ALL	0.84	last_action	RX(q=5)	1	18	19413	199982	0.05555555555555555	0.09707373663629727	0.5723026379802766
ALL	0.84	last_action	CNOT(4->0)	1	18	515	199982	0.05555555555555555	0.0025752317708593775	21.573031283710893
ALL	0.84	last_action	CNOT(4->5)	1	18	22918	199982	0.05555555555555555	0.11460031402826254	0.4847766432983293
ALL	0.84	last_action	CNOT(5->0)	1	18	502	199982	0.05555555555555555	0.00251022592033283	22.13169544046038
ALL	0.85	last_action	CNOT(5->4)	3	25	15158	199975	0.12	0.0757994749343668	1.5831244227470642
ALL	0.85	last_action	RX(q=5)	2	25	19412	199975	0.08	0.09707213401675209	0.8241294044920668
ALL	0.85	last_action	CNOT(4->0)	1	25	515	199975	0.04	0.002575321915239405	15.532038834951457
ALL	0.85	last_action	RY(q=4)	2	25	41847	199975	0.08	0.2092611576447056	0.38229741678017537
ALL	0.85	last_action	CNOT(4->5)	3	25	22916	199975	0.12	0.11459432429053631	1.0471722813754583
ALL	0.85	last_action	CNOT(2->1)	1	25	355	199975	0.04	0.0017752219027378422	22.532394366197185
ALL	0.85	last_action	RZ(q=5)	2	25	340	199975	0.08	0.0017002125265658207	47.05294117647059
ALL	0.85	last_action	RX(q=4)	2	25	37391	199975	0.08	0.18697837229653708	0.4278569709288331
ALL	0.85	last_action	CNOT(0->2)	1	25	367	199975	0.04	0.0018352294036754594	21.795640326975477
ALL	0.85	last_action	RX(q=0)	2	25	566	199975	0.08	0.0028303537942242782	28.26501766784452
ALL	0.85	last_action	CNOT(5->2)	1	25	524	199975	0.04	0.002620327540942618	15.265267175572518
ALL	0.85	last_action	RY(q=2)	1	25	591	199975	0.04	0.0029553694211776472	13.534686971235194
ALL	0.85	last_action	CNOT(4->3)	1	25	476	199975	0.04	0.002380297537192149	16.804621848739497
ALL	0.85	last_action	RX(q=1)	1	25	504	199975	0.04	0.0025203150393799225	15.871031746031747
ALL	0.85	last_action	RY(q=0)	1	25	551	199975	0.04	0.0027553444180522567	14.517241379310343
ALL	0.85	last_action	RY(q=5)	1	25	45718	199975	0.04	0.22861857732216528	0.17496390918237892
ALL	0.86	last_action	CNOT(5->4)	1	13	15160	199987	0.07692307692307693	0.07580492732027581	1.0147503551857116
ALL	0.86	last_action	CNOT(4->2)	1	13	534	199987	0.07692307692307693	0.002670173561281483	28.808268510515706
ALL	0.86	last_action	RY(q=1)	1	13	628	199987	0.07692307692307693	0.0031402041132673622	24.496202841744246
ALL	0.86	last_action	CNOT(5->1)	2	13	423	199987	0.15384615384615385	0.002115137483936456	72.73577014002545
ALL	0.86	last_action	RX(q=4)	1	13	37392	199987	0.07692307692307693	0.18697215318995736	0.41141461768868703
ALL	0.86	last_action	RY(q=2)	3	13	589	199987	0.23076923076923078	0.0029451914374434337	78.35457751077446
ALL	0.86	last_action	CNOT(2->3)	1	13	347	199987	0.07692307692307693	0.0017351127823308516	44.33318554644203
ALL	0.86	last_action	RY(q=5)	1	13	45718	199987	0.07692307692307693	0.22860485931585553	0.3364892467871601
ALL	0.86	last_action	CNOT(0->2)	1	13	367	199987	0.07692307692307693	0.001835119282753379	41.91720813246699
ALL	0.86	last_action	CNOT(5->2)	1	13	524	199987	0.07692307692307693	0.0026201703110702197	29.358044627128596
ALL	0.87	last_action	CNOT(3->5)	2	18	382	199982	0.1111111111111111	0.0019101719154723926	58.16812100058173
ALL	0.87	last_action	CNOT(2->4)	1	18	363	199982	0.05555555555555555	0.0018151633647028233	30.606366697275785
ALL	0.87	last_action	RX(q=1)	3	18	502	199982	0.16666666666666666	0.00251022592033283	66.39508632138114
ALL	0.87	last_action	RX(q=2)	2	18	550	199982	0.1111111111111111	0.002750247522277005	40.400404040404034
ALL	0.87	last_action	CNOT(3->4)	1	18	353	199982	0.05555555555555555	0.0017651588642977867	31.473402581051307
ALL	0.87	last_action	RY(q=4)	2	18	41847	199982	0.1111111111111111	0.20925383284495605	0.530987220642393
ALL	0.87	last_action	RZ(q=0)	1	18	358	199982	0.05555555555555555	0.001790161114500305	31.03382991930478
ALL	0.87	last_action	RY(q=2)	1	18	591	199982	0.05555555555555555	0.0029552659739376544	18.798834367362286
ALL	0.87	last_action	RX(q=4)	1	18	37392	199982	0.05555555555555555	0.1869768279145123	0.29712535063947126
ALL	0.87	last_action	RY(q=5)	1	18	45718	199982	0.05555555555555555	0.22861057495174567	0.24301393567328208
ALL	0.87	last_action	CNOT(0->5)	1	18	384	199982	0.05555555555555555	0.0019201728155533997	28.93258101851852
ALL	0.87	last_action	CNOT(4->5)	1	18	22918	199982	0.05555555555555555	0.11460031402826254	0.4847766432983293
ALL	0.87	last_action	CNOT(5->1)	1	18	424	199982	0.05555555555555555	0.0021201908171735455	26.203092243186582
ALL	0.88	last_action	RX(q=5)	1	16	19413	199984	0.0625	0.0970727658212657	0.6438469067119972
ALL	0.88	last_action	CNOT(1->5)	1	16	321	199984	0.0625	0.0016051284102728217	38.93769470404985
ALL	0.88	last_action	CNOT(4->3)	1	16	476	199984	0.0625	0.002380190415233219	26.258403361344538
ALL	0.88	last_action	CNOT(4->5)	1	16	22918	199984	0.0625	0.11459916793343468	0.5453791779387381
ALL	0.88	last_action	RZ(q=3)	2	16	382	199984	0.125	0.001910152812224978	65.43979057591623
ALL	0.88	last_action	CNOT(5->0)	2	16	501	199984	0.125	0.002505200416033283	49.896207584830336
ALL	0.88	last_action	CNOT(2->3)	1	16	347	199984	0.0625	0.0017351388111048883	36.02017291066282
ALL	0.88	last_action	RZ(q=0)	2	16	357	199984	0.125	0.001785142811424914	70.02240896358543
ALL	0.88	last_action	RX(q=4)	1	16	37392	199984	0.0625	0.18697495799663974	0.3342693624304664
ALL	0.88	last_action	RY(q=4)	1	16	41848	199984	0.0625	0.20925674053924315	0.298676161345823
ALL	0.88	last_action	CNOT(2->4)	1	16	363	199984	0.0625	0.0018151452116169293	34.43250688705234
ALL	0.88	last_action	CNOT(0->5)	1	16	384	199984	0.0625	0.0019201536122889832	32.549479166666664
ALL	0.88	last_action	RY(q=1)	1	16	628	199984	0.0625	0.003140251220097608	19.902866242038215
ALL	0.89	last_action	RX(q=2)	1	21	551	199979	0.047619047619047616	0.0027552893053770645	17.28277590528044
ALL	0.89	last_action	RY(q=3)	2	21	565	199979	0.09523809523809523	0.0028252966561488958	33.70906026127265
ALL	0.89	last_action	RY(q=2)	1	21	591	199979	0.047619047619047616	0.002955310307582296	16.11304487954234
ALL	0.89	last_action	CNOT(4->3)	1	21	476	199979	0.047619047619047616	0.0023802499262422553	20.00590236094438
ALL	0.89	last_action	CNOT(0->2)	2	21	366	199979	0.09523809523809523	0.0018301921701778688	52.03721051262034
ALL	0.89	last_action	CNOT(2->5)	1	21	323	199979	0.047619047619047616	0.0016151695928072448	29.48238242665487
ALL	0.89	last_action	RX(q=4)	3	21	37390	199979	0.14285714285714285	0.1869696318113402	0.7640660222366561
ALL	0.89	last_action	RX(q=5)	1	21	19413	199979	0.047619047619047616	0.097075192895254	0.490537759429739
ALL	0.89	last_action	CNOT(4->5)	2	21	22917	199979	0.09523809523809523	0.11459703268843228	0.8310694701583561
ALL	0.89	last_action	CNOT(5->1)	1	21	424	199979	0.047619047619047616	0.0021202226233754543	22.459456424079065
ALL	0.89	last_action	CNOT(1->3)	1	21	357	199979	0.047619047619047616	0.0017851874446816916	26.674536481259167
ALL	0.89	last_action	CNOT(0->5)	1	21	384	199979	0.047619047619047616	0.001920201621170223	24.798983134920633
ALL	0.89	last_action	RY(q=4)	2	21	41847	199979	0.09523809523809523	0.20925697198205812	0.45512507581473094
ALL	0.89	last_action	CNOT(2->1)	1	21	355	199979	0.047619047619047616	0.00177518639457143	26.824815560026828
ALL	0.89	last_action	CNOT(0->1)	1	21	317	199979	0.047619047619047616	0.00158516644247646	30.040408592459062
ALL	0.90	last_action	RY(q=3)	1	20	566	199980	0.05	0.0028302830283028304	17.666077738515902
ALL	0.90	last_action	RX(q=5)	1	20	19413	199980	0.05	0.09707470747074708	0.5150672229949004
ALL	0.90	last_action	CNOT(1->4)	1	20	388	199980	0.05	0.0019401940194019402	25.77061855670103
ALL	0.90	last_action	RZ(q=5)	1	20	341	199980	0.05	0.0017051705170517053	29.322580645161292
ALL	0.90	last_action	RY(q=1)	1	20	628	199980	0.05	0.0031403140314031405	15.921974522292993
ALL	0.90	last_action	RX(q=4)	2	20	37391	199980	0.1	0.18697369736973699	0.5348345858629082
ALL	0.90	last_action	RZ(q=3)	1	20	383	199980	0.05	0.0019151915191519151	26.107049608355094
ALL	0.90	last_action	CNOT(3->0)	2	20	343	199980	0.1	0.0017151715171517153	58.30320699708455
ALL	0.90	last_action	RZ(q=1)	1	20	338	199980	0.05	0.0016901690169016902	29.58284023668639
ALL	0.90	last_action	RY(q=5)	2	20	45717	199980	0.1	0.22860786078607861	0.4374302775772689
ALL	0.90	last_action	RY(q=4)	1	20	41848	199980	0.05	0.20926092609260927	0.23893614987574077
ALL	0.90	last_action	RY(q=0)	1	20	551	199980	0.05	0.002755275527552755	18.1470054446461
ALL	0.90	last_action	RY(q=2)	1	20	591	199980	0.05	0.0029552955295529554	16.918781725888326
ALL	0.90	last_action	CNOT(4->5)	2	20	22917	199980	0.1	0.1145964596459646	0.8726273072391675
ALL	0.90	last_action	RZ(q=2)	1	20	350	199980	0.05	0.0017501750175017501	28.56857142857143
ALL	0.90	last_action	CNOT(3->4)	1	20	353	199980	0.05	0.0017651765176517652	28.325779036827196
ALL	0.91	last_action	RX(q=4)	2	17	37391	199983	0.11764705882352941	0.18697089252586468	0.6292265990400333
ALL	0.91	last_action	RZ(q=2)	1	17	350	199983	0.058823529411764705	0.0017501487626448249	33.61058823529412
ALL	0.91	last_action	RZ(q=4)	1	17	379	199983	0.058823529411764705	0.0018951610886925388	31.03880180040354
ALL	0.91	last_action	RZ(q=1)	1	17	338	199983	0.058823529411764705	0.001690143662211288	34.80386355725722
ALL	0.91	last_action	CNOT(0->5)	2	17	383	199983	0.11764705882352941	0.0019151627888370512	61.42927353709107
ALL	0.91	last_action	CNOT(3->4)	1	17	353	199983	0.058823529411764705	0.001765150037753209	33.324945842359604
ALL	0.91	last_action	CNOT(3->1)	1	17	307	199983	0.058823529411764705	0.0015351304860913178	38.31826020310404
ALL	0.91	last_action	CNOT(5->4)	1	17	15160	199983	0.058823529411764705	0.07580644354770155	0.7759700450100885
ALL	0.91	last_action	CNOT(2->0)	1	17	378	199983	0.058823529411764705	0.0018901606636564107	31.12091503267974
ALL	0.91	last_action	RY(q=5)	1	17	45718	199983	0.058823529411764705	0.22860943180170315	0.25731015972599286
ALL	0.91	last_action	CNOT(2->1)	1	17	355	199983	0.058823529411764705	0.0017751508878254651	33.137199668599834
ALL	0.91	last_action	RX(q=5)	1	17	19413	199983	0.058823529411764705	0.09707325122635424	0.6059705291481451
ALL	0.91	last_action	CNOT(2->3)	1	17	347	199983	0.058823529411764705	0.0017351474875364405	33.90116968977793
ALL	0.91	last_action	CNOT(4->5)	1	17	22918	199983	0.058823529411764705	0.11459974097798313	0.5132954831291099
ALL	0.91	last_action	CNOT(0->2)	1	17	367	199983	0.058823529411764705	0.001835155988259002	32.05369450232409
ALL	0.92	last_action	RY(q=5)	2	12	45717	199988	0.16666666666666666	0.2285987159229554	0.72907962756378
ALL	0.92	last_action	RX(q=4)	1	12	37392	199988	0.08333333333333333	0.18697121827309637	0.44570139780345175
ALL	0.92	last_action	RX(q=0)	1	12	567	199988	0.08333333333333333	0.002835170110206612	29.39271017048795
ALL	0.92	last_action	CNOT(2->5)	1	12	323	199988	0.08333333333333333	0.0016150969058143488	51.59649122807018
ALL	0.92	last_action	CNOT(2->3)	1	12	347	199988	0.08333333333333333	0.0017351041062463749	48.027857829010564
ALL	0.92	last_action	RX(q=5)	2	12	19412	199988	0.16666666666666666	0.09706582394943697	1.7170478741671817
ALL	0.92	last_action	CNOT(4->0)	1	12	515	199988	0.08333333333333333	0.0025751545092705564	32.36051779935275
ALL	0.92	last_action	CNOT(3->0)	1	12	344	199988	0.08333333333333333	0.0017201032061923715	48.44670542635659
ALL	0.92	last_action	CNOT(5->1)	1	12	424	199988	0.08333333333333333	0.002120127207632458	39.30581761006289
ALL	0.92	last_action	RZ(q=3)	1	12	383	199988	0.08333333333333333	0.0019151149068944136	43.51348999129678
ALL	0.93	last_action	RY(q=5)	2	19	45717	199981	0.10526315789473684	0.22860671763817564	0.4604552262604144
ALL	0.93	last_action	CNOT(1->4)	1	19	388	199981	0.05263157894736842	0.0019401843175101635	27.127102550189907
ALL	0.93	last_action	RX(q=0)	1	19	567	199981	0.05263157894736842	0.002835269350588306	18.563167177202264
ALL	0.93	last_action	CNOT(2->3)	1	19	347	199981	0.05263157894736842	0.0017351648406598627	30.332322159866525
ALL	0.93	last_action	RY(q=4)	1	19	41848	199981	0.05263157894736842	0.2092598796885704	0.2515129943957581
ALL	0.93	last_action	RX(q=4)	2	19	37391	199981	0.10526315789473684	0.1869727624124292	0.5629865897929279
ALL	0.93	last_action	CNOT(4->5)	2	19	22917	199981	0.10526315789473684	0.11459588660922787	0.9185596534863799
ALL	0.93	last_action	CNOT(2->5)	1	19	323	199981	0.05263157894736842	0.0016151534395767598	32.586116995274566
ALL	0.93	last_action	RY(q=1)	3	19	626	199981	0.15789473684210525	0.003130297378250934	50.44081049268539
ALL	0.93	last_action	CNOT(4->0)	1	19	515	199981	0.05263157894736842	0.0025752446482415828	20.43750638732754
ALL	0.93	last_action	CNOT(2->0)	1	19	378	199981	0.05263157894736842	0.0018901795670588706	27.844750765803393
ALL	0.93	last_action	RX(q=5)	1	19	19413	199981	0.05263157894736842	0.09707422205109485	0.5421787353563944
ALL	0.93	last_action	RY(q=0)	1	19	551	199981	0.05263157894736842	0.0027552617498662374	19.102206514471295
ALL	0.93	last_action	RZ(q=4)	1	19	379	199981	0.05263157894736842	0.001895180042104	27.77128176642133
ALL	0.94	last_action	RX(q=4)	1	18	37392	199982	0.05555555555555555	0.1869768279145123	0.29712535063947126
ALL	0.94	last_action	RY(q=0)	1	18	551	199982	0.05555555555555555	0.002755247972317509	20.163541036499293
ALL	0.94	last_action	RY(q=5)	1	18	45718	199982	0.05555555555555555	0.22861057495174567	0.24301393567328208
ALL	0.94	last_action	CNOT(3->0)	1	18	344	199982	0.05555555555555555	0.001720154813933254	32.296834625322994
ALL	0.94	last_action	RX(q=5)	2	18	19412	199982	0.1111111111111111	0.09706873618625676	1.1446642397600568
ALL	0.94	last_action	RY(q=4)	3	18	41846	199982	0.16666666666666666	0.20924883239491554	0.7964998645828354
ALL	0.94	last_action	CNOT(2->5)	2	18	322	199982	0.1111111111111111	0.0016101449130421738	69.00690131124914
ALL	0.94	last_action	CNOT(2->4)	1	18	363	199982	0.05555555555555555	0.0018151633647028233	30.606366697275785
ALL	0.94	last_action	CNOT(2->0)	1	18	378	199982	0.05555555555555555	0.0018901701153103778	29.39182833627278
ALL	0.94	last_action	RZ(q=5)	1	18	341	199982	0.05555555555555555	0.001705153463811743	32.58097100032584
ALL	0.94	last_action	RX(q=3)	1	18	541	199982	0.05555555555555555	0.002705243471912472	20.53624974327377
ALL	0.94	last_action	CNOT(5->4)	1	18	15160	199982	0.05555555555555555	0.07580682261403526	0.732856933450601
ALL	0.94	last_action	RX(q=1)	1	18	504	199982	0.05555555555555555	0.002520226820413837	22.043871252204585
ALL	0.94	last_action	CNOT(3->5)	1	18	383	199982	0.05555555555555555	0.0019151723655128961	29.008123005512036
ALL	0.95	last_action	RY(q=5)	2	19	45717	199981	0.10526315789473684	0.22860671763817564	0.4604552262604144
ALL	0.95	last_action	RX(q=4)	2	19	37391	199981	0.10526315789473684	0.1869727624124292	0.5629865897929279
ALL	0.95	last_action	CNOT(5->3)	2	19	454	199981	0.10526315789473684	0.0022702156704886966	46.3670299095757
ALL	0.95	last_action	RX(q=3)	1	19	541	199981	0.05263157894736842	0.0027052569994149445	19.455297207899598
ALL	0.95	last_action	CNOT(1->3)	1	19	357	199981	0.05263157894736842	0.0017851695911111555	29.48267728143889
ALL	0.95	last_action	RX(q=5)	1	19	19413	199981	0.05263157894736842	0.09707422205109485	0.5421787353563944
ALL	0.95	last_action	CNOT(4->0)	1	19	515	199981	0.05263157894736842	0.0025752446482415828	20.43750638732754
ALL	0.95	last_action	CNOT(4->2)	1	19	534	199981	0.05263157894736842	0.002670253674099039	19.710329193770946
ALL	0.95	last_action	CNOT(1->4)	1	19	388	199981	0.05263157894736842	0.0019401843175101635	27.127102550189907
ALL	0.95	last_action	CNOT(2->0)	1	19	378	199981	0.05263157894736842	0.0018901795670588706	27.844750765803393
ALL	0.95	last_action	RZ(q=4)	1	19	379	199981	0.05263157894736842	0.001895180042104	27.77128176642133
ALL	0.95	last_action	RY(q=2)	1	19	591	199981	0.05263157894736842	0.002955280751671409	17.80933297711283
ALL	0.95	last_action	RX(q=1)	1	19	504	199981	0.05263157894736842	0.002520239422745161	20.883563074352544
ALL	0.95	last_action	CNOT(5->1)	1	19	424	199981	0.05263157894736842	0.002120201419134818	24.823857994041706
ALL	0.95	last_action	CNOT(3->0)	1	19	344	199981	0.05263157894736842	0.0017201634155244749	30.596848225214195
ALL	0.95	last_action	RY(q=1)	1	19	628	199981	0.05263157894736842	0.0031402983283411925	16.760056989607776
ALL	0.96	last_action	RZ(q=3)	1	14	383	199986	0.07142857142857142	0.0019151340593841569	37.29690414024618
ALL	0.96	last_action	RX(q=0)	1	14	567	199986	0.07142857142857142	0.0028351984638924723	25.19349962207105
ALL	0.96	last_action	CNOT(4->5)	2	14	22917	199986	0.14285714285714285	0.1145930215115058	1.246647840966469
ALL	0.96	last_action	CNOT(5->4)	2	14	15159	199986	0.14285714285714285	0.0758003060214215	1.8846512679878995
ALL	0.96	last_action	CNOT(2->4)	1	14	363	199986	0.07142857142857142	0.0018151270588941226	39.35182998819362
ALL	0.96	last_action	RZ(q=1)	1	14	338	199986	0.07142857142857142	0.0016901183082815797	42.26246830092984
ALL	0.96	last_action	RX(q=4)	2	14	37391	199986	0.14285714285714285	0.18696808776614363	0.7640723321502119
ALL	0.96	last_action	CNOT(3->4)	1	14	353	199986	0.07142857142857142	0.0017651235586491054	40.46661270740591
ALL	0.96	last_action	CNOT(1->0)	1	14	322	199986	0.07142857142857142	0.0016101127078895522	44.36246672582076
ALL	0.96	last_action	RX(q=5)	1	14	19413	199986	0.07142857142857142	0.0970717950256518	0.7358323950813519
ALL	0.96	last_action	RY(q=4)	1	14	41848	199986	0.07142857142857142	0.20925464782534778	0.3413475981101674
ALL	0.97	last_action	RX(q=4)	2	14	37391	199986	0.14285714285714285	0.18696808776614363	0.7640723321502119
ALL	0.97	last_action	CNOT(5->4)	1	14	15160	199986	0.07142857142857142	0.075805306371446	0.9422634753109687
ALL	0.97	last_action	RX(q=2)	2	14	550	199986	0.14285714285714285	0.0027501925134759434	51.94441558441558
ALL	0.97	last_action	CNOT(1->5)	1	14	321	199986	0.07142857142857142	0.0016051123578650506	44.50066755674232
ALL	0.97	last_action	CNOT(3->2)	2	14	329	199986	0.14285714285714285	0.0016451151580610642	86.83716891011724
ALL	0.97	last_action	RZ(q=1)	1	14	338	199986	0.07142857142857142	0.0016901183082815797	42.26246830092984
ALL	0.97	last_action	CNOT(4->3)	1	14	476	199986	0.07142857142857142	0.0023801666116628163	30.009903961584634
ALL	0.97	last_action	CNOT(2->4)	1	14	363	199986	0.07142857142857142	0.0018151270588941226	39.35182998819362
ALL	0.97	last_action	RX(q=1)	1	14	504	199986	0.07142857142857142	0.0025201764123488645	28.34268707482993
ALL	0.97	last_action	CNOT(0->4)	1	14	380	199986	0.07142857142857142	0.0019001330093106517	37.591353383458646
ALL	0.97	last_action	RY(q=4)	1	14	41848	199986	0.07142857142857142	0.20925464782534778	0.3413475981101674
ALL	0.98	last_action	RY(q=5)	1	13	45718	199987	0.07692307692307693	0.22860485931585553	0.3364892467871601
ALL	0.98	last_action	RY(q=4)	2	13	41847	199987	0.15384615384615385	0.20924860115907534	0.7352314567168678
ALL	0.98	last_action	CNOT(2->3)	1	13	347	199987	0.07692307692307693	0.0017351127823308516	44.33318554644203
ALL	0.98	last_action	RX(q=5)	2	13	19412	199987	0.15384615384615385	0.09706630931010515	1.5849593431501532
ALL	0.98	last_action	RZ(q=1)	1	13	338	199987	0.07692307692307693	0.001690109857140714	45.51365498406919
ALL	0.98	last_action	RY(q=1)	1	13	628	199987	0.07692307692307693	0.0031402041132673622	24.496202841744246
ALL	0.98	last_action	CNOT(1->2)	2	13	338	199987	0.15384615384615385	0.001690109857140714	91.02730996813838
ALL	0.98	last_action	RX(q=1)	1	13	504	199987	0.07692307692307693	0.002520163810647692	30.5230463980464
ALL	0.98	last_action	CNOT(3->4)	1	13	353	199987	0.07692307692307693	0.0017651147324576097	43.57964698191328
ALL	0.98	last_action	CNOT(3->1)	1	13	307	199987	0.07692307692307693	0.0015350997814857965	50.10949636682536
ALL	0.99	last_action	RX(q=2)	1	15	551	199985	0.06666666666666667	0.0027552066404980375	24.196612220205687
ALL	0.99	last_action	CNOT(4->5)	3	15	22916	199985	0.2	0.11458859414456084	1.7453744108919533
ALL	0.99	last_action	RX(q=4)	1	15	37392	199985	0.06666666666666667	0.1869740230517289	0.35655576950506346
ALL	0.99	last_action	CNOT(0->2)	1	15	367	199985	0.06666666666666667	0.0018351376353226492	36.32788374205268
ALL	0.99	last_action	RY(q=5)	2	15	45717	199985	0.13333333333333333	0.22860214516088706	0.5832549525705245
ALL	0.99	last_action	CNOT(0->5)	2	15	383	199985	0.13333333333333333	0.001915143635772683	69.62053959965186
ALL	0.99	last_action	RY(q=0)	1	15	551	199985	0.06666666666666667	0.0027552066404980375	24.196612220205687
ALL	0.99	last_action	CNOT(3->5)	1	15	383	199985	0.06666666666666667	0.001915143635772683	34.81026979982593
ALL	0.99	last_action	RZ(q=4)	1	15	379	199985	0.06666666666666667	0.0018951421356601746	35.177660510114336
ALL	0.99	last_action	CNOT(1->2)	1	15	339	199985	0.06666666666666667	0.0016951271345350901	39.32841691248771
ALL	0.99	last_action	CNOT(5->0)	1	15	502	199985	0.06666666666666667	0.002510188264119809	26.55843293492696
ALL	1.00	last_action	CNOT(5->4)	1	17	15160	199983	0.058823529411764705	0.07580644354770155	0.7759700450100885
ALL	1.00	last_action	RX(q=4)	2	17	37391	199983	0.11764705882352941	0.18697089252586468	0.6292265990400333
ALL	1.00	last_action	RX(q=1)	1	17	504	199983	0.058823529411764705	0.002520214218208548	23.340686274509803
ALL	1.00	last_action	CNOT(1->0)	1	17	322	199983	0.058823529411764705	0.0016101368616332388	36.533248081841435
ALL	1.00	last_action	CNOT(4->2)	1	17	534	199983	0.058823529411764705	0.0026702269692923898	22.029411764705884
ALL	1.00	last_action	CNOT(3->2)	1	17	330	199983	0.058823529411764705	0.0016501402619222634	35.6475935828877
ALL	1.00	last_action	RX(q=0)	1	17	567	199983	0.058823529411764705	0.0028352409954846163	20.74727668845316
ALL	1.00	last_action	CNOT(4->5)	2	17	22917	199983	0.11764705882352941	0.114594740552947	1.0266357623033504
ALL	1.00	last_action	CNOT(4->0)	1	17	515	199983	0.058823529411764705	0.0025752188936059564	22.842147344374645
ALL	1.00	last_action	CNOT(5->2)	1	17	524	199983	0.058823529411764705	0.0026202227189311093	22.449820386169733
ALL	1.00	last_action	RX(q=5)	1	17	19413	199983	0.058823529411764705	0.09707325122635424	0.6059705291481451
ALL	1.00	last_action	RY(q=4)	1	17	41848	199983	0.058823529411764705	0.2092577869118875	0.28110556973697526
ALL	1.00	last_action	CNOT(0->5)	1	17	384	199983	0.058823529411764705	0.0019201632138731793	30.634650735294116
ALL	1.00	last_action	RY(q=2)	1	17	591	199983	0.058823529411764705	0.00295525119635169	19.90474768587638
ALL	1.00	last_action	CNOT(1->4)	1	17	388	199983	0.058823529411764705	0.0019401649140176915	30.31882959369315
ALL	1.01	last_action	RY(q=5)	1	18	45718	199982	0.05555555555555555	0.22861057495174567	0.24301393567328208
ALL	1.01	last_action	CNOT(5->4)	3	18	15158	199982	0.16666666666666666	0.07579682171395426	2.1988608875401328
ALL	1.01	last_action	RX(q=1)	1	18	504	199982	0.05555555555555555	0.002520226820413837	22.043871252204585
ALL	1.01	last_action	RY(q=4)	2	18	41847	199982	0.1111111111111111	0.20925383284495605	0.530987220642393
ALL	1.01	last_action	RX(q=5)	1	18	19413	199982	0.05555555555555555	0.09707373663629727	0.5723026379802766
ALL	1.01	last_action	CNOT(2->4)	1	18	363	199982	0.05555555555555555	0.0018151633647028233	30.606366697275785
ALL	1.01	last_action	RY(q=1)	1	18	628	199982	0.05555555555555555	0.0031402826254362894	17.691259731068648
ALL	1.01	last_action	CNOT(3->2)	1	18	330	199982	0.05555555555555555	0.001650148513366203	33.66700336700337
ALL	1.01	last_action	RY(q=2)	1	18	591	199982	0.05555555555555555	0.0029552659739376544	18.798834367362286
ALL	1.01	last_action	CNOT(1->5)	2	18	320	199982	0.1111111111111111	0.0016001440129611666	69.43819444444443
ALL	1.01	last_action	CNOT(4->5)	2	18	22917	199982	0.1111111111111111	0.11459531357822204	0.9695955937610603
ALL	1.01	last_action	CNOT(2->3)	1	18	347	199982	0.05555555555555555	0.0017351561640547648	32.017611271213575
ALL	1.01	last_action	RX(q=4)	1	18	37392	199982	0.05555555555555555	0.1869768279145123	0.29712535063947126
ALL	1.02	last_action	RZ(q=1)	1	11	338	199989	0.09090909090909091	0.0016900929551125312	53.78940290478752
ALL	1.02	last_action	CNOT(1->4)	2	11	387	199989	0.18181818181818182	0.001935106430853697	93.95771670190275
ALL	1.02	last_action	CNOT(0->3)	1	11	291	199989	0.09090909090909091	0.001455080029401617	62.47703842549203
ALL	1.02	last_action	RY(q=1)	1	11	628	199989	0.09090909090909091	0.0031401727094990226	28.95034742327736
ALL	1.02	last_action	RX(q=5)	1	11	19413	199989	0.09090909090909091	0.09707033886863778	0.9365280060690353
ALL	1.02	last_action	CNOT(2->3)	1	11	347	199989	0.09090909090909091	0.0017350954302486636	52.394288708409746
ALL	1.02	last_action	CNOT(3->5)	1	11	383	199989	0.09090909090909091	0.0019151053307931937	47.46949916923807
ALL	1.02	last_action	RZ(q=3)	1	11	383	199989	0.09090909090909091	0.0019151053307931937	47.46949916923807
ALL	1.02	last_action	CNOT(5->0)	1	11	502	199989	0.09090909090909091	0.0025101380575931675	36.216769286490404
ALL	1.02	last_action	RY(q=5)	1	11	45718	199989	0.09090909090909091	0.2286025731415228	0.3976730867889711
ALL	1.03	last_action	CNOT(5->4)	1	16	15160	199984	0.0625	0.07580606448515881	0.824472295514512
ALL	1.03	last_action	CNOT(5->2)	2	16	523	199984	0.125	0.002615209216737339	47.79732313575526
ALL	1.03	last_action	CNOT(0->4)	1	16	380	199984	0.0625	0.001900152012160973	32.892105263157895
ALL	1.03	last_action	RY(q=5)	3	16	45716	199984	0.1875	0.22859828786302905	0.8202161168956164
ALL	1.03	last_action	RX(q=4)	1	16	37392	199984	0.0625	0.18697495799663974	0.3342693624304664
ALL	1.03	last_action	RZ(q=5)	1	16	341	199984	0.0625	0.001705136410912873	36.65395894428153
ALL	1.03	last_action	RX(q=0)	1	16	567	199984	0.0625	0.0028352268181454517	22.044091710758376
ALL	1.03	last_action	RZ(q=1)	1	16	338	199984	0.0625	0.0016901352108168654	36.9792899408284
ALL	1.03	last_action	CNOT(5->1)	1	16	424	199984	0.0625	0.0021201696135690856	29.47877358490566
ALL	1.03	last_action	CNOT(3->0)	1	16	344	199984	0.0625	0.0017201376110088807	36.3343023255814
ALL	1.03	last_action	RY(q=0)	1	16	551	199984	0.0625	0.0027552204176334106	22.68421052631579
ALL	1.03	last_action	RX(q=5)	1	16	19413	199984	0.0625	0.0970727658212657	0.6438469067119972
ALL	1.03	last_action	RZ(q=2)	1	16	350	199984	0.0625	0.001750140011200896	35.71142857142858
ALL	1.04	last_action	RX(q=4)	3	15	37390	199985	0.2	0.18696402230167264	1.0697245252741374
ALL	1.04	last_action	CNOT(2->0)	1	15	378	199985	0.06666666666666667	0.0018901417606320475	35.27072310405644
ALL	1.04	last_action	RY(q=2)	1	15	591	199985	0.06666666666666667	0.002955221641623122	22.558939650310208
ALL	1.04	last_action	RY(q=5)	1	15	45718	199985	0.06666666666666667	0.22860714553591518	0.29162109745249865
ALL	1.04	last_action	CNOT(1->5)	1	15	321	199985	0.06666666666666667	0.001605120384028802	41.533748701973
ALL	1.04	last_action	CNOT(0->5)	1	15	384	199985	0.06666666666666667	0.00192014401080081	34.71961805555556
ALL	1.04	last_action	CNOT(4->5)	1	15	22918	199985	0.06666666666666667	0.1145985948946171	0.5817406987229834
ALL	1.04	last_action	CNOT(0->1)	2	15	316	199985	0.13333333333333333	0.0015801185088881666	84.38185654008439
ALL	1.04	last_action	CNOT(5->1)	1	15	424	199985	0.06666666666666667	0.0021201590119258942	31.444182389937108
ALL	1.04	last_action	RX(q=3)	1	15	541	199985	0.06666666666666667	0.002705202890216766	24.643869377695626
ALL	1.04	last_action	CNOT(3->2)	1	15	330	199985	0.06666666666666667	0.0016501237592819462	40.4010101010101
ALL	1.04	last_action	CNOT(4->2)	1	15	534	199985	0.06666666666666667	0.0026702002650198764	24.966916354556805
ALL	1.05	last_action	CNOT(5->1)	1	10	424	199990	0.1	0.002120106005300265	47.16745283018868
ALL	1.05	last_action	RY(q=5)	1	10	45718	199990	0.1	0.22860143007150358	0.4374425827901483
ALL	1.05	last_action	RZ(q=0)	1	10	358	199990	0.1	0.0017900895044752237	55.86312849162012
ALL	1.05	last_action	CNOT(3->2)	1	10	330	199990	0.1	0.0016500825041252062	60.60303030303031
ALL	1.05	last_action	CNOT(3->0)	1	10	344	199990	0.1	0.001720086004300215	58.13662790697675
ALL	1.05	last_action	CNOT(4->0)	1	10	515	199990	0.1	0.002575128756437822	38.83300970873786
ALL	1.05	last_action	CNOT(4->3)	1	10	476	199990	0.1	0.0023801190059502975	42.01470588235294
ALL	1.05	last_action	CNOT(5->3)	1	10	455	199990	0.1	0.0022751137556877845	43.95384615384615
ALL	1.05	last_action	RY(q=3)	1	10	566	199990	0.1	0.002830141507075354	35.3339222614841
ALL	1.05	last_action	RY(q=4)	1	10	41848	199990	0.1	0.20925046252312615	0.4778961957560696
ALL	1.06	last_action	RX(q=0)	2	12	566	199988	0.16666666666666666	0.0028301698101886115	58.88928150765606
ALL	1.06	last_action	CNOT(5->4)	1	12	15160	199988	0.08333333333333333	0.07580454827289637	1.0993183817062444
ALL	1.06	last_action	RX(q=1)	1	12	504	199988	0.08333333333333333	0.0025201512090725444	33.066798941798936
ALL	1.06	last_action	RY(q=4)	2	12	41847	199988	0.16666666666666666	0.2092475548532912	0.7965047275392103
ALL	1.06	last_action	RY(q=0)	1	12	551	199988	0.08333333333333333	0.002755165309918595	30.246218995765275
ALL	1.06	last_action	RX(q=3)	1	12	541	199988	0.08333333333333333	0.0027051623097385843	30.805298829328404
ALL	1.06	last_action	RY(q=5)	1	12	45718	199988	0.08333333333333333	0.22860371622297337	0.36453184012132345
ALL	1.06	last_action	RZ(q=3)	1	12	383	199988	0.08333333333333333	0.0019151149068944136	43.51348999129678
ALL	1.06	last_action	CNOT(5->0)	1	12	502	199988	0.08333333333333333	0.002510150609036542	33.198539176626824
ALL	1.06	last_action	CNOT(3->4)	1	12	353	199988	0.08333333333333333	0.0017651059063543812	47.21152030217186
ALL	1.07	last_action	RY(q=4)	3	7	41846	199993	0.42857142857142855	0.20923732330631573	2.0482551669045
ALL	1.07	last_action	RY(q=1)	2	7	627	199993	0.2857142857142857	0.0031351097288405093	91.13374344953293
ALL	1.07	last_action	RY(q=0)	1	7	551	199993	0.14285714285714285	0.0027550964283749933	51.85195747990666
ALL	1.07	last_action	CNOT(1->2)	1	7	339	199993	0.14285714285714285	0.0016950593270764476	84.27855035819637
ALL	1.08	last_action	RY(q=3)	1	15	566	199985	0.06666666666666667	0.002830212265919944	23.555359246171967
ALL	1.08	last_action	RY(q=4)	2	15	41847	199985	0.13333333333333333	0.20925069380203515	0.63719422340112
ALL	1.08	last_action	RY(q=5)	1	15	45718	199985	0.06666666666666667	0.22860714553591518	0.29162109745249865
ALL	1.08	last_action	RX(q=4)	3	15	37390	199985	0.2	0.18696402230167264	1.0697245252741374
ALL	1.08	last_action	CNOT(2->0)	1	15	378	199985	0.06666666666666667	0.0018901417606320475	35.27072310405644
ALL	1.08	last_action	CNOT(4->1)	1	15	476	199985	0.06666666666666667	0.002380178513388504	28.009103641456583
ALL	1.08	last_action	RY(q=0)	1	15	551	199985	0.06666666666666667	0.0027552066404980375	24.196612220205687
ALL	1.08	last_action	RX(q=0)	1	15	567	199985	0.06666666666666667	0.0028352126409480712	23.51381540270429
ALL	1.08	last_action	CNOT(5->0)	1	15	502	199985	0.06666666666666667	0.002510188264119809	26.55843293492696
ALL	1.08	last_action	CNOT(4->3)	1	15	476	199985	0.06666666666666667	0.002380178513388504	28.009103641456583
ALL	1.08	last_action	CNOT(1->4)	1	15	388	199985	0.06666666666666667	0.0019401455109133185	34.36168384879725
ALL	1.08	last_action	RX(q=5)	1	15	19413	199985	0.06666666666666667	0.09707228042103158	0.6867734679510293
ALL	1.09	last_action	RY(q=0)	1	10	551	199990	0.1	0.0027551377568878445	36.295825771324864
ALL	1.09	last_action	CNOT(2->5)	2	10	322	199990	0.2	0.0016100805040252012	124.21739130434784
ALL	1.09	last_action	CNOT(4->0)	1	10	515	199990	0.1	0.002575128756437822	38.83300970873786
ALL	1.09	last_action	RY(q=4)	2	10	41847	199990	0.2	0.20924546227311366	0.9558152316773006
ALL	1.09	last_action	RY(q=5)	2	10	45717	199990	0.2	0.2285964298214911	0.8749043025570357
ALL	1.09	last_action	RZ(q=4)	1	10	379	199990	0.1	0.0018950947547377369	52.76781002638523
ALL	1.09	last_action	CNOT(4->5)	1	10	22918	199990	0.1	0.11459572978648933	0.8726328649969457
ALL	1.10	last_action	RX(q=4)	2	9	37391	199991	0.2222222222222222	0.18696341335360092	1.1885866771267
ALL	1.10	last_action	CNOT(5->4)	1	9	15160	199991	0.1111111111111111	0.0758034111535019	1.465779829961888
ALL	1.10	last_action	RX(q=0)	1	9	567	199991	0.1111111111111111	0.0028351275807411334	39.19086811679404
ALL	1.10	last_action	RY(q=0)	1	9	551	199991	0.1111111111111111	0.002755123980579126	40.328896955031254
ALL	1.10	last_action	CNOT(0->5)	1	9	384	199991	0.1111111111111111	0.001920086403888175	57.8677662037037
ALL	1.10	last_action	CNOT(3->0)	1	9	344	199991	0.1111111111111111	0.0017200774034831568	64.59657622739017
ALL	1.10	last_action	CNOT(0->1)	1	9	317	199991	0.1111111111111111	0.0015850713282097694	70.09849281458114
ALL	1.10	last_action	RY(q=5)	1	9	45718	199991	0.1111111111111111	0.22860028701291557	0.48604974456936484
ALL	1.11	last_action	RY(q=5)	2	8	45717	199992	0.25	0.22859414376575063	1.093641315046919
ALL	1.11	last_action	RY(q=4)	1	8	41848	199992	0.125	0.2092483699347974	0.597376218696234
ALL	1.11	last_action	RX(q=4)	2	8	37391	199992	0.25	0.18696247849913997	1.337166697868471
ALL	1.11	last_action	CNOT(5->4)	1	8	15160	199992	0.125	0.07580303212128485	1.6490105540897098
ALL	1.11	last_action	RX(q=5)	1	8	19413	199992	0.125	0.09706888275531021	1.287745325297481
ALL	1.11	last_action	RY(q=3)	1	8	566	199992	0.125	0.0028301132045281813	44.167844522968196
ALL	1.12	last_action	RX(q=5)	2	10	19412	199990	0.2	0.09706485324266213	2.060478054811457
ALL	1.12	last_action	RY(q=1)	1	10	628	199990	0.1	0.0031401570078503924	31.845541401273888
ALL	1.12	last_action	CNOT(0->1)	1	10	317	199990	0.1	0.0015850792539626982	63.08832807570978
ALL	1.12	last_action	RZ(q=3)	1	10	383	199990	0.1	0.0019150957547877394	52.21671018276763
ALL	1.12	last_action	CNOT(2->1)	1	10	355	199990	0.1	0.001775088754437722	56.33521126760564
ALL	1.12	last_action	CNOT(1->4)	1	10	388	199990	0.1	0.0019400970048502426	51.54381443298969
ALL	1.12	last_action	RY(q=4)	1	10	41848	199990	0.1	0.20925046252312615	0.4778961957560696
ALL	1.12	last_action	RX(q=2)	1	10	551	199990	0.1	0.0027551377568878445	36.295825771324864
ALL	1.12	last_action	CNOT(5->0)	1	10	502	199990	0.1	0.002510125506275314	39.83864541832669
ALL	1.13	last_action	RZ(q=3)	1	8	383	199992	0.125	0.0019150766030641227	65.27154046997389
ALL	1.13	last_action	CNOT(0->3)	1	8	291	199992	0.125	0.001455058202328093	85.90721649484537
ALL	1.13	last_action	RX(q=3)	1	8	541	199992	0.125	0.002705108204328173	46.20887245841035
ALL	1.13	last_action	CNOT(2->0)	1	8	378	199992	0.125	0.001890075603024121	66.13492063492063
ALL	1.13	last_action	CNOT(0->4)	2	8	379	199992	0.25	0.0018950758030321212	131.92084432717678
ALL	1.13	last_action	CNOT(4->0)	1	8	515	199992	0.125	0.0025751030041201647	48.54174757281554
ALL	1.13	last_action	RY(q=0)	1	8	551	199992	0.125	0.0027551102044081764	45.370235934664244
ALL	1.14	last_action	CNOT(5->1)	1	13	424	199987	0.07692307692307693	0.002120137808957582	36.28211175616836
ALL	1.14	last_action	CNOT(4->5)	1	13	22918	199987	0.07692307692307693	0.11459744883417422	0.6712459806534333
ALL	1.14	last_action	RY(q=2)	1	13	591	199987	0.07692307692307693	0.0029551920874856864	26.029806065339063
ALL	1.14	last_action	RX(q=2)	1	13	551	199987	0.07692307692307693	0.0027551790866406317	27.91944715901159
ALL	1.14	last_action	RX(q=4)	1	13	37392	199987	0.07692307692307693	0.18697215318995736	0.41141461768868703
ALL	1.14	last_action	CNOT(4->3)	1	13	476	199987	0.07692307692307693	0.002380154710056154	32.31851971557854
ALL	1.14	last_action	CNOT(5->0)	1	13	502	199987	0.07692307692307693	0.0025101631606054393	30.644652160588418
ALL	1.14	last_action	RZ(q=1)	1	13	338	199987	0.07692307692307693	0.001690109857140714	45.51365498406919
ALL	1.14	last_action	CNOT(0->4)	1	13	380	199987	0.07692307692307693	0.0019001235080280219	40.483198380566805
ALL	1.14	last_action	CNOT(0->1)	1	13	317	199987	0.07692307692307693	0.0015851030316970604	48.52875515651541
ALL	1.14	last_action	CNOT(1->3)	1	13	357	199987	0.07692307692307693	0.0017851160325421153	43.091359620771385
ALL	1.14	last_action	CNOT(3->4)	1	13	353	199987	0.07692307692307693	0.0017651147324576097	43.57964698191328
ALL	1.14	last_action	RY(q=5)	1	13	45718	199987	0.07692307692307693	0.22860485931585553	0.3364892467871601
ALL	1.15	last_action	RX(q=1)	2	7	503	199993	0.2857142857142857	0.002515088028080983	113.60011360408974
ALL	1.15	last_action	CNOT(5->0)	1	7	502	199993	0.14285714285714285	0.0025100878530748575	56.91320432555492
ALL	1.15	last_action	CNOT(4->1)	1	7	476	199993	0.14285714285714285	0.002380083302915602	60.021908763505394
ALL	1.15	last_action	CNOT(5->2)	1	7	524	199993	0.14285714285714285	0.0026200917032096122	54.52371864776445
ALL	1.15	last_action	RZ(q=5)	1	7	341	199993	0.14285714285714285	0.0017050596770886981	83.78424801005445
ALL	1.15	last_action	RY(q=4)	1	7	41848	199993	0.14285714285714285	0.20924732365632798	0.6827190922249228
ALL	1.16	last_action	RY(q=4)	1	3	41848	199997	0.3333333333333333	0.20924313864707972	1.5930430765309371
ALL	1.16	last_action	CNOT(0->5)	1	3	384	199997	0.3333333333333333	0.0019200288004320065	173.60850694444443
ALL	1.16	last_action	RX(q=4)	1	3	37392	199997	0.3333333333333333	0.18696280444206664	1.7828858222792752
ALL	1.17	last_action	CNOT(5->4)	1	10	15160	199990	0.1	0.07580379018950947	1.3191952506596307
ALL	1.17	last_action	CNOT(1->3)	1	10	357	199990	0.1	0.0017850892544627231	56.01960784313726
ALL	1.17	last_action	CNOT(2->1)	1	10	355	199990	0.1	0.001775088754437722	56.33521126760564
ALL	1.17	last_action	CNOT(4->3)	1	10	476	199990	0.1	0.0023801190059502975	42.01470588235294
ALL	1.17	last_action	RX(q=2)	1	10	551	199990	0.1	0.0027551377568878445	36.295825771324864
ALL	1.17	last_action	CNOT(5->0)	1	10	502	199990	0.1	0.002510125506275314	39.83864541832669
ALL	1.17	last_action	RY(q=5)	1	10	45718	199990	0.1	0.22860143007150358	0.4374425827901483
ALL	1.17	last_action	RX(q=4)	1	10	37392	199990	0.1	0.18696934846742336	0.53484702610184
ALL	1.17	last_action	CNOT(3->4)	1	10	353	199990	0.1	0.0017650882544127207	56.654390934844194
ALL	1.17	last_action	RX(q=5)	1	10	19413	199990	0.1	0.09706985349267463	1.0301859578632875
ALL	1.18	last_action	RX(q=5)	1	11	19413	199989	0.09090909090909091	0.09707033886863778	0.9365280060690353
ALL	1.18	last_action	RY(q=5)	1	11	45718	199989	0.09090909090909091	0.2286025731415228	0.3976730867889711
ALL	1.18	last_action	RX(q=4)	1	11	37392	199989	0.09090909090909091	0.1869702833655851	0.48622213793908275
ALL	1.18	last_action	RY(q=3)	1	11	566	199989	0.09090909090909091	0.0028301556585612207	32.121586893671704
ALL	1.18	last_action	RZ(q=0)	1	11	358	199989	0.09090909090909091	0.0017900984554150479	50.78440832910107
ALL	1.18	last_action	CNOT(5->0)	1	11	502	199989	0.09090909090909091	0.0025101380575931675	36.216769286490404
ALL	1.18	last_action	RX(q=1)	1	11	504	199989	0.09090909090909091	0.0025201386076234194	36.07305194805195
ALL	1.18	last_action	RX(q=3)	1	11	541	199989	0.09090909090909091	0.002705148783183075	33.60594858007058
ALL	1.18	last_action	RY(q=4)	1	11	41848	199989	0.09090909090909091	0.20925150883298582	0.4344489146869189
ALL	1.18	last_action	CNOT(1->4)	1	11	388	199989	0.09090909090909091	0.0019401067058688228	46.85777881911903
ALL	1.18	last_action	CNOT(2->1)	1	11	355	199989	0.09090909090909091	0.0017750976303696703	51.213572343149806
ALL	1.19	last_action	CNOT(4->5)	2	15	22917	199985	0.13333333333333333	0.11459359451958898	1.1635321668048464
ALL	1.19	last_action	CNOT(3->1)	1	15	307	199985	0.06666666666666667	0.0015351151336350226	43.42779587404995
ALL	1.19	last_action	RX(q=1)	1	15	504	199985	0.06666666666666667	0.002520189014176063	26.45304232804233
ALL	1.19	last_action	RX(q=5)	1	15	19413	199985	0.06666666666666667	0.09707228042103158	0.6867734679510293
ALL	1.19	last_action	CNOT(2->3)	2	15	346	199985	0.13333333333333333	0.00173012975973198	77.0655105973025
ALL	1.19	last_action	RY(q=1)	1	15	628	199985	0.06666666666666667	0.003140235517663825	21.229830148619957
ALL	1.19	last_action	RY(q=4)	1	15	41848	199985	0.06666666666666667	0.20925569417706327	0.31858949850251705
ALL	1.19	last_action	CNOT(5->3)	1	15	455	199985	0.06666666666666667	0.002275170637797835	29.3018315018315
ALL	1.19	last_action	RX(q=4)	1	15	37392	199985	0.06666666666666667	0.1869740230517289	0.35655576950506346
ALL	1.19	last_action	RY(q=5)	1	15	45718	199985	0.06666666666666667	0.22860714553591518	0.29162109745249865
ALL	1.19	last_action	CNOT(1->3)	1	15	357	199985	0.06666666666666667	0.001785133885041378	37.34547152194211
ALL	1.19	last_action	CNOT(1->4)	1	15	388	199985	0.06666666666666667	0.0019401455109133185	34.36168384879725
ALL	1.19	last_action	RY(q=3)	1	15	566	199985	0.06666666666666667	0.002830212265919944	23.555359246171967
ALL	1.20	last_action	CNOT(4->1)	1	9	476	199991	0.1111111111111111	0.002380107104819717	46.683239962651726
ALL	1.20	last_action	RX(q=0)	2	9	566	199991	0.2222222222222222	0.002830127355731008	78.5202198665096
ALL	1.20	last_action	CNOT(5->0)	1	9	502	199991	0.1111111111111111	0.0025101129550829785	44.26538291279327
ALL	1.20	last_action	CNOT(1->4)	1	9	388	199991	0.1111111111111111	0.0019400873039286768	57.271191294387165
ALL	1.20	last_action	RY(q=5)	2	9	45717	199991	0.2222222222222222	0.22859528678790544	0.9721207525525394
ALL	1.20	last_action	RX(q=4)	1	9	37392	199991	0.1111111111111111	0.18696841357861105	0.5942774449674321
ALL	1.20	last_action	RY(q=4)	1	9	41848	199991	0.1111111111111111	0.20924941622373006	0.5309984281739204
ALL	1.21	last_action	CNOT(2->1)	1	10	355	199990	0.1	0.001775088754437722	56.33521126760564
ALL	1.21	last_action	RX(q=4)	1	10	37392	199990	0.1	0.18696934846742336	0.53484702610184
ALL	1.21	last_action	RX(q=0)	1	10	567	199990	0.1	0.0028351417570878544	35.27160493827161
ALL	1.21	last_action	RX(q=1)	1	10	504	199990	0.1	0.002520126006300315	39.68055555555556
ALL	1.21	last_action	CNOT(3->4)	1	10	353	199990	0.1	0.0017650882544127207	56.654390934844194
ALL	1.21	last_action	RX(q=5)	1	10	19413	199990	0.1	0.09706985349267463	1.0301859578632875
ALL	1.21	last_action	CNOT(4->5)	1	10	22918	199990	0.1	0.11459572978648933	0.8726328649969457
ALL	1.21	last_action	RZ(q=2)	1	10	350	199990	0.1	0.0017500875043752187	57.14000000000001
ALL	1.21	last_action	RY(q=5)	1	10	45718	199990	0.1	0.22860143007150358	0.4374425827901483
ALL	1.21	last_action	RZ(q=3)	1	10	383	199990	0.1	0.0019150957547877394	52.21671018276763
ALL	1.22	last_action	RY(q=5)	2	13	45717	199987	0.15384615384615385	0.2285998589908344	0.6729932141048356
ALL	1.22	last_action	CNOT(4->5)	2	13	22917	199987	0.15384615384615385	0.1145924485091531	1.3425505419221875
ALL	1.22	last_action	RX(q=5)	2	13	19412	199987	0.15384615384615385	0.09706630931010515	1.5849593431501532
ALL	1.22	last_action	RY(q=0)	1	13	551	199987	0.07692307692307693	0.0027551790866406317	27.91944715901159
ALL	1.22	last_action	CNOT(5->4)	1	13	15160	199987	0.07692307692307693	0.07580492732027581	1.0147503551857116
ALL	1.22	last_action	RX(q=1)	1	13	504	199987	0.07692307692307693	0.002520163810647692	30.5230463980464
ALL	1.22	last_action	RY(q=2)	1	13	591	199987	0.07692307692307693	0.0029551920874856864	26.029806065339063
ALL	1.22	last_action	CNOT(0->4)	1	13	380	199987	0.07692307692307693	0.0019001235080280219	40.483198380566805
ALL	1.22	last_action	RX(q=4)	1	13	37392	199987	0.07692307692307693	0.18697215318995736	0.41141461768868703
ALL	1.22	last_action	CNOT(1->3)	1	13	357	199987	0.07692307692307693	0.0017851160325421153	43.091359620771385
ALL	1.23	last_action	CNOT(4->5)	2	8	22917	199992	0.25	0.11458958358334333	2.1816991752847232
ALL	1.23	last_action	RY(q=5)	1	8	45718	199992	0.125	0.22859914396575862	0.5468086967933856
ALL	1.23	last_action	RZ(q=4)	1	8	379	199992	0.125	0.0018950758030321212	65.96042216358839
ALL	1.23	last_action	CNOT(3->4)	1	8	353	199992	0.125	0.001765070602824113	70.8186968838527
ALL	1.23	last_action	CNOT(0->2)	1	8	367	199992	0.125	0.0018350734029361174	68.11716621253406
ALL	1.23	last_action	RX(q=0)	1	8	567	199992	0.125	0.0028351134045361812	44.089947089947096
ALL	1.23	last_action	CNOT(1->5)	1	8	321	199992	0.125	0.0016050642025681027	77.8785046728972
ALL	1.24	last_action	CNOT(3->1)	1	6	307	199994	0.16666666666666666	0.0015350460513815414	108.57437567861021
ALL	1.24	last_action	RY(q=4)	1	6	41848	199994	0.16666666666666666	0.20924627738832166	0.7965095902631746
ALL	1.24	last_action	RZ(q=0)	1	6	358	199994	0.16666666666666666	0.0017900537016110483	93.10707635009311
ALL	1.24	last_action	CNOT(2->3)	1	6	347	199994	0.16666666666666666	0.0017350520515615469	96.05859750240153
ALL	1.24	last_action	RX(q=1)	1	6	504	199994	0.16666666666666666	0.002520075602268068	66.13558201058201
ALL	1.24	last_action	RX(q=5)	1	6	19413	199994	0.16666666666666666	0.09706791203736112	1.7170109376878036
ALL	1.25	last_action	RX(q=4)	1	8	37392	199992	0.125	0.18696747869914795	0.6685654685494223
ALL	1.25	last_action	CNOT(2->1)	1	8	355	199992	0.125	0.0017750710028401136	70.41971830985915
ALL	1.25	last_action	RX(q=5)	1	8	19413	199992	0.125	0.09706888275531021	1.287745325297481
ALL	1.25	last_action	RY(q=4)	1	8	41848	199992	0.125	0.2092483699347974	0.597376218696234
ALL	1.25	last_action	RX(q=1)	1	8	504	199992	0.125	0.002520100804032161	49.60119047619048
ALL	1.25	last_action	CNOT(3->4)	1	8	353	199992	0.125	0.001765070602824113	70.8186968838527
ALL	1.25	last_action	RY(q=0)	1	8	551	199992	0.125	0.0027551102044081764	45.370235934664244
ALL	1.25	last_action	CNOT(5->4)	1	8	15160	199992	0.125	0.07580303212128485	1.6490105540897098
ALL	1.26	last_action	CNOT(4->5)	2	14	22917	199986	0.14285714285714285	0.1145930215115058	1.246647840966469
ALL	1.26	last_action	CNOT(5->4)	1	14	15160	199986	0.07142857142857142	0.075805306371446	0.9422634753109687
ALL	1.26	last_action	CNOT(3->4)	1	14	353	199986	0.07142857142857142	0.0017651235586491054	40.46661270740591
ALL	1.26	last_action	CNOT(3->0)	1	14	344	199986	0.07142857142857142	0.00172012040842859	41.525332225913616
ALL	1.26	last_action	RZ(q=3)	1	14	383	199986	0.07142857142857142	0.0019151340593841569	37.29690414024618
ALL	1.26	last_action	CNOT(5->3)	1	14	455	199986	0.07142857142857142	0.00227515926114828	31.39497645211931
ALL	1.26	last_action	RZ(q=0)	1	14	358	199986	0.07142857142857142	0.001790125308771614	39.90143655227454
ALL	1.26	last_action	CNOT(5->1)	1	14	424	199986	0.07142857142857142	0.0021201484103887274	33.69036388140161
ALL	1.26	last_action	RX(q=1)	1	14	504	199986	0.07142857142857142	0.0025201764123488645	28.34268707482993
ALL	1.26	last_action	RY(q=0)	1	14	551	199986	0.07142857142857142	0.002755192863500445	25.925071298937
ALL	1.26	last_action	RX(q=0)	1	14	567	199986	0.07142857142857142	0.0028351984638924723	25.19349962207105
ALL	1.26	last_action	CNOT(4->2)	1	14	534	199986	0.07142857142857142	0.002670186913083916	26.75040128410915
ALL	1.26	last_action	CNOT(4->0)	1	14	515	199986	0.07142857142857142	0.0025751802626183835	27.737309292649094
ALL	1.27	last_action	CNOT(0->3)	1	6	291	199994	0.16666666666666666	0.0014550436513095393	114.54410080183276
ALL	1.27	last_action	CNOT(3->2)	1	6	330	199994	0.16666666666666666	0.0016500495014850445	101.00707070707071
ALL	1.27	last_action	CNOT(4->2)	1	6	534	199994	0.16666666666666666	0.002670080102403072	62.42009987515605
ALL	1.27	last_action	CNOT(1->0)	1	6	322	199994	0.16666666666666666	0.0016100483014490435	103.51656314699792
ALL	1.27	last_action	RX(q=2)	1	6	551	199994	0.16666666666666666	0.0027550826524795746	60.49425287356321
ALL	1.27	last_action	CNOT(2->3)	1	6	347	199994	0.16666666666666666	0.0017350520515615469	96.05859750240153
ALL	1.28	last_action	CNOT(4->1)	1	4	476	199996	0.25	0.002380047600952019	105.03991596638654
ALL	1.28	last_action	CNOT(4->0)	1	4	515	199996	0.25	0.0025750515010300205	97.08543689320389
ALL	1.28	last_action	CNOT(1->3)	1	4	357	199996	0.25	0.0017850357007140143	140.0532212885154
ALL	1.28	last_action	CNOT(5->2)	1	4	524	199996	0.25	0.002620052401048021	95.41793893129771
ALL	1.29	last_action	CNOT(4->2)	1	12	534	199988	0.08333333333333333	0.002670160209612577	31.20911360799001
ALL	1.29	last_action	CNOT(4->3)	1	12	476	199988	0.08333333333333333	0.0023801428085685142	35.01190476190476
ALL	1.29	last_action	CNOT(2->5)	2	12	322	199988	0.16666666666666666	0.0016100966057963479	103.5134575569358
ALL	1.29	last_action	CNOT(2->3)	1	12	347	199988	0.08333333333333333	0.0017351041062463749	48.027857829010564
ALL	1.29	last_action	RX(q=0)	1	12	567	199988	0.08333333333333333	0.002835170110206612	29.39271017048795
ALL	1.29	last_action	CNOT(0->5)	1	12	384	199988	0.08333333333333333	0.0019201152069124147	43.40017361111111
ALL	1.29	last_action	RX(q=5)	1	12	19413	199988	0.08333333333333333	0.09707082424945497	0.8584797129071584
ALL	1.29	last_action	RZ(q=3)	1	12	383	199988	0.08333333333333333	0.0019151149068944136	43.51348999129678
ALL	1.29	last_action	CNOT(5->3)	1	12	455	199988	0.08333333333333333	0.0022751365081904915	36.62783882783882
ALL	1.29	last_action	CNOT(4->5)	1	12	22918	199988	0.08333333333333333	0.11459687581254875	0.7271867818599644
ALL	1.29	last_action	RX(q=3)	1	12	541	199988	0.08333333333333333	0.0027051623097385843	30.805298829328404
ALL	1.30	last_action	RY(q=1)	1	8	628	199992	0.125	0.003140125605024201	39.80732484076433
ALL	1.30	last_action	RY(q=0)	1	8	551	199992	0.125	0.0027551102044081764	45.370235934664244
ALL	1.30	last_action	CNOT(1->5)	1	8	321	199992	0.125	0.0016050642025681027	77.8785046728972
ALL	1.30	last_action	RY(q=5)	2	8	45717	199992	0.25	0.22859414376575063	1.093641315046919
ALL	1.30	last_action	CNOT(4->3)	1	8	476	199992	0.125	0.0023800952038081523	52.51890756302521
ALL	1.30	last_action	RZ(q=4)	1	8	379	199992	0.125	0.0018950758030321212	65.96042216358839
ALL	1.30	last_action	CNOT(4->5)	1	8	22918	199992	0.125	0.11459458378335133	1.0908019897024173
ALL	1.31	last_action	RY(q=5)	2	26	45717	199974	0.07692307692307693	0.22861471991358875	0.33647473335116884
ALL	1.31	last_action	CNOT(4->5)	2	26	22917	199974	0.07692307692307693	0.11459989798673828	0.6712316352321589
ALL	1.31	last_action	CNOT(3->2)	2	26	329	199974	0.07692307692307693	0.0016452138778041145	46.75566986205284
ALL	1.31	last_action	CNOT(5->4)	3	26	15158	199974	0.11538461538461539	0.07579985398101753	1.5222274097455522
ALL	1.31	last_action	CNOT(0->5)	1	26	384	199974	0.038461538461538464	0.0019202496324522188	20.029447115384617
ALL	1.31	last_action	RX(q=5)	2	26	19412	199974	0.07692307692307693	0.09707261944052727	0.7924281570479799
ALL	1.31	last_action	CNOT(2->5)	1	26	323	199974	0.038461538461538464	0.0016152099772970487	23.812098118599668
ALL	1.31	last_action	RY(q=0)	2	26	550	199974	0.07692307692307693	0.0027503575464810424	27.96839160839161
ALL	1.31	last_action	CNOT(4->0)	2	26	514	199974	0.07692307692307693	0.002570334143438647	29.927267285243943
ALL	1.31	last_action	RY(q=3)	1	26	566	199974	0.038461538461538464	0.0028303679478332185	13.588882848600162
ALL	1.31	last_action	RX(q=2)	1	26	551	199974	0.038461538461538464	0.0027553581965655536	13.95881613848946
ALL	1.31	last_action	CNOT(1->4)	1	26	388	199974	0.038461538461538464	0.0019402522327902627	19.822957969865186
ALL	1.31	last_action	RX(q=4)	2	26	37391	199974	0.07692307692307693	0.1869793073099503	0.41139887632359085
ALL	1.31	last_action	CNOT(2->3)	1	26	347	199974	0.038461538461538464	0.0017352255793253123	22.165151851030814
ALL	1.31	last_action	RX(q=0)	1	26	567	199974	0.038461538461538464	0.0028353685979177292	13.564916564916565
ALL	1.31	last_action	CNOT(5->0)	1	26	502	199974	0.038461538461538464	0.002510326342424515	15.321330064357953
ALL	1.31	last_action	RZ(q=2)	1	26	350	199974	0.038461538461538464	0.0017502275295788452	21.975164835164836
ALL	1.32	last_action	RY(q=4)	1	15	41848	199985	0.06666666666666667	0.20925569417706327	0.31858949850251705
ALL	1.32	last_action	CNOT(3->5)	1	15	383	199985	0.06666666666666667	0.001915143635772683	34.81026979982593
ALL	1.32	last_action	RY(q=0)	1	15	551	199985	0.06666666666666667	0.0027552066404980375	24.196612220205687
ALL	1.32	last_action	RX(q=2)	1	15	551	199985	0.06666666666666667	0.0027552066404980375	24.196612220205687
ALL	1.32	last_action	CNOT(3->2)	1	15	330	199985	0.06666666666666667	0.0016501237592819462	40.4010101010101
ALL	1.32	last_action	RY(q=1)	1	15	628	199985	0.06666666666666667	0.003140235517663825	21.229830148619957
ALL	1.32	last_action	RX(q=5)	1	15	19413	199985	0.06666666666666667	0.09707228042103158	0.6867734679510293
ALL	1.32	last_action	CNOT(5->4)	1	15	15160	199985	0.06666666666666667	0.07580568542640698	0.8794415127528584
ALL	1.32	last_action	CNOT(5->3)	1	15	455	199985	0.06666666666666667	0.002275170637797835	29.3018315018315
ALL	1.32	last_action	CNOT(0->3)	1	15	291	199985	0.06666666666666667	0.0014551091331849889	45.815578465063
ALL	1.32	last_action	CNOT(2->4)	2	15	362	199985	0.13333333333333333	0.0018101357601820137	73.65930018416206
ALL	1.32	last_action	RX(q=4)	1	15	37392	199985	0.06666666666666667	0.1869740230517289	0.35655576950506346
ALL	1.32	last_action	RX(q=3)	1	15	541	199985	0.06666666666666667	0.002705202890216766	24.643869377695626
ALL	1.32	last_action	CNOT(0->5)	1	15	384	199985	0.06666666666666667	0.00192014401080081	34.71961805555556
ALL	1.33	last_action	CNOT(4->3)	1	8	476	199992	0.125	0.0023800952038081523	52.51890756302521
ALL	1.33	last_action	CNOT(3->1)	1	8	307	199992	0.125	0.0015350614024560983	81.42996742671009
ALL	1.33	last_action	RZ(q=3)	1	8	383	199992	0.125	0.0019150766030641227	65.27154046997389
ALL	1.33	last_action	RX(q=3)	1	8	541	199992	0.125	0.002705108204328173	46.20887245841035
ALL	1.33	last_action	RY(q=1)	1	8	628	199992	0.125	0.003140125605024201	39.80732484076433
ALL	1.33	last_action	RX(q=0)	1	8	567	199992	0.125	0.0028351134045361812	44.089947089947096
ALL	1.33	last_action	CNOT(5->2)	1	8	524	199992	0.125	0.0026201048041921676	47.708015267175576
ALL	1.33	last_action	RY(q=4)	1	8	41848	199992	0.125	0.2092483699347974	0.597376218696234
ALL	1.34	last_action	RY(q=4)	1	12	41848	199988	0.08333333333333333	0.2092525551533092	0.39824284712929325
ALL	1.34	last_action	CNOT(4->5)	1	12	22918	199988	0.08333333333333333	0.11459687581254875	0.7271867818599644
ALL	1.34	last_action	CNOT(3->0)	1	12	344	199988	0.08333333333333333	0.0017201032061923715	48.44670542635659
ALL	1.34	last_action	CNOT(5->4)	1	12	15160	199988	0.08333333333333333	0.07580454827289637	1.0993183817062444
ALL	1.34	last_action	RY(q=2)	1	12	591	199988	0.08333333333333333	0.0029551773106386383	28.19909757473209
ALL	1.34	last_action	RX(q=4)	1	12	37392	199988	0.08333333333333333	0.18697121827309637	0.44570139780345175
ALL	1.34	last_action	CNOT(2->5)	2	12	322	199988	0.16666666666666666	0.0016100966057963479	103.5134575569358
ALL	1.34	last_action	RZ(q=4)	1	12	379	199988	0.08333333333333333	0.0018951137068224093	43.97273526824978
ALL	1.34	last_action	RY(q=5)	2	12	45717	199988	0.16666666666666666	0.2285987159229554	0.72907962756378
ALL	1.34	last_action	CNOT(2->0)	1	12	378	199988	0.08333333333333333	0.0018901134068044082	44.089065255731924
ALL	1.35	last_action	RX(q=3)	2	10	540	199990	0.2	0.0027001350067503375	74.07037037037037
ALL	1.35	last_action	RX(q=2)	2	10	550	199990	0.2	0.002750137506875344	72.72363636363636
ALL	1.35	last_action	CNOT(0->4)	1	10	380	199990	0.1	0.0019000950047502376	52.62894736842105
ALL	1.35	last_action	CNOT(5->3)	1	10	455	199990	0.1	0.0022751137556877845	43.95384615384615
ALL	1.35	last_action	RX(q=5)	1	10	19413	199990	0.1	0.09706985349267463	1.0301859578632875
ALL	1.35	last_action	RX(q=4)	1	10	37392	199990	0.1	0.18696934846742336	0.53484702610184
ALL	1.35	last_action	RX(q=0)	1	10	567	199990	0.1	0.0028351417570878544	35.27160493827161
ALL	1.35	last_action	RZ(q=3)	1	10	383	199990	0.1	0.0019150957547877394	52.21671018276763
ALL	1.36	last_action	CNOT(0->1)	1	4	317	199996	0.25	0.0015850317006340126	157.7255520504732
ALL	1.36	last_action	RX(q=3)	1	4	541	199996	0.25	0.002705054101082022	92.41959334565618
ALL	1.36	last_action	RX(q=4)	1	4	37392	199996	0.25	0.1869637392747855	1.3371576807873342
ALL	1.36	last_action	RX(q=5)	1	4	19413	199996	0.25	0.09706694133882678	2.575542162468449
ALL	1.37	last_action	CNOT(2->3)	1	9	347	199991	0.1111111111111111	0.001735078078513533	64.03810438680756
ALL	1.37	last_action	CNOT(4->5)	2	9	22917	199991	0.2222222222222222	0.11459015655704506	1.9392784589799905
ALL	1.37	last_action	RY(q=0)	1	9	551	199991	0.1111111111111111	0.002755123980579126	40.328896955031254
ALL	1.37	last_action	CNOT(5->3)	1	9	455	199991	0.1111111111111111	0.0022751023796070825	48.83785103785103
ALL	1.37	last_action	RX(q=5)	1	9	19413	199991	0.1111111111111111	0.09706936812156547	1.1446567878340401
ALL	1.37	last_action	CNOT(3->5)	1	9	383	199991	0.1111111111111111	0.0019150861788780496	58.01885697708151
ALL	1.37	last_action	RY(q=4)	1	9	41848	199991	0.1111111111111111	0.20924941622373006	0.5309984281739204
ALL	1.37	last_action	CNOT(2->5)	1	9	323	199991	0.1111111111111111	0.0016150726782705222	68.79635362917097
ALL	1.38	last_action	RX(q=5)	1	3	19413	199997	0.3333333333333333	0.09706645599683995	3.434073387249094
ALL	1.38	last_action	CNOT(5->4)	1	3	15160	199997	0.3333333333333333	0.07580113701705525	4.397471416007036
ALL	1.38	last_action	RY(q=4)	1	3	41848	199997	0.3333333333333333	0.20924313864707972	1.5930430765309371
ALL	1.39	last_action	CNOT(4->2)	1	10	534	199990	0.1	0.002670133506675334	37.451310861423224
ALL	1.39	last_action	CNOT(4->3)	1	10	476	199990	0.1	0.0023801190059502975	42.01470588235294
ALL	1.39	last_action	CNOT(4->5)	1	10	22918	199990	0.1	0.11459572978648933	0.8726328649969457
ALL	1.39	last_action	CNOT(0->1)	1	10	317	199990	0.1	0.0015850792539626982	63.08832807570978
ALL	1.39	last_action	RZ(q=3)	1	10	383	199990	0.1	0.0019150957547877394	52.21671018276763
ALL	1.39	last_action	RX(q=2)	2	10	550	199990	0.2	0.002750137506875344	72.72363636363636
ALL	1.39	last_action	RX(q=1)	1	10	504	199990	0.1	0.002520126006300315	39.68055555555556
ALL	1.39	last_action	RY(q=5)	2	10	45717	199990	0.2	0.2285964298214911	0.8749043025570357
ALL	1.40	last_action	RY(q=5)	1	9	45718	199991	0.1111111111111111	0.22860028701291557	0.48604974456936484
ALL	1.40	last_action	CNOT(4->1)	1	9	476	199991	0.1111111111111111	0.002380107104819717	46.683239962651726
ALL	1.40	last_action	RY(q=3)	1	9	566	199991	0.1111111111111111	0.002830127355731008	39.2601099332548
ALL	1.40	last_action	RX(q=3)	1	9	541	199991	0.1111111111111111	0.0027051217304778713	41.074347915383036
ALL	1.40	last_action	CNOT(3->4)	1	9	353	199991	0.1111111111111111	0.0017650794285742858	62.949638023292415
ALL	1.40	last_action	RY(q=4)	1	9	41848	199991	0.1111111111111111	0.20924941622373006	0.5309984281739204
ALL	1.40	last_action	CNOT(3->5)	1	9	383	199991	0.1111111111111111	0.0019150861788780496	58.01885697708151
ALL	1.40	last_action	RX(q=4)	1	9	37392	199991	0.1111111111111111	0.18696841357861105	0.5942774449674321
ALL	1.40	last_action	CNOT(1->3)	1	9	357	199991	0.1111111111111111	0.0017850803286147876	62.2443199502023
ALL	1.41	last_action	CNOT(1->3)	1	38	357	199962	0.02631578947368421	0.0017853392144507457	14.739938080495355
ALL	1.41	last_action	RX(q=3)	2	38	540	199962	0.05263157894736842	0.0027005130974885228	19.489473684210527
ALL	1.41	last_action	RX(q=4)	3	38	37390	199962	0.07894736842105263	0.18698552725017753	0.4222111175236835
ALL	1.41	last_action	CNOT(2->4)	1	38	363	199962	0.02631578947368421	0.0018153449155339514	14.496302740321878
ALL	1.41	last_action	CNOT(3->5)	1	38	383	199962	0.02631578947368421	0.0019153639191446376	13.739315652054417
ALL	1.41	last_action	RY(q=0)	1	38	551	199962	0.02631578947368421	0.0027555235494744	9.550195816219313
ALL	1.41	last_action	CNOT(5->3)	3	38	453	199962	0.07894736842105263	0.0022654304317820386	34.84872777971418
ALL	1.41	last_action	CNOT(4->0)	1	38	515	199962	0.02631578947368421	0.0025754893429751654	10.217782319877362
ALL	1.41	last_action	CNOT(5->1)	2	38	423	199962	0.05263157894736842	0.0021154019263660093	24.88017917133259
ALL	1.41	last_action	CNOT(4->5)	3	38	22916	199962	0.07894736842105263	0.11460177433712405	0.6888843464919936
ALL	1.41	last_action	CNOT(4->3)	1	38	476	199962	0.02631578947368421	0.0023804522859343273	11.054953560371517
ALL	1.41	last_action	CNOT(4->1)	2	38	475	199962	0.05263157894736842	0.002375451335753793	22.15645429362881
ALL	1.41	last_action	CNOT(5->4)	4	38	15157	199962	0.10526315789473684	0.0757994018863584	1.3887069722865586
ALL	1.41	last_action	CNOT(5->2)	2	38	523	199962	0.05263157894736842	0.0026154969444194395	20.122974740867466
ALL	1.41	last_action	CNOT(5->0)	2	38	501	199962	0.05263157894736842	0.002505476040447685	21.00661834226284
ALL	1.41	last_action	CNOT(4->2)	2	38	533	199962	0.05263157894736842	0.0026655064462247826	19.745433000888713
ALL	1.41	last_action	RX(q=0)	1	38	567	199962	0.02631578947368421	0.002835538752362949	9.280701754385964
ALL	1.41	last_action	RY(q=3)	2	38	565	199962	0.05263157894736842	0.0028255368520018805	18.62710759198882
ALL	1.41	last_action	RY(q=5)	1	38	45718	199962	0.02631578947368421	0.2286334403536672	0.11510035204376486
ALL	1.41	last_action	CNOT(2->3)	1	38	347	199962	0.02631578947368421	0.0017353297126454026	15.16472015774306
ALL	1.41	last_action	RY(q=4)	1	38	41848	199962	0.02631578947368421	0.20927976315499944	0.12574454919558503
ALL	1.41	last_action	RZ(q=3)	1	38	383	199962	0.02631578947368421	0.0019153639191446376	13.739315652054417
ALL	1.42	last_action	RY(q=3)	2	11	565	199989	0.18181818181818182	0.002825155383546095	64.35687851971038
ALL	1.42	last_action	RY(q=5)	1	11	45718	199989	0.09090909090909091	0.2286025731415228	0.3976730867889711
ALL	1.42	last_action	RY(q=0)	1	11	551	199989	0.09090909090909091	0.0027551515333343332	32.99604025738327
ALL	1.42	last_action	CNOT(5->2)	3	11	522	199989	0.2727272727272727	0.002610143557895684	104.48746081504702
ALL	1.42	last_action	RZ(q=0)	1	11	358	199989	0.09090909090909091	0.0017900984554150479	50.78440832910107
ALL	1.42	last_action	RY(q=2)	1	11	591	199989	0.09090909090909091	0.0029551625339393666	30.762805722196585
ALL	1.42	last_action	RX(q=0)	1	11	567	199989	0.09090909090909091	0.0028351559335763467	32.064935064935064
ALL	1.42	last_action	CNOT(3->2)	1	11	330	199989	0.09090909090909091	0.0016500907549915245	55.09338842975207
ALL	1.43	last_action	CNOT(0->2)	1	8	367	199992	0.125	0.0018350734029361174	68.11716621253406
ALL	1.43	last_action	RY(q=5)	1	8	45718	199992	0.125	0.22859914396575862	0.5468086967933856
ALL	1.43	last_action	CNOT(0->1)	1	8	317	199992	0.125	0.0015850634025361015	78.86119873817034
ALL	1.43	last_action	CNOT(5->4)	1	8	15160	199992	0.125	0.07580303212128485	1.6490105540897098
ALL	1.43	last_action	RX(q=2)	1	8	551	199992	0.125	0.0027551102044081764	45.370235934664244
ALL	1.43	last_action	RY(q=0)	1	8	551	199992	0.125	0.0027551102044081764	45.370235934664244
ALL	1.43	last_action	RX(q=4)	1	8	37392	199992	0.125	0.18696747869914795	0.6685654685494223
ALL	1.43	last_action	CNOT(3->0)	1	8	344	199992	0.125	0.0017200688027521102	72.67151162790697
ALL	1.44	last_action	RZ(q=1)	1	14	338	199986	0.07142857142857142	0.0016901183082815797	42.26246830092984
ALL	1.44	last_action	RY(q=5)	3	14	45716	199986	0.21428571428571427	0.2285960017201204	0.9373992225291551
ALL	1.44	last_action	RY(q=4)	2	14	41847	199986	0.14285714285714285	0.20924964747532326	0.6827115102977172
ALL	1.44	last_action	CNOT(2->0)	1	14	378	199986	0.07142857142857142	0.0018901323092616483	37.790249433106574
ALL	1.44	last_action	RX(q=2)	1	14	551	199986	0.07142857142857142	0.002755192863500445	25.925071298937
ALL	1.44	last_action	CNOT(2->1)	1	14	355	199986	0.07142857142857142	0.0017751242586981088	40.23863179074446
ALL	1.44	last_action	RX(q=4)	1	14	37392	199986	0.07142857142857142	0.18697308811616814	0.38202594901888864
ALL	1.44	last_action	RZ(q=5)	1	14	341	199986	0.07142857142857142	0.001705119358355085	41.890657729367405
ALL	1.44	last_action	CNOT(1->4)	1	14	388	199986	0.07142857142857142	0.0019401358095066654	36.81627393225331
ALL	1.44	last_action	RZ(q=4)	1	14	379	199986	0.07142857142857142	0.00189513265928615	37.69053901243875
ALL	1.44	last_action	CNOT(5->4)	1	14	15160	199986	0.07142857142857142	0.075805306371446	0.9422634753109687
ALL	1.45	last_action	RX(q=4)	1	6	37392	199994	0.16666666666666666	0.18696560896826905	0.8914295392953929
ALL	1.45	last_action	RY(q=5)	1	6	45718	199994	0.16666666666666666	0.22859685790573717	0.7290855534654476
ALL	1.45	last_action	CNOT(1->0)	1	6	322	199994	0.16666666666666666	0.0016100483014490435	103.51656314699792
ALL	1.45	last_action	RX(q=1)	1	6	504	199994	0.16666666666666666	0.002520075602268068	66.13558201058201
ALL	1.45	last_action	RY(q=4)	1	6	41848	199994	0.16666666666666666	0.20924627738832166	0.7965095902631746
ALL	1.45	last_action	RY(q=0)	1	6	551	199994	0.16666666666666666	0.0027550826524795746	60.49425287356321
ALL	1.46	last_action	RY(q=0)	1	5	551	199995	0.2	0.002755068876721918	72.5934664246824
ALL	1.46	last_action	RX(q=1)	1	5	504	199995	0.2	0.0025200630015750395	79.36309523809524
ALL	1.46	last_action	RY(q=2)	1	5	591	199995	0.2	0.0029550738768469214	67.68020304568527
ALL	1.46	last_action	CNOT(1->2)	1	5	339	199995	0.2	0.0016950423760594014	117.99115044247789
ALL	1.46	last_action	CNOT(5->2)	1	5	524	199995	0.2	0.002620065501637541	76.33396946564886
ALL	1.47	last_action	RX(q=2)	1	9	551	199991	0.1111111111111111	0.002755123980579126	40.328896955031254
ALL	1.47	last_action	CNOT(4->5)	1	9	22918	199991	0.1111111111111111	0.11459515678205519	0.9695969204215997
ALL	1.47	last_action	CNOT(2->1)	1	9	355	199991	0.1111111111111111	0.0017750798785945367	62.594992175273866
ALL	1.47	last_action	RX(q=1)	1	9	504	199991	0.1111111111111111	0.0025201134051032296	44.0897266313933
ALL	1.47	last_action	RY(q=2)	1	9	591	199991	0.1111111111111111	0.0029551329809841442	37.5993607821019
ALL	1.47	last_action	RY(q=4)	1	9	41848	199991	0.1111111111111111	0.20924941622373006	0.5309984281739204
ALL	1.47	last_action	RX(q=0)	1	9	567	199991	0.1111111111111111	0.0028351275807411334	39.19086811679404
ALL	1.47	last_action	RZ(q=3)	1	9	383	199991	0.1111111111111111	0.0019150861788780496	58.01885697708151
ALL	1.47	last_action	RX(q=5)	1	9	19413	199991	0.1111111111111111	0.09706936812156547	1.1446567878340401
ALL	1.48	last_action	CNOT(5->2)	1	10	524	199990	0.1	0.0026201310065503275	38.16603053435115
ALL	1.48	last_action	CNOT(3->1)	1	10	307	199990	0.1	0.001535076753837692	65.14332247557003
ALL	1.48	last_action	RX(q=5)	1	10	19413	199990	0.1	0.09706985349267463	1.0301859578632875
ALL	1.48	last_action	CNOT(4->2)	1	10	534	199990	0.1	0.002670133506675334	37.451310861423224
ALL	1.48	last_action	CNOT(2->5)	1	10	323	199990	0.1	0.001615080754037702	61.916408668730654
ALL	1.48	last_action	CNOT(2->1)	1	10	355	199990	0.1	0.001775088754437722	56.33521126760564
ALL	1.48	last_action	CNOT(2->4)	1	10	363	199990	0.1	0.001815090754537727	55.09366391184573
ALL	1.48	last_action	RZ(q=4)	1	10	379	199990	0.1	0.0018950947547377369	52.76781002638523
ALL	1.48	last_action	RZ(q=1)	1	10	338	199990	0.1	0.0016900845042252112	59.168639053254445
ALL	1.48	last_action	CNOT(5->4)	1	10	15160	199990	0.1	0.07580379018950947	1.3191952506596307
ALL	1.49	last_action	CNOT(5->4)	1	7	15160	199993	0.14285714285714285	0.07580265309285825	1.8845929136826234
ALL	1.49	last_action	CNOT(2->3)	1	7	347	199993	0.14285714285714285	0.0017350607271254493	82.33552902428983
ALL	1.49	last_action	RX(q=4)	1	7	37392	199993	0.14285714285714285	0.18696654382903402	0.7640786417262668
ALL	1.49	last_action	RY(q=3)	1	7	566	199993	0.14285714285714285	0.0028300990534668715	50.477788995456834
ALL	1.49	last_action	CNOT(2->1)	1	7	355	199993	0.14285714285714285	0.001775062127174451	80.48008048289738
ALL	1.49	last_action	CNOT(4->1)	1	7	476	199993	0.14285714285714285	0.002380083302915602	60.021908763505394
ALL	1.49	last_action	CNOT(3->5)	1	7	383	199993	0.14285714285714285	0.0019150670273459572	74.59641924654979
ALL	1.50	last_action	CNOT(1->0)	2	9	321	199991	0.2222222222222222	0.0016050722282502713	138.44998269297335
ALL	1.50	last_action	CNOT(5->0)	2	9	501	199991	0.2222222222222222	0.002505112730072853	88.70747394100687
ALL	1.50	last_action	RY(q=0)	1	9	551	199991	0.1111111111111111	0.002755123980579126	40.328896955031254
ALL	1.50	last_action	CNOT(1->3)	1	9	357	199991	0.1111111111111111	0.0017850803286147876	62.2443199502023
ALL	1.50	last_action	CNOT(0->2)	1	9	367	199991	0.1111111111111111	0.0018350825787160421	60.54828943384802
ALL	1.50	last_action	RZ(q=1)	1	9	338	199991	0.1111111111111111	0.001690076053422404	65.74326101249177
ALL	1.50	last_action	CNOT(4->5)	1	9	22918	199991	0.1111111111111111	0.11459515678205519	0.9695969204215997
ALL	1.51	last_action	CNOT(2->4)	1	1	363	199999	1.0	0.0018150090750453753	550.961432506887
ALL	1.52	last_action	CNOT(1->0)	1	8	322	199992	0.125	0.0016100644025761031	77.63664596273291
ALL	1.52	last_action	RY(q=4)	1	8	41848	199992	0.125	0.2092483699347974	0.597376218696234
ALL	1.52	last_action	RX(q=0)	1	8	567	199992	0.125	0.0028351134045361812	44.089947089947096
ALL	1.52	last_action	RZ(q=0)	1	8	358	199992	0.125	0.0017900716028641146	69.82960893854748
ALL	1.52	last_action	RX(q=1)	2	8	503	199992	0.25	0.002515100604024161	99.39960238568588
ALL	1.52	last_action	CNOT(4->3)	1	8	476	199992	0.125	0.0023800952038081523	52.51890756302521
ALL	1.52	last_action	CNOT(3->2)	1	8	330	199992	0.125	0.0016500660026401055	75.75454545454546
ALL	1.53	last_action	CNOT(1->4)	1	5	388	199995	0.2	0.0019400485012125302	103.09020618556703
ALL	1.53	last_action	RX(q=5)	1	5	19413	199995	0.2	0.09706742668566715	2.0604234276000617
ALL	1.53	last_action	CNOT(0->3)	1	5	291	199995	0.2	0.0014550363759093978	137.45360824742266
ALL	1.53	last_action	CNOT(2->1)	1	5	355	199995	0.2	0.0017750443761094027	112.67323943661972
ALL	1.53	last_action	RX(q=4)	1	5	37392	199995	0.2	0.1869646741168529	1.0697207958921695
ALL	1.54	last_action	RY(q=5)	1	9	45718	199991	0.1111111111111111	0.22860028701291557	0.48604974456936484
ALL	1.54	last_action	CNOT(5->4)	1	9	15160	199991	0.1111111111111111	0.0758034111535019	1.465779829961888
ALL	1.54	last_action	RY(q=1)	1	9	628	199991	0.1111111111111111	0.003140141306358786	35.3841118188252
ALL	1.54	last_action	CNOT(1->2)	1	9	339	199991	0.1111111111111111	0.0016950762784325294	65.54932808915109
ALL	1.54	last_action	CNOT(2->1)	1	9	355	199991	0.1111111111111111	0.0017750798785945367	62.594992175273866
ALL	1.54	last_action	RX(q=5)	1	9	19413	199991	0.1111111111111111	0.09706936812156547	1.1446567878340401
ALL	1.54	last_action	CNOT(0->2)	1	9	367	199991	0.1111111111111111	0.0018350825787160421	60.54828943384802
ALL	1.54	last_action	RY(q=3)	1	9	566	199991	0.1111111111111111	0.002830127355731008	39.2601099332548
ALL	1.54	last_action	RY(q=0)	1	9	551	199991	0.1111111111111111	0.002755123980579126	40.328896955031254
ALL	1.55	last_action	CNOT(1->5)	1	6	321	199994	0.16666666666666666	0.0016050481514445433	103.83904465212876
ALL	1.55	last_action	RZ(q=5)	1	6	341	199994	0.16666666666666666	0.001705051151534546	97.74877810361681
ALL	1.55	last_action	CNOT(5->4)	2	6	15159	199994	0.3333333333333333	0.07579727391821754	4.397695538404029
ALL	1.55	last_action	RZ(q=0)	1	6	358	199994	0.16666666666666666	0.0017900537016110483	93.10707635009311
ALL	1.55	last_action	RX(q=4)	1	6	37392	199994	0.16666666666666666	0.18696560896826905	0.8914295392953929
ALL	1.56	last_action	CNOT(4->5)	1	7	22918	199993	0.14285714285714285	0.11459401079037766	1.246637078777754
ALL	1.56	last_action	RY(q=5)	3	7	45716	199993	0.42857142857142855	0.2285880005800203	1.874864067597465
ALL	1.56	last_action	RX(q=4)	2	7	37391	199993	0.2857142857142857	0.1869615436540279	1.5281981531078905
ALL	1.56	last_action	CNOT(4->2)	1	7	534	199993	0.14285714285714285	0.0026700934532708645	53.50267522739433
ALL	1.57	last_action	RY(q=4)	1	5	41848	199995	0.2	0.20924523113077828	0.9558162875167272
ALL	1.57	last_action	RX(q=4)	1	5	37392	199995	0.2	0.1869646741168529	1.0697207958921695
ALL	1.57	last_action	CNOT(4->0)	1	5	515	199995	0.2	0.0025750643766094153	77.66796116504855
ALL	1.57	last_action	RZ(q=3)	1	5	383	199995	0.2	0.001915047876196905	104.43603133159269
ALL	1.57	last_action	RY(q=5)	1	5	45718	199995	0.2	0.2285957148928723	0.8749070388030974
ALL	1.58	last_action	CNOT(5->4)	1	7	15160	199993	0.14285714285714285	0.07580265309285825	1.8845929136826234
ALL	1.58	last_action	CNOT(0->2)	1	7	367	199993	0.14285714285714285	0.0018350642272479537	77.84857921370183
ALL	1.58	last_action	RY(q=4)	1	7	41848	199993	0.14285714285714285	0.20924732365632798	0.6827190922249228
ALL	1.58	last_action	CNOT(5->3)	1	7	455	199993	0.14285714285714285	0.0022750796277869727	62.79215070643641
ALL	1.58	last_action	RY(q=0)	1	7	551	199993	0.14285714285714285	0.0027550964283749933	51.85195747990666
ALL	1.58	last_action	RY(q=3)	1	7	566	199993	0.14285714285714285	0.0028300990534668715	50.477788995456834
ALL	1.58	last_action	CNOT(4->5)	1	7	22918	199993	0.14285714285714285	0.11459401079037766	1.246637078777754
ALL	1.59	last_action	RZ(q=3)	1	5	383	199995	0.2	0.001915047876196905	104.43603133159269
ALL	1.59	last_action	RZ(q=0)	1	5	358	199995	0.2	0.001790044751118778	111.72905027932961
ALL	1.59	last_action	CNOT(3->5)	1	5	383	199995	0.2	0.001915047876196905	104.43603133159269
ALL	1.59	last_action	RX(q=5)	1	5	19413	199995	0.2	0.09706742668566715	2.0604234276000617
ALL	1.59	last_action	CNOT(4->0)	1	5	515	199995	0.2	0.0025750643766094153	77.66796116504855
ALL	1.60	last_action	CNOT(3->1)	1	1	307	199999	1.0	0.0015350076750383751	651.4625407166124
ALL	failure	last_action	CNOT(2->3)	211	10764	137	189236	0.019602378298030472	0.0007239637278319135	27.076464668657625
ALL	failure	last_action	CNOT(5->1)	169	10764	256	189236	0.01570048309178744	0.0013528081337589042	11.605846165458939
ALL	failure	last_action	CNOT(4->2)	211	10764	324	189236	0.019602378298030472	0.0017121477942886132	11.448998949401526
ALL	failure	last_action	RX(q=3)	212	10764	330	189236	0.019695280564845784	0.0017438542349235875	11.29410943323987
ALL	failure	last_action	RY(q=2)	221	10764	371	189236	0.020531400966183576	0.001960514912595912	10.47245335104236
ALL	failure	last_action	CNOT(3->1)	201	10764	107	189236	0.018673355629877368	0.000565431524657042	33.024963794163305
ALL	failure	last_action	RZ(q=1)	207	10764	132	189236	0.019230769230769232	0.000697541693969435	27.569347319347322
ALL	failure	last_action	CNOT(0->4)	208	10764	173	189236	0.01932367149758454	0.0009142023716417595	21.137192482756692
ALL	failure	last_action	RY(q=0)	209	10764	343	189236	0.019416573764399852	0.0018125515229660317	10.712287909271051
ALL	failure	last_action	CNOT(3->0)	182	10764	163	189236	0.016908212560386472	0.0008613583039168023	19.629708663050884
ALL	failure	last_action	RY(q=5)	428	10764	45291	189236	0.03976217019695281	0.23933606713310362	0.16613530368926635
ALL	failure	last_action	CNOT(1->2)	190	10764	150	189236	0.017651430694908956	0.000792661015874358	22.26857425987861
ALL	failure	last_action	CNOT(1->3)	218	10764	140	189236	0.020252694165737644	0.0007398169481494007	27.375277379625206
ALL	failure	last_action	CNOT(4->1)	204	10764	273	189236	0.0189520624303233	0.0014426430488913315	13.137042073496923
ALL	failure	last_action	RZ(q=2)	208	10764	143	189236	0.01932367149758454	0.0007556701684668879	25.571568528090268
ALL	failure	last_action	CNOT(2->1)	206	10764	150	189236	0.01913786696395392	0.000792661015874358	24.143822618605224
ALL	failure	last_action	CNOT(0->1)	203	10764	115	189236	0.018859160163507988	0.0006077067788370078	31.033322023492154
ALL	failure	last_action	CNOT(2->0)	217	10764	162	189236	0.020159791898922332	0.0008560738971443066	23.549125801138683
ALL	failure	last_action	CNOT(3->5)	221	10764	163	189236	0.020531400966183576	0.0008613583039168023	23.836074805133222
ALL	failure	last_action	RZ(q=3)	217	10764	167	189236	0.020159791898922332	0.0008824959310067852	22.844062154398003
ALL	failure	last_action	CNOT(4->0)	219	10764	297	189236	0.020345596432552956	0.0015694688114312287	12.963364601045761
ALL	failure	last_action	RY(q=3)	212	10764	355	189236	0.019695280564845784	0.0018759644042359806	10.498749613997624
ALL	failure	last_action	CNOT(5->3)	179	10764	277	189236	0.016629505759940544	0.0014637806759813144	11.36065397829642
ALL	failure	last_action	CNOT(2->4)	218	10764	146	189236	0.020252694165737644	0.0007715233887843751	26.250265980462526
ALL	failure	last_action	CNOT(5->0)	219	10764	284	189236	0.020345596432552956	0.0015007715233887843	13.556758051093631
ALL	failure	last_action	CNOT(2->5)	189	10764	135	189236	0.017558528428093644	0.0007133949142869221	24.612634708286883
ALL	failure	last_action	RX(q=2)	211	10764	341	189236	0.019602378298030472	0.0018019827094210403	10.878227740780336
ALL	failure	last_action	RY(q=1)	202	10764	427	189236	0.01876625789669268	0.0022564416918556722	8.316748429364253
ALL	failure	last_action	CNOT(0->5)	217	10764	168	189236	0.020159791898922332	0.0008877803377792809	22.708085593955158
ALL	failure	last_action	RY(q=4)	415	10764	41434	189236	0.03855444072835377	0.21895411021158764	0.1760845717447206
ALL	failure	last_action	RX(q=4)	421	10764	36972	189236	0.03911185432924563	0.19537508719271174	0.2001885444620017
ALL	failure	last_action	CNOT(1->5)	184	10764	138	189236	0.017094017094017096	0.0007292481346044093	23.440604484082748
ALL	failure	last_action	CNOT(5->4)	271	10764	14890	189236	0.025176514306949088	0.07868481684246127	0.3199666125849441
ALL	failure	last_action	RX(q=1)	195	10764	310	189236	0.018115942028985508	0.0016381660994736731	11.058672276764844
ALL	failure	last_action	RX(q=5)	382	10764	19032	189236	0.035488665923448535	0.10057282969413854	0.3528653417764663
ALL	failure	last_action	CNOT(3->2)	208	10764	123	189236	0.01932367149758454	0.0006499820330169735	29.72954715054397
ALL	failure	last_action	RZ(q=0)	190	10764	169	189236	0.017651430694908956	0.0008930647445517766	19.765006739537228
ALL	failure	last_action	CNOT(1->0)	192	10764	131	189236	0.017837235228539576	0.0006922572871969392	25.766771341281796
ALL	failure	last_action	CNOT(3->4)	208	10764	146	189236	0.01932367149758454	0.0007715233887843751	25.0461253391569
ALL	failure	last_action	CNOT(4->5)	302	10764	22617	189236	0.028056484578223708	0.11951742797353569	0.23474806188463287
ALL	failure	last_action	RX(q=0)	180	10764	388	189236	0.016722408026755852	0.0020503498277283394	8.15588042616281
ALL	failure	last_action	CNOT(4->3)	202	10764	275	189236	0.01876625789669268	0.001453211862436323	12.913642106685586
ALL	failure	last_action	RZ(q=4)	195	10764	185	189236	0.018115942028985508	0.000977615252911708	18.530748139443794
ALL	failure	last_action	CNOT(5->2)	204	10764	321	189236	0.0189520624303233	0.001696294573971126	11.172624567179627
ALL	failure	last_action	CNOT(0->2)	214	10764	154	189236	0.019881085098476404	0.0008137986429643409	24.429980647371952
ALL	failure	last_action	CNOT(1->4)	209	10764	180	189236	0.019416573764399852	0.0009511932190492295	20.412859738222057
ALL	failure	last_action	CNOT(0->3)	183	10764	109	189236	0.017001114827201784	0.0005760003382020335	29.515807022388593
ALL	failure	last_action	RZ(q=5)	200	10764	142	189236	0.01858045336306206	0.0007503857616943921	24.76120191980572
crlqas/COBYLA	0.13	last_action	RY(q=3)	1	1	120	49999	1.0	0.002400048000960019	416.65833333333336
crlqas/COBYLA	0.27	last_action	CNOT(5->4)	4	29	4756	49971	0.13793103448275862	0.09517520161693782	1.4492329108784547
crlqas/COBYLA	0.27	last_action	RY(q=5)	2	29	10395	49971	0.06896551724137931	0.20802065197814731	0.331532069463104
crlqas/COBYLA	0.27	last_action	CNOT(4->2)	1	29	105	49971	0.034482758620689655	0.002101218706849973	16.410837438423645
crlqas/COBYLA	0.27	last_action	CNOT(4->1)	1	29	95	49971	0.034482758620689655	0.001901102639530928	18.13829401088929
crlqas/COBYLA	0.27	last_action	CNOT(5->1)	1	29	114	49971	0.034482758620689655	0.0022813231674371137	15.115245009074409
crlqas/COBYLA	0.27	last_action	CNOT(5->2)	2	29	117	49971	0.06896551724137931	0.002341357987632827	29.455349248452695
crlqas/COBYLA	0.27	last_action	CNOT(1->0)	2	29	62	49971	0.06896551724137931	0.0012407196173780794	55.58509454949944
crlqas/COBYLA	0.27	last_action	RY(q=3)	1	29	120	49971	0.034482758620689655	0.0024013928078285406	14.35948275862069
crlqas/COBYLA	0.27	last_action	CNOT(1->4)	1	29	69	49971	0.034482758620689655	0.0013808008645014107	24.973013493253376
crlqas/COBYLA	0.27	last_action	RX(q=5)	2	29	9832	49971	0.06896551724137931	0.1967541173880851	0.3505162593642154
crlqas/COBYLA	0.27	last_action	RX(q=3)	2	29	151	49971	0.06896551724137931	0.00302175261651758	22.823018954099112
crlqas/COBYLA	0.27	last_action	CNOT(4->5)	4	29	7837	49971	0.13793103448275862	0.1568309619579356	0.8794885446137464
crlqas/COBYLA	0.27	last_action	CNOT(2->4)	1	29	53	49971	0.034482758620689655	0.0010606151567909387	32.51203643461288
crlqas/COBYLA	0.27	last_action	CNOT(0->5)	1	29	54	49971	0.034482758620689655	0.0010806267635228432	31.909961685823756
crlqas/COBYLA	0.27	last_action	RX(q=4)	1	29	7028	49971	0.034482758620689655	0.14064157211182485	0.2451818342393971
crlqas/COBYLA	0.27	last_action	RY(q=0)	1	29	114	49971	0.034482758620689655	0.0022813231674371137	15.115245009074409
crlqas/COBYLA	0.27	last_action	RX(q=0)	1	29	146	49971	0.034482758620689655	0.0029216945828580577	11.802314596126594
crlqas/COBYLA	0.27	last_action	CNOT(3->5)	1	29	54	49971	0.034482758620689655	0.0010806267635228432	31.909961685823756
crlqas/COBYLA	0.28	last_action	RY(q=1)	1	4	148	49996	0.25	0.0029602368189455158	84.4527027027027
crlqas/COBYLA	0.28	last_action	CNOT(3->2)	1	4	60	49996	0.25	0.0012000960076806145	208.31666666666666
crlqas/COBYLA	0.28	last_action	CNOT(2->3)	1	4	74	49996	0.25	0.0014801184094727579	168.9054054054054
crlqas/COBYLA	0.28	last_action	CNOT(4->5)	1	4	7840	49996	0.25	0.15681254500360028	1.5942602040816327
crlqas/COBYLA	0.29	last_action	CNOT(5->2)	1	4	118	49996	0.25	0.0023601888151052086	105.92372881355931
crlqas/COBYLA	0.29	last_action	CNOT(5->4)	1	4	4759	49996	0.25	0.09518761500920074	2.6263920991805
crlqas/COBYLA	0.29	last_action	CNOT(3->1)	1	4	62	49996	0.25	0.0012400992079366349	201.5967741935484
crlqas/COBYLA	0.29	last_action	CNOT(3->5)	1	4	54	49996	0.25	0.001080086406912553	231.46296296296296
crlqas/COBYLA	0.30	last_action	RZ(q=5)	1	3	50	49997	0.3333333333333333	0.001000060003600216	333.31333333333333
crlqas/COBYLA	0.30	last_action	CNOT(5->3)	1	3	114	49997	0.3333333333333333	0.0022801368082084926	146.19005847953215
crlqas/COBYLA	0.30	last_action	CNOT(5->0)	1	3	146	49997	0.3333333333333333	0.002920175210512631	114.148401826484
crlqas/COBYLA	0.32	last_action	CNOT(2->3)	1	1	74	49999	1.0	0.0014800296005920118	675.6621621621622
crlqas/COBYLA	0.33	last_action	CNOT(4->5)	1	2	7840	49998	0.5	0.15680627225089003	3.188647959183674
crlqas/COBYLA	0.33	last_action	RX(q=4)	1	2	7028	49998	0.5	0.140565622624905	3.5570574843483214
crlqas/COBYLA	0.34	last_action	CNOT(1->5)	1	2	38	49998	0.5	0.0007600304012160486	657.8684210526316
crlqas/COBYLA	0.34	last_action	CNOT(3->5)	1	2	54	49998	0.5	0.001080043201728069	462.94444444444446
crlqas/COBYLA	0.35	last_action	CNOT(3->2)	1	1	60	49999	1.0	0.0012000240004800095	833.3166666666667
crlqas/COBYLA	0.37	last_action	CNOT(5->0)	1	2	146	49998	0.5	0.002920116804672187	171.22602739726028
crlqas/COBYLA	0.37	last_action	CNOT(3->0)	1	2	71	49998	0.5	0.0014200568022720908	352.0985915492958
crlqas/COBYLA	0.38	last_action	CNOT(4->3)	1	2	110	49998	0.5	0.002200088003520141	227.26363636363635
crlqas/COBYLA	0.38	last_action	CNOT(5->1)	1	2	114	49998	0.5	0.002280091203648146	219.28947368421055
crlqas/COBYLA	0.39	last_action	RX(q=5)	1	1	9833	49999	1.0	0.19666393327866558	5.084816434455405
crlqas/COBYLA	0.40	last_action	CNOT(4->1)	1	1	95	49999	1.0	0.0019000380007600153	526.3052631578947
crlqas/COBYLA	0.42	last_action	CNOT(5->4)	1	4	4759	49996	0.25	0.09518761500920074	2.6263920991805
crlqas/COBYLA	0.42	last_action	CNOT(5->3)	1	4	114	49996	0.25	0.0022801824145931675	109.64035087719299
crlqas/COBYLA	0.42	last_action	CNOT(5->0)	1	4	146	49996	0.25	0.002920233618689495	85.6095890410959
crlqas/COBYLA	0.42	last_action	RY(q=2)	1	4	144	49996	0.25	0.0028802304184334746	86.79861111111111
crlqas/COBYLA	0.45	last_action	CNOT(4->0)	1	2	135	49998	0.5	0.002700108004320173	185.17777777777778
crlqas/COBYLA	0.45	last_action	RY(q=2)	1	2	144	49998	0.5	0.0028801152046081845	173.60416666666666
crlqas/COBYLA	0.49	last_action	CNOT(4->0)	1	2	135	49998	0.5	0.002700108004320173	185.17777777777778
crlqas/COBYLA	0.49	last_action	CNOT(1->4)	1	2	69	49998	0.5	0.0013800552022080884	362.30434782608694
crlqas/COBYLA	0.50	last_action	CNOT(4->5)	1	2	7840	49998	0.5	0.15680627225089003	3.188647959183674
crlqas/COBYLA	0.50	last_action	CNOT(5->4)	1	2	4759	49998	0.5	0.09518380735229409	5.252994326539189
crlqas/COBYLA	0.51	last_action	CNOT(5->4)	1	1	4759	49999	1.0	0.09518190363807276	10.506198781256566
crlqas/COBYLA	0.52	last_action	CNOT(4->5)	1	1	7840	49999	1.0	0.15680313606272125	6.377423469387755
crlqas/COBYLA	0.53	last_action	CNOT(2->5)	1	1	42	49999	1.0	0.0008400168003360067	1190.452380952381
crlqas/COBYLA	0.54	last_action	CNOT(5->1)	1	2	114	49998	0.5	0.002280091203648146	219.28947368421055
crlqas/COBYLA	0.54	last_action	RY(q=2)	1	2	144	49998	0.5	0.0028801152046081845	173.60416666666666
crlqas/COBYLA	0.55	last_action	RX(q=4)	6772	46452	257	3548	0.1457848962369758	0.07243517474633597	2.0126257270380936
crlqas/COBYLA	0.55	last_action	RX(q=5)	9585	46452	249	3548	0.2063420304830793	0.0701803833145434	2.9401667636705437
crlqas/COBYLA	0.55	last_action	CNOT(5->4)	4600	46452	160	3548	0.09902695255317316	0.04509582863585118	2.195922672866615
crlqas/COBYLA	0.55	last_action	RY(q=4)	6362	46452	280	3548	0.13695858090071472	0.07891770011273957	1.735460875127628
crlqas/COBYLA	0.55	last_action	CNOT(4->5)	7695	46452	146	3548	0.16565486954275382	0.04114994363021421	4.025640254367743
crlqas/COBYLA	0.55	last_action	RY(q=5)	10106	46452	291	3548	0.21755790923964521	0.08201803833145434	2.652561725024953
crlqas/COBYLA	0.55	last_action	RY(q=1)	84	46452	65	3548	0.0018083182640144665	0.01832018038331454	0.09870635693420504
crlqas/COBYLA	0.55	last_action	CNOT(4->1)	55	46452	41	3548	0.0011840179109618531	0.011555806087936866	0.10246086702665012
crlqas/COBYLA	0.55	last_action	CNOT(4->2)	59	46452	47	3548	0.0012701283044863514	0.013246899661781286	0.09588117498548031
crlqas/COBYLA	0.55	last_action	RZ(q=4)	5	46452	46	3548	0.00010763799190562301	0.012965050732807215	0.008302165114807619
crlqas/COBYLA	0.55	last_action	RX(q=0)	79	46452	68	3548	0.0017006802721088435	0.019165727170236752	0.08873549419767907
crlqas/COBYLA	0.55	last_action	CNOT(0->3)	17	46452	45	3548	0.00036596917247911823	0.012683201803833146	0.028854636087909145
crlqas/COBYLA	0.55	last_action	RY(q=0)	46	46452	69	3548	0.0009902695255317316	0.019447576099210825	0.050919946037486716
crlqas/COBYLA	0.55	last_action	CNOT(2->0)	25	46452	54	3548	0.0005381899595281151	0.015219842164599774	0.03536107363714356
crlqas/COBYLA	0.55	last_action	CNOT(5->2)	56	46452	63	3548	0.0012055455093429777	0.017756482525366404	0.06789326138331563
crlqas/COBYLA	0.55	last_action	CNOT(1->4)	18	46452	52	3548	0.00038749677086024286	0.014656144306651634	0.026439202750233495
crlqas/COBYLA	0.55	last_action	CNOT(4->3)	61	46452	50	3548	0.0013131835012486007	0.014092446448703494	0.09318350124860071
crlqas/COBYLA	0.55	last_action	CNOT(3->5)	12	46452	43	3548	0.0002583311805734952	0.012119503945885006	0.021315326248250256
crlqas/COBYLA	0.55	last_action	CNOT(1->0)	19	46452	45	3548	0.00040902436924136743	0.012683201803833146	0.032249299157074925
crlqas/COBYLA	0.55	last_action	CNOT(1->5)	9	46452	30	3548	0.00019374838543012143	0.008455467869222097	0.02291397571686903
crlqas/COBYLA	0.55	last_action	RX(q=2)	86	46452	72	3548	0.0018513734607767157	0.020293122886133032	0.09123156998383039
crlqas/COBYLA	0.55	last_action	CNOT(4->0)	84	46452	52	3548	0.0018083182640144665	0.014656144306651634	0.1233829461677563
crlqas/COBYLA	0.55	last_action	RZ(q=2)	4	46452	38	3548	8.61103935244984e-05	0.010710259301014656	0.008039991479603168
crlqas/COBYLA	0.55	last_action	RX(q=3)	72	46452	81	3548	0.0015499870834409714	0.022829763246899663	0.06789326138331564
crlqas/COBYLA	0.55	last_action	RY(q=3)	44	46452	77	3548	0.0009472143287694825	0.021702367531003384	0.04364566803213148
crlqas/COBYLA	0.55	last_action	CNOT(5->3)	59	46452	56	3548	0.0012701283044863514	0.015783540022547914	0.08047170043424241
crlqas/COBYLA	0.55	last_action	CNOT(0->1)	14	46452	38	3548	0.0003013863773357444	0.010710259301014656	0.028139970178611085
crlqas/COBYLA	0.55	last_action	RX(q=1)	33	46452	58	3548	0.0007104107465771118	0.016347237880496055	0.04345754015268263
crlqas/COBYLA	0.55	last_action	CNOT(0->2)	16	46452	43	3548	0.0003444415740979936	0.012119503945885006	0.028420434997667006
crlqas/COBYLA	0.55	last_action	CNOT(2->3)	16	46452	59	3548	0.0003444415740979936	0.016629086809470124	0.020713198388130193
crlqas/COBYLA	0.55	last_action	CNOT(3->0)	14	46452	58	3548	0.0003013863773357444	0.016347237880496055	0.018436532185986572
crlqas/COBYLA	0.55	last_action	CNOT(0->4)	11	46452	34	3548	0.00023680358219237062	0.009582863585118376	0.02471115028289797
crlqas/COBYLA	0.55	last_action	CNOT(5->1)	57	46452	58	3548	0.0012270731077241024	0.016347237880496055	0.07506302390008819
crlqas/COBYLA	0.55	last_action	CNOT(3->2)	13	46452	48	3548	0.00027985877895461984	0.013528748590755355	0.020686228077728984
crlqas/COBYLA	0.55	last_action	RZ(q=5)	7	46452	44	3548	0.0001506931886678722	0.012401352874859075	0.012151350758945696
crlqas/COBYLA	0.55	last_action	CNOT(2->1)	19	46452	47	3548	0.00040902436924136743	0.013246899661781286	0.030876988554646205
crlqas/COBYLA	0.55	last_action	RZ(q=1)	8	46452	34	3548	0.0001722207870489968	0.009582863585118376	0.01797174566028943
crlqas/COBYLA	0.55	last_action	CNOT(0->5)	8	46452	47	3548	0.0001722207870489968	0.013246899661781286	0.013000837286166822
crlqas/COBYLA	0.55	last_action	CNOT(3->4)	11	46452	51	3548	0.00023680358219237062	0.014374295377677565	0.016474100188598646
crlqas/COBYLA	0.55	last_action	CNOT(3->1)	17	46452	46	3548	0.00036596917247911823	0.012965050732807215	0.028227361390345904
crlqas/COBYLA	0.55	last_action	CNOT(2->4)	13	46452	41	3548	0.00027985877895461984	0.011555806087936866	0.02421802311539003
crlqas/COBYLA	0.55	last_action	CNOT(5->0)	75	46452	72	3548	0.0016145698785843452	0.020293122886133032	0.07956241568357302
crlqas/COBYLA	0.55	last_action	CNOT(1->2)	12	46452	29	3548	0.0002583311805734952	0.008173618940248028	0.03160548374740555
crlqas/COBYLA	0.55	last_action	CNOT(1->3)	12	46452	57	3548	0.0002583311805734952	0.016065388951521983	0.016079982959206335
crlqas/COBYLA	0.55	last_action	RY(q=2)	61	46452	84	3548	0.0013131835012486007	0.02367531003382187	0.055466369790833754
crlqas/COBYLA	0.55	last_action	CNOT(2->5)	8	46452	35	3548	0.0001722207870489968	0.009864712514092447	0.01745826721285259
crlqas/COBYLA	0.55	last_action	RZ(q=3)	7	46452	51	3548	0.0001506931886678722	0.014374295377677565	0.010483518301835502
crlqas/COBYLA	0.55	last_action	RZ(q=0)	6	46452	37	3548	0.0001291655902867476	0.010428410372040587	0.012385932819929203
crlqas/COBYLA	0.56	last_action	RX(q=4)	106	825	6923	49175	0.12848484848484848	0.1407829181494662	0.912645157336765
crlqas/COBYLA	0.56	last_action	RX(q=5)	104	825	9730	49175	0.12606060606060607	0.19786476868327402	0.6371048615652932
crlqas/COBYLA	0.56	last_action	RY(q=4)	106	825	6536	49175	0.12848484848484848	0.13291306558210472	0.9666833574422313
crlqas/COBYLA	0.56	last_action	RY(q=5)	124	825	10273	49175	0.1503030303030303	0.20890696492119978	0.7194735243017147
crlqas/COBYLA	0.56	last_action	CNOT(5->4)	52	825	4708	49175	0.06303030303030303	0.09573970513472292	0.6583507118766253
crlqas/COBYLA	0.56	last_action	CNOT(2->1)	4	825	62	49175	0.0048484848484848485	0.001260803253685816	3.8455522971652
crlqas/COBYLA	0.56	last_action	RZ(q=4)	7	825	44	49175	0.008484848484848486	0.0008947635993899339	9.482782369146006
crlqas/COBYLA	0.56	last_action	CNOT(4->5)	50	825	7791	49175	0.06060606060606061	0.1584341637010676	0.3825315146069863
crlqas/COBYLA	0.56	last_action	CNOT(4->0)	8	825	128	49175	0.009696969696969697	0.0026029486527707167	3.725378787878788
crlqas/COBYLA	0.56	last_action	CNOT(5->1)	6	825	109	49175	0.007272727272727273	0.0022165734621250634	3.2810675562969145
crlqas/COBYLA	0.56	last_action	RX(q=3)	12	825	141	49175	0.014545454545454545	0.0028673106253177425	5.072856221792392
crlqas/COBYLA	0.56	last_action	RX(q=2)	10	825	148	49175	0.012121212121212121	0.0030096593797661413	4.027436527436527
crlqas/COBYLA	0.56	last_action	CNOT(4->1)	9	825	87	49175	0.01090909090909091	0.0017691916624300965	6.1661442006269604
crlqas/COBYLA	0.56	last_action	RX(q=1)	12	825	79	49175	0.014545454545454545	0.0016065073716319267	9.054085155350979
crlqas/COBYLA	0.56	last_action	RX(q=0)	12	825	135	49175	0.014545454545454545	0.0027452974072191155	5.298316498316498
crlqas/COBYLA	0.56	last_action	CNOT(5->0)	11	825	136	49175	0.013333333333333334	0.0027656329435688867	4.821078431372549
crlqas/COBYLA	0.56	last_action	RY(q=3)	15	825	106	49175	0.01818181818181818	0.00215556685307575	8.434819897084047
crlqas/COBYLA	0.56	last_action	RZ(q=5)	2	825	49	49175	0.0024242424242424242	0.00099644128113879	2.432900432900433
crlqas/COBYLA	0.56	last_action	CNOT(3->0)	7	825	65	49175	0.008484848484848486	0.0013218098627351296	6.41911421911422
crlqas/COBYLA	0.56	last_action	CNOT(2->3)	7	825	68	49175	0.008484848484848486	0.0013828164717844434	6.135918003565063
crlqas/COBYLA	0.56	last_action	CNOT(1->0)	4	825	60	49175	0.0048484848484848485	0.0012201321809862736	3.9737373737373733
crlqas/COBYLA	0.56	last_action	CNOT(0->2)	5	825	54	49175	0.006060606060606061	0.001098118962887646	5.519079685746353
crlqas/COBYLA	0.56	last_action	RY(q=2)	20	825	125	49175	0.024242424242424242	0.002541942043721403	9.536969696969697
crlqas/COBYLA	0.56	last_action	RY(q=0)	12	825	103	49175	0.014545454545454545	0.0020945602440264363	6.9443954104148276
crlqas/COBYLA	0.56	last_action	CNOT(1->3)	7	825	62	49175	0.008484848484848486	0.001260803253685816	6.7297165200391005
crlqas/COBYLA	0.56	last_action	RY(q=1)	15	825	134	49175	0.01818181818181818	0.0027249618708693442	6.6723202170963365
crlqas/COBYLA	0.56	last_action	CNOT(2->0)	7	825	72	49175	0.008484848484848486	0.0014641586171835282	5.795033670033671
crlqas/COBYLA	0.56	last_action	CNOT(2->5)	2	825	41	49175	0.0024242424242424242	0.0008337569903406202	2.9076127124907614
crlqas/COBYLA	0.56	last_action	CNOT(3->4)	5	825	57	49175	0.006060606060606061	0.0011591255719369598	5.228601807549176
crlqas/COBYLA	0.56	last_action	CNOT(5->3)	8	825	107	49175	0.009696969696969697	0.0021759023894255213	4.456527895780232
crlqas/COBYLA	0.56	last_action	CNOT(1->4)	4	825	66	49175	0.0048484848484848485	0.0013421453990849009	3.6124885215794307
crlqas/COBYLA	0.56	last_action	CNOT(0->3)	7	825	55	49175	0.008484848484848486	0.0011184544992374173	7.586225895316805
crlqas/COBYLA	0.56	last_action	CNOT(5->2)	11	825	108	49175	0.013333333333333334	0.002196237925775292	6.070987654320988
crlqas/COBYLA	0.56	last_action	CNOT(2->4)	5	825	49	49175	0.006060606060606061	0.00099644128113879	6.082251082251083
crlqas/COBYLA	0.56	last_action	CNOT(1->2)	4	825	37	49175	0.0048484848484848485	0.0007524148449415353	6.443898443898444
crlqas/COBYLA	0.56	last_action	CNOT(4->2)	9	825	97	49175	0.01090909090909091	0.001972547025927809	5.53045923149016
crlqas/COBYLA	0.56	last_action	CNOT(3->5)	2	825	53	49175	0.0024242424242424242	0.001077783426537875	2.2492853058890794
crlqas/COBYLA	0.56	last_action	CNOT(0->1)	4	825	48	49175	0.0048484848484848485	0.0009761057447890188	4.967171717171717
crlqas/COBYLA	0.56	last_action	CNOT(0->4)	6	825	39	49175	0.007272727272727273	0.0007930859176410778	9.17016317016317
crlqas/COBYLA	0.56	last_action	CNOT(4->3)	7	825	104	49175	0.008484848484848486	0.0021148957803762075	4.011946386946387
crlqas/COBYLA	0.56	last_action	CNOT(0->5)	6	825	49	49175	0.007272727272727273	0.00099644128113879	7.298701298701299
crlqas/COBYLA	0.56	last_action	RZ(q=1)	1	825	41	49175	0.0012121212121212121	0.0008337569903406202	1.4538063562453807
crlqas/COBYLA	0.56	last_action	CNOT(3->1)	2	825	61	49175	0.0024242424242424242	0.0012404677173360448	1.9542970690511672
crlqas/COBYLA	0.56	last_action	RZ(q=2)	1	825	41	49175	0.0012121212121212121	0.0008337569903406202	1.4538063562453807
crlqas/COBYLA	0.56	last_action	CNOT(3->2)	3	825	58	49175	0.0036363636363636364	0.001179461108286731	3.08307210031348
crlqas/COBYLA	0.56	last_action	CNOT(1->5)	3	825	36	49175	0.0036363636363636364	0.0007320793085917641	4.967171717171717
crlqas/COBYLA	0.56	last_action	RZ(q=3)	1	825	57	49175	0.0012121212121212121	0.0011591255719369598	1.0457203615098352
crlqas/COBYLA	0.57	last_action	RY(q=5)	22	185	10375	49815	0.11891891891891893	0.20827060122453075	0.5709827417779225
crlqas/COBYLA	0.57	last_action	RY(q=4)	25	185	6617	49815	0.13513513513513514	0.13283147646291277	1.017342716753326
crlqas/COBYLA	0.57	last_action	RX(q=4)	16	185	7013	49815	0.08648648648648649	0.14078088929037438	0.6143339974795843
crlqas/COBYLA	0.57	last_action	RY(q=1)	3	185	146	49815	0.016216216216216217	0.0029308441232560475	5.532950758978156
crlqas/COBYLA	0.57	last_action	RX(q=5)	18	185	9816	49815	0.0972972972972973	0.19704908160192713	0.4937718892486619
crlqas/COBYLA	0.57	last_action	CNOT(5->4)	11	185	4749	49815	0.05945945945945946	0.09533273110508883	0.6237045636919295
crlqas/COBYLA	0.57	last_action	RX(q=2)	3	185	155	49815	0.016216216216216217	0.0031115125966074473	5.211682650392328
crlqas/COBYLA	0.57	last_action	CNOT(5->2)	4	185	115	49815	0.021621621621621623	0.002308541603934558	9.365922444183314
crlqas/COBYLA	0.57	last_action	RX(q=3)	8	185	145	49815	0.043243243243243246	0.0029107698484392252	14.856290773532153
crlqas/COBYLA	0.57	last_action	RY(q=2)	8	185	137	49815	0.043243243243243246	0.002750175649904647	15.72381140264352
crlqas/COBYLA	0.57	last_action	RX(q=1)	4	185	87	49815	0.021621621621621623	0.001746461909063535	12.380242311276795
crlqas/COBYLA	0.57	last_action	CNOT(4->5)	10	185	7831	49815	0.05405405405405406	0.15720164609053497	0.34385170510824964
crlqas/COBYLA	0.57	last_action	CNOT(2->1)	2	185	64	49815	0.010810810810810811	0.0012847535882766234	8.414695945945947
crlqas/COBYLA	0.57	last_action	CNOT(1->0)	4	185	60	49815	0.021621621621621623	0.0012044564890093346	17.951351351351352
crlqas/COBYLA	0.57	last_action	RY(q=0)	4	185	111	49815	0.021621621621621623	0.002228244504667269	9.703433162892622
crlqas/COBYLA	0.57	last_action	CNOT(3->4)	3	185	59	49815	0.016216216216216217	0.0011843822141925124	13.691708657810352
crlqas/COBYLA	0.57	last_action	RX(q=0)	1	185	146	49815	0.005405405405405406	0.0029308441232560475	1.8443169196593854
crlqas/COBYLA	0.57	last_action	RY(q=3)	3	185	118	49815	0.016216216216216217	0.0023687644283850247	6.845854328905176
crlqas/COBYLA	0.57	last_action	CNOT(0->5)	2	185	53	49815	0.010810810810810811	0.0010639365652915789	10.161142274349821
crlqas/COBYLA	0.57	last_action	RZ(q=3)	1	185	57	49815	0.005405405405405406	0.0011442336645588677	4.7240398293029875
crlqas/COBYLA	0.57	last_action	CNOT(5->3)	4	185	111	49815	0.021621621621621623	0.002228244504667269	9.703433162892622
crlqas/COBYLA	0.57	last_action	CNOT(4->1)	2	185	94	49815	0.010810810810810811	0.0018869818327812908	5.729154686601495
crlqas/COBYLA	0.57	last_action	CNOT(4->0)	3	185	133	49815	0.016216216216216217	0.0026698785506373583	6.073765494818127
crlqas/COBYLA	0.57	last_action	CNOT(0->4)	2	185	43	49815	0.010810810810810811	0.0008631938171233564	12.524198617221874
crlqas/COBYLA	0.57	last_action	CNOT(5->0)	4	185	143	49815	0.021621621621621623	0.002870621298805581	7.532035532035532
crlqas/COBYLA	0.57	last_action	CNOT(1->2)	1	185	40	49815	0.005405405405405406	0.0008029709926728897	6.731756756756757
crlqas/COBYLA	0.57	last_action	RZ(q=4)	1	185	50	49815	0.005405405405405406	0.001003713740841112	5.385405405405407
crlqas/COBYLA	0.57	last_action	CNOT(5->1)	2	185	113	49815	0.010810810810810811	0.0022683930543009132	4.765845491509209
crlqas/COBYLA	0.57	last_action	CNOT(2->4)	1	185	53	49815	0.005405405405405406	0.0010639365652915789	5.0805711371749105
crlqas/COBYLA	0.57	last_action	CNOT(3->5)	1	185	54	49815	0.005405405405405406	0.001084010840108401	4.986486486486487
crlqas/COBYLA	0.57	last_action	CNOT(0->2)	1	185	58	49815	0.005405405405405406	0.0011643079393756901	4.642590866728797
crlqas/COBYLA	0.57	last_action	RZ(q=0)	1	185	42	49815	0.005405405405405406	0.0008431195423065341	6.411196911196912
crlqas/COBYLA	0.57	last_action	CNOT(2->0)	2	185	77	49815	0.010810810810810811	0.0015457191608953126	6.994032994032994
crlqas/COBYLA	0.57	last_action	CNOT(1->4)	1	185	69	49815	0.005405405405405406	0.0013851249623607347	3.902467685076381
crlqas/COBYLA	0.57	last_action	CNOT(4->3)	2	185	109	49815	0.010810810810810811	0.0021880959550336244	4.940738904041656
crlqas/COBYLA	0.57	last_action	CNOT(2->3)	1	185	74	49815	0.005405405405405406	0.001485496336444846	3.6387874360847334
crlqas/COBYLA	0.57	last_action	CNOT(3->0)	1	185	71	49815	0.005405405405405406	0.0014252735119943793	3.7925390178911305
crlqas/COBYLA	0.57	last_action	RZ(q=5)	1	185	50	49815	0.005405405405405406	0.001003713740841112	5.385405405405407
crlqas/COBYLA	0.57	last_action	CNOT(4->2)	1	185	105	49815	0.005405405405405406	0.0021077988557663355	2.5644787644787645
crlqas/COBYLA	0.57	last_action	CNOT(3->2)	1	185	60	49815	0.005405405405405406	0.0012044564890093346	4.487837837837838
crlqas/COBYLA	0.58	last_action	RX(q=5)	7	92	9827	49908	0.07608695652173914	0.19690230023242766	0.3864198459435186
crlqas/COBYLA	0.58	last_action	RY(q=5)	9	92	10388	49908	0.09782608695652174	0.20814298308888354	0.46999464264787133
crlqas/COBYLA	0.58	last_action	RY(q=4)	15	92	6627	49908	0.16304347826086957	0.13278432315460448	1.2278819847658786
crlqas/COBYLA	0.58	last_action	CNOT(5->4)	9	92	4751	49908	0.09782608695652174	0.09519515909273063	1.0276372022366
crlqas/COBYLA	0.58	last_action	RX(q=4)	14	92	7015	49908	0.15217391304347827	0.14055862787529053	1.0826365861972793
crlqas/COBYLA	0.58	last_action	RY(q=2)	2	92	143	49908	0.021739130434782608	0.002865272100665224	7.587108543630283
crlqas/COBYLA	0.58	last_action	RZ(q=3)	2	92	56	49908	0.021739130434782608	0.001122064598861906	19.37422360248447
crlqas/COBYLA	0.58	last_action	CNOT(5->2)	1	92	118	49908	0.010869565217391304	0.0023643504047447302	4.5972733971997055
crlqas/COBYLA	0.58	last_action	RX(q=3)	2	92	151	49908	0.021739130434782608	0.003025567043359782	7.185142528073711
crlqas/COBYLA	0.58	last_action	CNOT(2->4)	1	92	53	49908	0.010869565217391304	0.0010619539953514467	10.235438884331419
crlqas/COBYLA	0.58	last_action	CNOT(4->5)	3	92	7838	49908	0.03260869565217391	0.1570489701049932	0.20763393501004027
crlqas/COBYLA	0.58	last_action	RY(q=3)	2	92	119	49908	0.021739130434782608	0.00238438727258155	9.11728169528681
crlqas/COBYLA	0.58	last_action	CNOT(4->1)	1	92	95	49908	0.010869565217391304	0.001903502444497876	5.710297482837529
crlqas/COBYLA	0.58	last_action	CNOT(1->5)	1	92	38	49908	0.010869565217391304	0.0007614009777991504	14.275743707093822
crlqas/COBYLA	0.58	last_action	CNOT(4->3)	2	92	109	49908	0.021739130434782608	0.0021840185942133524	9.953729557239729
crlqas/COBYLA	0.58	last_action	RX(q=1)	1	92	90	49908	0.010869565217391304	0.0018033181053137774	6.027536231884057
crlqas/COBYLA	0.58	last_action	CNOT(0->2)	1	92	58	49908	0.010869565217391304	0.0011621383345355454	9.353073463268366
crlqas/COBYLA	0.58	last_action	RX(q=2)	4	92	154	49908	0.043478260869565216	0.003085677646870241	14.090344438170526
crlqas/COBYLA	0.58	last_action	RZ(q=2)	1	92	41	49908	0.010869565217391304	0.0008215115813096096	13.231177094379639
crlqas/COBYLA	0.58	last_action	CNOT(3->4)	2	92	60	49908	0.021739130434782608	0.0012022120702091848	18.082608695652173
crlqas/COBYLA	0.58	last_action	CNOT(5->1)	1	92	114	49908	0.010869565217391304	0.0022842029333974513	4.758581235697941
crlqas/COBYLA	0.58	last_action	CNOT(5->3)	2	92	113	49908	0.021739130434782608	0.0022641660655606318	9.601385148133897
crlqas/COBYLA	0.58	last_action	CNOT(0->1)	1	92	51	49908	0.010869565217391304	0.0010218802596778072	10.636828644501279
crlqas/COBYLA	0.58	last_action	CNOT(0->3)	1	92	61	49908	0.010869565217391304	0.0012222489380460046	8.893086243763365
crlqas/COBYLA	0.58	last_action	CNOT(0->5)	1	92	54	49908	0.010869565217391304	0.0010819908631882664	10.045893719806763
crlqas/COBYLA	0.58	last_action	CNOT(1->2)	1	92	40	49908	0.010869565217391304	0.0008014747134727899	13.56195652173913
crlqas/COBYLA	0.58	last_action	RZ(q=1)	2	92	40	49908	0.021739130434782608	0.0008014747134727899	27.12391304347826
crlqas/COBYLA	0.58	last_action	RZ(q=4)	1	92	50	49908	0.010869565217391304	0.0010018433918409875	10.849565217391303
crlqas/COBYLA	0.58	last_action	RX(q=0)	1	92	146	49908	0.010869565217391304	0.0029253827041756833	3.715604526503871
crlqas/COBYLA	0.58	last_action	RY(q=1)	1	92	148	49908	0.010869565217391304	0.0029654564398493228	3.665393654524089
crlqas/COBYLA	0.59	last_action	RY(q=4)	8	78	6634	49922	0.10256410256410256	0.13288730419454348	0.7718126512217559
crlqas/COBYLA	0.59	last_action	RY(q=5)	9	78	10388	49922	0.11538461538461539	0.20808461199471176	0.5545081603033085
crlqas/COBYLA	0.59	last_action	RX(q=4)	11	78	7018	49922	0.14102564102564102	0.1405793037137935	1.0031749859336065
crlqas/COBYLA	0.59	last_action	RX(q=0)	4	78	143	49922	0.05128205128205128	0.0028644685709707145	17.90281513358436
crlqas/COBYLA	0.59	last_action	CNOT(4->5)	5	78	7836	49922	0.0641025641025641	0.15696486518969593	0.4083879792149317
crlqas/COBYLA	0.59	last_action	CNOT(3->5)	2	78	53	49922	0.02564102564102564	0.0010616561836464884	24.15191098209966
crlqas/COBYLA	0.59	last_action	RY(q=2)	1	78	144	49922	0.01282051282051282	0.002884499819718761	4.444622507122507
crlqas/COBYLA	0.59	last_action	CNOT(0->1)	1	78	51	49922	0.01282051282051282	0.0010215936861503946	12.549522373051785
crlqas/COBYLA	0.59	last_action	CNOT(5->4)	5	78	4755	49922	0.0641025641025641	0.09524858779696327	0.6730027771037234
crlqas/COBYLA	0.59	last_action	RX(q=5)	8	78	9826	49922	0.10256410256410256	0.19682705019830937	0.5210874341751606
crlqas/COBYLA	0.59	last_action	CNOT(5->0)	2	78	145	49922	0.02564102564102564	0.0029045310684668083	8.827939876215737
crlqas/COBYLA	0.59	last_action	CNOT(1->4)	1	78	69	49922	0.01282051282051282	0.0013821561636152397	9.275733927907842
crlqas/COBYLA	0.59	last_action	RZ(q=2)	1	78	41	49922	0.01282051282051282	0.0008212811986699251	15.610381488430267
crlqas/COBYLA	0.59	last_action	CNOT(3->4)	1	78	61	49922	0.01282051282051282	0.001221906173630864	10.492223623371165
crlqas/COBYLA	0.59	last_action	CNOT(2->5)	1	78	42	49922	0.01282051282051282	0.000841312447417972	15.238705738705738
crlqas/COBYLA	0.59	last_action	RX(q=2)	1	78	157	49922	0.01282051282051282	0.0031449060534433715	4.076596439653764
crlqas/COBYLA	0.59	last_action	CNOT(3->2)	2	78	59	49922	0.02564102564102564	0.0011818436761347703	21.69578444154715
crlqas/COBYLA	0.59	last_action	RY(q=3)	2	78	119	49922	0.02564102564102564	0.0023837186010175876	10.756733462615815
crlqas/COBYLA	0.59	last_action	RZ(q=4)	2	78	49	49922	0.02564102564102564	0.0009815311886543006	26.12349555206698
crlqas/COBYLA	0.59	last_action	CNOT(0->4)	1	78	44	49922	0.01282051282051282	0.0008813749449140659	14.546037296037296
crlqas/COBYLA	0.59	last_action	RY(q=0)	1	78	114	49922	0.01282051282051282	0.0022835623572773525	5.614260008996851
crlqas/COBYLA	0.59	last_action	CNOT(0->2)	1	78	58	49922	0.01282051282051282	0.0011618124273867234	11.034924845269671
crlqas/COBYLA	0.59	last_action	CNOT(5->3)	1	78	114	49922	0.01282051282051282	0.0022835623572773525	5.614260008996851
crlqas/COBYLA	0.59	last_action	RX(q=3)	2	78	151	49922	0.02564102564102564	0.00302471856095509	8.477160808286635
crlqas/COBYLA	0.59	last_action	RZ(q=5)	1	78	50	49922	0.01282051282051282	0.0010015624374023477	12.80051282051282
crlqas/COBYLA	0.59	last_action	CNOT(3->1)	1	78	62	49922	0.01282051282051282	0.0012419374223789112	10.322994210090984
crlqas/COBYLA	0.59	last_action	CNOT(4->1)	1	78	95	49922	0.01282051282051282	0.0019029686310644606	6.7371120107962215
crlqas/COBYLA	0.59	last_action	RZ(q=1)	1	78	41	49922	0.01282051282051282	0.0008212811986699251	15.610381488430267
crlqas/COBYLA	0.59	last_action	CNOT(2->3)	1	78	74	49922	0.01282051282051282	0.0014823124073554746	8.648995148995148
crlqas/COBYLA	0.60	last_action	CNOT(2->3)	1	60	74	49940	0.016666666666666666	0.0014817781337605127	11.247747747747747
crlqas/COBYLA	0.60	last_action	RX(q=4)	4	60	7025	49940	0.06666666666666667	0.14066880256307568	0.47392645314353504
crlqas/COBYLA	0.60	last_action	RY(q=5)	8	60	10389	49940	0.13333333333333333	0.2080296355626752	0.6409343215580582
crlqas/COBYLA	0.60	last_action	RX(q=3)	3	60	150	49940	0.05	0.0030036043251902285	16.646666666666665
crlqas/COBYLA	0.60	last_action	CNOT(5->0)	1	60	146	49940	0.016666666666666666	0.002923508209851822	5.700913242009133
crlqas/COBYLA	0.60	last_action	RY(q=2)	1	60	144	49940	0.016666666666666666	0.002883460152182619	5.780092592592593
crlqas/COBYLA	0.60	last_action	RY(q=0)	1	60	114	49940	0.016666666666666666	0.0022827392871445735	7.3011695906432745
crlqas/COBYLA	0.60	last_action	RZ(q=1)	1	60	41	49940	0.016666666666666666	0.0008209851822186623	20.30081300813008
crlqas/COBYLA	0.60	last_action	CNOT(0->2)	1	60	58	49940	0.016666666666666666	0.0011613936724068883	14.350574712643677
crlqas/COBYLA	0.60	last_action	RX(q=0)	2	60	145	49940	0.03333333333333333	0.0029034841810172208	11.480459770114942
crlqas/COBYLA	0.60	last_action	CNOT(2->4)	2	60	52	49940	0.03333333333333333	0.001041249499399279	32.01282051282052
crlqas/COBYLA	0.60	last_action	CNOT(1->0)	1	60	63	49940	0.016666666666666666	0.0012615138165798958	13.211640211640212
crlqas/COBYLA	0.60	last_action	RX(q=5)	5	60	9829	49940	0.08333333333333333	0.19681617941529836	0.42340692508563094
crlqas/COBYLA	0.60	last_action	CNOT(4->5)	3	60	7838	49940	0.05	0.15694833800560673	0.31857616738964023
crlqas/COBYLA	0.60	last_action	RX(q=2)	3	60	155	49940	0.05	0.0031037244693632358	16.109677419354842
crlqas/COBYLA	0.60	last_action	CNOT(5->4)	3	60	4757	49940	0.05	0.09525430516619944	0.5249106579777171
crlqas/COBYLA	0.60	last_action	CNOT(3->0)	2	60	70	49940	0.03333333333333333	0.0014016820184221065	23.78095238095238
crlqas/COBYLA	0.60	last_action	CNOT(4->0)	2	60	134	49940	0.03333333333333333	0.002683219863836604	12.422885572139304
crlqas/COBYLA	0.60	last_action	CNOT(0->3)	2	60	60	49940	0.03333333333333333	0.0012014417300760913	27.744444444444444
crlqas/COBYLA	0.60	last_action	CNOT(5->3)	1	60	114	49940	0.016666666666666666	0.0022827392871445735	7.3011695906432745
crlqas/COBYLA	0.60	last_action	RY(q=4)	5	60	6637	49940	0.08333333333333333	0.1328994793752503	0.6270403294661243
crlqas/COBYLA	0.60	last_action	RZ(q=0)	1	60	42	49940	0.016666666666666666	0.0008410092110532639	19.817460317460316
crlqas/COBYLA	0.60	last_action	CNOT(2->1)	1	60	65	49940	0.016666666666666666	0.001301561874249099	12.805128205128204
crlqas/COBYLA	0.60	last_action	RZ(q=4)	1	60	50	49940	0.016666666666666666	0.001001201441730076	16.64666666666667
crlqas/COBYLA	0.60	last_action	CNOT(4->2)	1	60	105	49940	0.016666666666666666	0.00210252302763316	7.926984126984126
crlqas/COBYLA	0.60	last_action	RY(q=1)	3	60	146	49940	0.05	0.002923508209851822	17.102739726027398
crlqas/COBYLA	0.60	last_action	CNOT(1->5)	1	60	38	49940	0.016666666666666666	0.0007609130957148578	21.903508771929825
crlqas/COBYLA	0.61	last_action	RX(q=4)	8	46	7021	49954	0.17391304347826086	0.14054930536093205	1.2373810246279795
crlqas/COBYLA	0.61	last_action	RY(q=5)	5	46	10392	49954	0.10869565217391304	0.20803138887776754	0.5224964019145162
crlqas/COBYLA	0.61	last_action	RY(q=4)	4	46	6638	49954	0.08695652173913043	0.1328822516715378	0.6543877804996266
crlqas/COBYLA	0.61	last_action	RX(q=5)	5	46	9829	49954	0.10869565217391304	0.19676102013852745	0.5524247236438755
crlqas/COBYLA	0.61	last_action	CNOT(4->5)	3	46	7838	49954	0.06521739130434782	0.15690435200384353	0.41565062072179015
crlqas/COBYLA	0.61	last_action	CNOT(1->5)	2	46	37	49954	0.043478260869565216	0.0007406814269127598	58.70035252643948
crlqas/COBYLA	0.61	last_action	RZ(q=1)	1	46	41	49954	0.021739130434782608	0.0008207550946871122	26.486744432661716
crlqas/COBYLA	0.61	last_action	CNOT(5->4)	1	46	4759	49954	0.021739130434782608	0.09526764623453578	0.22819006550517554
crlqas/COBYLA	0.61	last_action	CNOT(3->2)	1	46	60	49954	0.021739130434782608	0.001201105016615286	18.099275362318842
crlqas/COBYLA	0.61	last_action	CNOT(5->0)	2	46	145	49954	0.043478260869565216	0.0029026704568202747	14.97871064467766
crlqas/COBYLA	0.61	last_action	RX(q=2)	2	46	156	49954	0.043478260869565216	0.0031228730431997437	13.92251950947603
crlqas/COBYLA	0.61	last_action	RX(q=3)	1	46	152	49954	0.021739130434782608	0.0030427993754253914	7.144450800915331
crlqas/COBYLA	0.61	last_action	RY(q=3)	2	46	119	49954	0.043478260869565216	0.002382191616286984	18.251370113262695
crlqas/COBYLA	0.61	last_action	CNOT(3->0)	2	46	70	49954	0.043478260869565216	0.001401289186051167	31.02732919254658
crlqas/COBYLA	0.61	last_action	CNOT(1->2)	1	46	40	49954	0.021739130434782608	0.0008007366777435241	27.14891304347826
crlqas/COBYLA	0.61	last_action	CNOT(4->0)	2	46	134	49954	0.043478260869565216	0.0026824678704408054	16.208306294613887
crlqas/COBYLA	0.61	last_action	RY(q=0)	1	46	114	49954	0.021739130434782608	0.0022820995315690437	9.525934401220441
crlqas/COBYLA	0.61	last_action	RZ(q=0)	1	46	42	49954	0.021739130434782608	0.0008407735116307002	25.856107660455486
crlqas/COBYLA	0.61	last_action	CNOT(3->5)	1	46	54	49954	0.021739130434782608	0.0010809945149537574	20.110305958132045
crlqas/COBYLA	0.61	last_action	CNOT(5->2)	1	46	118	49954	0.021739130434782608	0.002362173199343396	9.203021370670596
crlqas/COBYLA	0.62	last_action	RY(q=4)	6	32	6636	49968	0.1875	0.13280499519692604	1.4118444846292946
crlqas/COBYLA	0.62	last_action	RY(q=5)	3	32	10394	49968	0.09375	0.2080131284021774	0.4506927073311526
crlqas/COBYLA	0.62	last_action	RX(q=4)	2	32	7027	49968	0.0625	0.14063000320204933	0.44442863241781694
crlqas/COBYLA	0.62	last_action	RY(q=0)	2	32	113	49968	0.0625	0.0022614473262888247	27.637168141592923
crlqas/COBYLA	0.62	last_action	CNOT(3->0)	2	32	70	49968	0.0625	0.0014008965738072365	44.614285714285714
crlqas/COBYLA	0.62	last_action	RX(q=3)	1	32	152	49968	0.03125	0.003041946845981428	10.273026315789474
crlqas/COBYLA	0.62	last_action	CNOT(3->5)	1	32	54	49968	0.03125	0.001080691642651297	28.916666666666664
crlqas/COBYLA	0.62	last_action	CNOT(4->3)	1	32	110	49968	0.03125	0.002201408901697086	14.195454545454545
crlqas/COBYLA	0.62	last_action	RX(q=5)	3	32	9831	49968	0.09375	0.19674591738712777	0.47650289899298137
crlqas/COBYLA	0.62	last_action	RY(q=3)	2	32	119	49968	0.0625	0.0023815241754723024	26.243697478991596
crlqas/COBYLA	0.62	last_action	CNOT(2->0)	1	32	78	49968	0.03125	0.0015609990393852064	20.01923076923077
crlqas/COBYLA	0.62	last_action	CNOT(4->2)	1	32	105	49968	0.03125	0.002101344860710855	14.871428571428572
crlqas/COBYLA	0.62	last_action	RZ(q=5)	1	32	50	49968	0.03125	0.001000640409862312	31.229999999999997
crlqas/COBYLA	0.62	last_action	RZ(q=0)	1	32	42	49968	0.03125	0.0008405379442843419	37.17857142857143
crlqas/COBYLA	0.62	last_action	RZ(q=2)	2	32	40	49968	0.0625	0.0008005123278898495	78.075
crlqas/COBYLA	0.62	last_action	CNOT(5->1)	1	32	114	49968	0.03125	0.002281460134486071	13.697368421052632
crlqas/COBYLA	0.62	last_action	CNOT(4->5)	2	32	7839	49968	0.0625	0.15688040345821325	0.39839265212399544
crlqas/COBYLA	0.63	last_action	CNOT(5->4)	2	37	4758	49963	0.05405405405405406	0.09523047054820567	0.5676130102359611
crlqas/COBYLA	0.63	last_action	RY(q=5)	4	37	10393	49963	0.10810810810810811	0.20801393030842824	0.5197157130188979
crlqas/COBYLA	0.63	last_action	RX(q=4)	5	37	7024	49963	0.13513513513513514	0.14058403218381602	0.9612409961214062
crlqas/COBYLA	0.63	last_action	RX(q=5)	7	37	9827	49963	0.1891891891891892	0.1966855473050057	0.9618865838464903
crlqas/COBYLA	0.63	last_action	CNOT(0->4)	1	37	44	49963	0.02702702702702703	0.0008806516822448612	30.68980343980344
crlqas/COBYLA	0.63	last_action	RZ(q=4)	1	37	50	49963	0.02702702702702703	0.0010007405480055242	27.007027027027025
crlqas/COBYLA	0.63	last_action	CNOT(4->5)	2	37	7839	49963	0.05405405405405406	0.15689610311630606	0.3445213295959565
crlqas/COBYLA	0.63	last_action	CNOT(4->3)	1	37	110	49963	0.02702702702702703	0.002201629205612153	12.275921375921378
crlqas/COBYLA	0.63	last_action	RX(q=0)	2	37	145	49963	0.05405405405405406	0.00290214758921602	18.625535880708295
crlqas/COBYLA	0.63	last_action	RY(q=3)	1	37	120	49963	0.02702702702702703	0.0024017773152132577	11.25292792792793
crlqas/COBYLA	0.63	last_action	CNOT(3->0)	2	37	70	49963	0.05405405405405406	0.0014010367672077338	38.58146718146718
crlqas/COBYLA	0.63	last_action	RY(q=4)	4	37	6638	49963	0.10810810810810811	0.1328583151532134	0.8137097627908113
crlqas/COBYLA	0.63	last_action	RX(q=1)	1	37	90	49963	0.02702702702702703	0.0018013329864099434	15.003903903903904
crlqas/COBYLA	0.63	last_action	CNOT(2->3)	1	37	74	49963	0.02702702702702703	0.0014810960110481757	18.24799123447772
crlqas/COBYLA	0.63	last_action	RY(q=2)	1	37	144	49963	0.02702702702702703	0.0028821327782559093	9.37743993993994
crlqas/COBYLA	0.63	last_action	CNOT(5->0)	1	37	146	49963	0.02702702702702703	0.0029221624001761304	9.2489818585709
crlqas/COBYLA	0.63	last_action	RX(q=3)	1	37	152	49963	0.02702702702702703	0.003042251265936793	8.883890469416786
crlqas/COBYLA	0.64	last_action	CNOT(3->5)	1	28	54	49972	0.03571428571428571	0.0010806051388777716	33.05026455026455
crlqas/COBYLA	0.64	last_action	RX(q=5)	1	28	9833	49972	0.03571428571428571	0.196770191307132	0.1815025206665601
crlqas/COBYLA	0.64	last_action	RX(q=2)	2	28	156	49972	0.07142857142857142	0.003121748178980229	22.88095238095238
crlqas/COBYLA	0.64	last_action	RX(q=1)	1	28	90	49972	0.03571428571428571	0.001801008564796286	19.83015873015873
crlqas/COBYLA	0.64	last_action	CNOT(5->4)	1	28	4759	49972	0.03571428571428571	0.09523333066517249	0.37501876144448115
crlqas/COBYLA	0.64	last_action	RX(q=4)	5	28	7024	49972	0.17857142857142858	0.14055871287921237	1.2704401236576635
crlqas/COBYLA	0.64	last_action	CNOT(5->0)	3	28	144	49972	0.10714285714285714	0.0028816137036740573	37.18154761904762
crlqas/COBYLA	0.64	last_action	RY(q=1)	1	28	148	49972	0.03571428571428571	0.0029616585287761147	12.058880308880308
crlqas/COBYLA	0.64	last_action	CNOT(1->0)	1	28	63	49972	0.03571428571428571	0.0012607059953574002	28.32879818594104
crlqas/COBYLA	0.64	last_action	RY(q=4)	3	28	6639	49972	0.10714285714285714	0.13285439846313934	0.8064682718998128
crlqas/COBYLA	0.64	last_action	RX(q=3)	2	28	151	49972	0.07142857142857142	0.0030216921476026574	23.63859981078524
crlqas/COBYLA	0.64	last_action	RY(q=0)	1	28	114	49972	0.03571428571428571	0.002281277515408629	15.655388471177943
crlqas/COBYLA	0.64	last_action	CNOT(1->4)	1	28	69	49972	0.03571428571428571	0.001380773233010486	25.86542443064182
crlqas/COBYLA	0.64	last_action	RY(q=3)	1	28	120	49972	0.03571428571428571	0.0024013447530617147	14.872619047619047
crlqas/COBYLA	0.64	last_action	RY(q=2)	1	28	144	49972	0.03571428571428571	0.0028816137036740573	12.393849206349207
crlqas/COBYLA	0.64	last_action	CNOT(5->1)	1	28	114	49972	0.03571428571428571	0.002281277515408629	15.655388471177943
crlqas/COBYLA	0.64	last_action	CNOT(0->3)	1	28	61	49972	0.03571428571428571	0.0012206835828063715	29.2576112412178
crlqas/COBYLA	0.64	last_action	CNOT(4->5)	1	28	7840	49972	0.03571428571428571	0.156887857200032	0.2276421282798834
crlqas/COBYLA	0.65	last_action	CNOT(4->5)	1	22	7840	49978	0.045454545454545456	0.15686902236984274	0.28976113172541745
crlqas/COBYLA	0.65	last_action	RX(q=5)	2	22	9832	49978	0.09090909090909091	0.19672655968626196	0.46210888379318
crlqas/COBYLA	0.65	last_action	RZ(q=5)	1	22	50	49978	0.045454545454545456	0.0010004401936852215	45.43454545454546
crlqas/COBYLA	0.65	last_action	CNOT(5->1)	2	22	113	49978	0.09090909090909091	0.0022609948377286006	40.20756234915527
crlqas/COBYLA	0.65	last_action	RY(q=1)	1	22	148	49978	0.045454545454545456	0.0029613029733082555	15.349508599508601
crlqas/COBYLA	0.65	last_action	RX(q=4)	3	22	7026	49978	0.13636363636363635	0.14058185601664733	0.9699945656393136
crlqas/COBYLA	0.65	last_action	CNOT(2->3)	1	22	74	49978	0.045454545454545456	0.0014806514866541277	30.699017199017202
crlqas/COBYLA	0.65	last_action	CNOT(2->0)	1	22	78	49978	0.045454545454545456	0.0015606867021489455	29.124708624708628
crlqas/COBYLA	0.65	last_action	RY(q=5)	2	22	10395	49978	0.09090909090909091	0.20799151626715756	0.43708076435349164
crlqas/COBYLA	0.65	last_action	RY(q=4)	2	22	6640	49978	0.09090909090909091	0.13285845772139743	0.6842552026286965
crlqas/COBYLA	0.65	last_action	RZ(q=3)	1	22	57	49978	0.045454545454545456	0.0011405018208011525	39.854864433811805
crlqas/COBYLA	0.65	last_action	CNOT(5->4)	1	22	4759	49978	0.045454545454545456	0.09522189763495938	0.4773539131597548
crlqas/COBYLA	0.65	last_action	CNOT(0->5)	1	22	54	49978	0.045454545454545456	0.0010804754091800393	42.06902356902357
crlqas/COBYLA	0.65	last_action	CNOT(4->0)	1	22	135	49978	0.045454545454545456	0.002701188522950098	16.827609427609428
crlqas/COBYLA	0.65	last_action	RX(q=1)	1	22	90	49978	0.045454545454545456	0.0018007923486333987	25.241414141414143
crlqas/COBYLA	0.65	last_action	CNOT(0->4)	1	22	44	49978	0.045454545454545456	0.0008803873704429949	51.6301652892562
crlqas/COBYLA	0.66	last_action	RX(q=2)	2	22	156	49978	0.09090909090909091	0.003121373404297891	29.124708624708628
crlqas/COBYLA	0.66	last_action	CNOT(5->3)	1	22	114	49978	0.045454545454545456	0.002281003641602305	19.927432216905903
crlqas/COBYLA	0.66	last_action	RY(q=1)	1	22	148	49978	0.045454545454545456	0.0029613029733082555	15.349508599508601
crlqas/COBYLA	0.66	last_action	CNOT(5->4)	2	22	4758	49978	0.09090909090909091	0.09520188883108567	0.9549084794986435
crlqas/COBYLA	0.66	last_action	CNOT(4->1)	1	22	95	49978	0.045454545454545456	0.0019008363680019208	23.912918660287083
crlqas/COBYLA	0.66	last_action	RX(q=3)	1	22	152	49978	0.045454545454545456	0.003041338188803073	14.945574162679428
crlqas/COBYLA	0.66	last_action	CNOT(4->5)	1	22	7840	49978	0.045454545454545456	0.15686902236984274	0.28976113172541745
crlqas/COBYLA	0.66	last_action	RY(q=4)	3	22	6639	49978	0.13636363636363635	0.13283844891752372	1.0265374029495131
crlqas/COBYLA	0.66	last_action	RX(q=5)	2	22	9832	49978	0.09090909090909091	0.19672655968626196	0.46210888379318
crlqas/COBYLA	0.66	last_action	RY(q=5)	2	22	10395	49978	0.09090909090909091	0.20799151626715756	0.43708076435349164
crlqas/COBYLA	0.66	last_action	RX(q=4)	3	22	7026	49978	0.13636363636363635	0.14058185601664733	0.9699945656393136
crlqas/COBYLA	0.66	last_action	CNOT(3->5)	1	22	54	49978	0.045454545454545456	0.0010804754091800393	42.06902356902357
crlqas/COBYLA	0.66	last_action	RZ(q=3)	1	22	57	49978	0.045454545454545456	0.0011405018208011525	39.854864433811805
crlqas/COBYLA	0.66	last_action	RX(q=0)	1	22	146	49978	0.045454545454545456	0.002921285365560847	15.559775840597759
crlqas/COBYLA	0.67	last_action	CNOT(5->4)	1	15	4759	49985	0.06666666666666667	0.09520856256877062	0.700217132450795
crlqas/COBYLA	0.67	last_action	RY(q=4)	3	15	6639	49985	0.2	0.13281984595378613	1.5057990661244165
crlqas/COBYLA	0.67	last_action	CNOT(0->4)	1	15	44	49985	0.06666666666666667	0.0008802640792237672	75.73484848484848
crlqas/COBYLA	0.67	last_action	RY(q=2)	1	15	144	49985	0.06666666666666667	0.002880864259277783	23.141203703703706
crlqas/COBYLA	0.67	last_action	RX(q=5)	1	15	9833	49985	0.06666666666666667	0.19671901570471143	0.3388928438252144
crlqas/COBYLA	0.67	last_action	RY(q=1)	2	15	147	49985	0.13333333333333333	0.002940882264679404	45.33786848072562
crlqas/COBYLA	0.67	last_action	RX(q=3)	1	15	152	49985	0.06666666666666667	0.0030409122736821045	21.92324561403509
crlqas/COBYLA	0.67	last_action	CNOT(1->0)	1	15	63	49985	0.06666666666666667	0.0012603781134340301	52.8941798941799
crlqas/COBYLA	0.67	last_action	CNOT(2->5)	1	15	42	49985	0.06666666666666667	0.0008402520756226868	79.34126984126983
crlqas/COBYLA	0.67	last_action	CNOT(2->4)	1	15	53	49985	0.06666666666666667	0.0010603180954286285	62.87421383647799
crlqas/COBYLA	0.67	last_action	CNOT(5->3)	1	15	114	49985	0.06666666666666667	0.0022806842052615784	29.230994152046783
crlqas/COBYLA	0.67	last_action	CNOT(3->1)	1	15	62	49985	0.06666666666666667	0.00124037211163349	53.74731182795699
crlqas/COBYLA	0.68	last_action	RY(q=5)	3	20	10394	49980	0.15	0.20796318527410965	0.7212815085626323
crlqas/COBYLA	0.68	last_action	RX(q=4)	3	20	7026	49980	0.15	0.1405762304921969	1.0670367207514944
crlqas/COBYLA	0.68	last_action	CNOT(5->4)	1	20	4759	49980	0.05	0.09521808723489396	0.5251103172935491
crlqas/COBYLA	0.68	last_action	RZ(q=5)	1	20	50	49980	0.05	0.0010004001600640256	49.980000000000004
crlqas/COBYLA	0.68	last_action	RX(q=0)	1	20	146	49980	0.05	0.0029211684673869547	17.116438356164384
crlqas/COBYLA	0.68	last_action	RY(q=2)	1	20	144	49980	0.05	0.0028811524609843936	17.354166666666668
crlqas/COBYLA	0.68	last_action	CNOT(4->5)	1	20	7840	49980	0.05	0.1568627450980392	0.31875000000000003
crlqas/COBYLA	0.68	last_action	CNOT(5->2)	1	20	118	49980	0.05	0.0023609443777511006	21.177966101694913
crlqas/COBYLA	0.68	last_action	RX(q=5)	2	20	9832	49980	0.1	0.19671868747499	0.508340113913751
crlqas/COBYLA	0.68	last_action	RX(q=1)	1	20	90	49980	0.05	0.001800720288115246	27.76666666666667
crlqas/COBYLA	0.68	last_action	RZ(q=2)	1	20	41	49980	0.05	0.000820328131252501	60.951219512195124
crlqas/COBYLA	0.68	last_action	RY(q=0)	1	20	114	49980	0.05	0.0022809123649459783	21.92105263157895
crlqas/COBYLA	0.68	last_action	CNOT(0->4)	2	20	43	49980	0.1	0.000860344137655062	116.23255813953489
crlqas/COBYLA	0.68	last_action	CNOT(2->3)	1	20	74	49980	0.05	0.001480592236894758	33.770270270270274
crlqas/COBYLA	0.69	last_action	RY(q=5)	5	19	10392	49981	0.2631578947368421	0.20791900922350492	1.2656750131680239
crlqas/COBYLA	0.69	last_action	RY(q=4)	1	19	6641	49981	0.05263157894736842	0.13287049078649887	0.39611187281560317
crlqas/COBYLA	0.69	last_action	CNOT(5->1)	1	19	114	49981	0.05263157894736842	0.0022808667293571557	23.075253924284393
crlqas/COBYLA	0.69	last_action	RX(q=4)	2	19	7027	49981	0.10526315789473684	0.14059342550169066	0.748706118505314
crlqas/COBYLA	0.69	last_action	RX(q=5)	3	19	9831	49981	0.15789473684210525	0.19669474400272102	0.8027399900422402
crlqas/COBYLA	0.69	last_action	CNOT(3->1)	1	19	62	49981	0.05263157894736842	0.0012404713791240671	42.42869269949066
crlqas/COBYLA	0.69	last_action	CNOT(4->5)	1	19	7840	49981	0.05263157894736842	0.1568596066505272	0.33553302900107407
crlqas/COBYLA	0.69	last_action	CNOT(2->5)	1	19	42	49981	0.05263157894736842	0.00084031932134211	62.6328320802005
crlqas/COBYLA	0.69	last_action	CNOT(0->5)	1	19	54	49981	0.05263157894736842	0.0010804105560112843	48.714424951267056
crlqas/COBYLA	0.69	last_action	CNOT(3->2)	1	19	60	49981	0.05263157894736842	0.0012004561733458714	43.84298245614035
crlqas/COBYLA	0.69	last_action	CNOT(1->0)	1	19	63	49981	0.05263157894736842	0.001260478982013165	41.75522138680033
crlqas/COBYLA	0.69	last_action	RY(q=0)	1	19	114	49981	0.05263157894736842	0.0022808667293571557	23.075253924284393
crlqas/COBYLA	0.70	last_action	RY(q=4)	2	13	6640	49987	0.15384615384615385	0.1328345369796147	1.1581788693234478
crlqas/COBYLA	0.70	last_action	CNOT(3->1)	1	13	62	49987	0.07692307692307693	0.0012403224838457999	62.018610421836236
crlqas/COBYLA	0.70	last_action	RY(q=5)	1	13	10396	49987	0.07692307692307693	0.20797407325904735	0.36986858851037385
crlqas/COBYLA	0.70	last_action	RX(q=5)	1	13	9833	49987	0.07692307692307693	0.19671114489767338	0.39104585031565614
crlqas/COBYLA	0.70	last_action	CNOT(4->0)	1	13	135	49987	0.07692307692307693	0.0027007021825674674	28.482621082621087
crlqas/COBYLA	0.70	last_action	CNOT(1->4)	1	13	69	49987	0.07692307692307693	0.0013803588933122611	55.72686733556299
crlqas/COBYLA	0.70	last_action	CNOT(5->2)	1	13	118	49987	0.07692307692307693	0.00236061375957749	32.586049543676666
crlqas/COBYLA	0.70	last_action	RZ(q=4)	1	13	50	49987	0.07692307692307693	0.0010002600676175806	76.90307692307692
crlqas/COBYLA	0.70	last_action	CNOT(4->3)	1	13	110	49987	0.07692307692307693	0.0022005721487586773	34.95594405594406
crlqas/COBYLA	0.70	last_action	CNOT(5->4)	1	13	4759	49987	0.07692307692307693	0.09520475323584132	0.8079751725475617
crlqas/COBYLA	0.70	last_action	RX(q=2)	1	13	157	49987	0.07692307692307693	0.003140816612319203	24.49142577168055
crlqas/COBYLA	0.70	last_action	CNOT(5->1)	1	13	114	49987	0.07692307692307693	0.0022805929541680836	33.729419703103915
crlqas/COBYLA	0.71	last_action	CNOT(4->5)	1	22	7840	49978	0.045454545454545456	0.15686902236984274	0.28976113172541745
crlqas/COBYLA	0.71	last_action	RY(q=5)	2	22	10395	49978	0.09090909090909091	0.20799151626715756	0.43708076435349164
crlqas/COBYLA	0.71	last_action	RX(q=4)	2	22	7027	49978	0.09090909090909091	0.14060186482052103	0.6465710182801402
crlqas/COBYLA	0.71	last_action	CNOT(5->4)	1	22	4759	49978	0.045454545454545456	0.09522189763495938	0.4773539131597548
crlqas/COBYLA	0.71	last_action	RY(q=3)	1	22	120	49978	0.045454545454545456	0.0024010564648445317	18.931060606060605
crlqas/COBYLA	0.71	last_action	CNOT(2->3)	1	22	74	49978	0.045454545454545456	0.0014806514866541277	30.699017199017202
crlqas/COBYLA	0.71	last_action	RX(q=0)	1	22	146	49978	0.045454545454545456	0.002921285365560847	15.559775840597759
crlqas/COBYLA	0.71	last_action	CNOT(2->1)	1	22	65	49978	0.045454545454545456	0.001300572251790788	34.94965034965035
crlqas/COBYLA	0.71	last_action	RY(q=2)	2	22	143	49978	0.09090909090909091	0.0028612589539397334	31.772409408773047
crlqas/COBYLA	0.71	last_action	CNOT(5->0)	1	22	146	49978	0.045454545454545456	0.002921285365560847	15.559775840597759
crlqas/COBYLA	0.71	last_action	RX(q=5)	4	22	9830	49978	0.18181818181818182	0.19668654207851455	0.9244058078239157
crlqas/COBYLA	0.71	last_action	RY(q=4)	2	22	6640	49978	0.09090909090909091	0.13285845772139743	0.6842552026286965
crlqas/COBYLA	0.71	last_action	CNOT(3->4)	1	22	61	49978	0.045454545454545456	0.0012205370362959702	37.2414307004471
crlqas/COBYLA	0.71	last_action	RY(q=1)	1	22	148	49978	0.045454545454545456	0.0029613029733082555	15.349508599508601
crlqas/COBYLA	0.71	last_action	CNOT(4->3)	1	22	110	49978	0.045454545454545456	0.002200968426107487	20.652066115702482
crlqas/COBYLA	0.72	last_action	RY(q=4)	2	13	6640	49987	0.15384615384615385	0.1328345369796147	1.1581788693234478
crlqas/COBYLA	0.72	last_action	CNOT(5->0)	1	13	146	49987	0.07692307692307693	0.0029207593974433354	26.336670179135933
crlqas/COBYLA	0.72	last_action	CNOT(1->4)	1	13	69	49987	0.07692307692307693	0.0013803588933122611	55.72686733556299
crlqas/COBYLA	0.72	last_action	RX(q=4)	2	13	7027	49987	0.15384615384615385	0.14057654990297477	1.0943941500366718
crlqas/COBYLA	0.72	last_action	RX(q=0)	2	13	145	49987	0.15384615384615385	0.0029007541960909835	53.03660477453582
crlqas/COBYLA	0.72	last_action	CNOT(4->5)	1	13	7840	49987	0.07692307692307693	0.15684077860243664	0.4904532967032967
crlqas/COBYLA	0.72	last_action	RY(q=2)	1	13	144	49987	0.07692307692307693	0.002880748994738632	26.702457264957268
crlqas/COBYLA	0.72	last_action	CNOT(1->3)	1	13	68	49987	0.07692307692307693	0.0013603536919599096	56.546380090497735
crlqas/COBYLA	0.72	last_action	CNOT(4->2)	1	13	105	49987	0.07692307692307693	0.002100546141996919	36.62051282051283
crlqas/COBYLA	0.72	last_action	CNOT(2->3)	1	13	74	49987	0.07692307692307693	0.0014803849000740192	51.96153846153847
crlqas/COBYLA	0.73	last_action	RY(q=0)	1	11	114	49989	0.09090909090909091	0.002280501710376283	39.86363636363637
crlqas/COBYLA	0.73	last_action	CNOT(5->4)	3	11	4757	49989	0.2727272727272727	0.09516093540578928	2.86595830068607
crlqas/COBYLA	0.73	last_action	CNOT(2->4)	1	11	53	49989	0.09090909090909091	0.0010602332513152894	85.74442538593482
crlqas/COBYLA	0.73	last_action	RY(q=5)	1	11	10396	49989	0.09090909090909091	0.20796575246554241	0.43713491202910215
crlqas/COBYLA	0.73	last_action	CNOT(2->1)	1	11	65	49989	0.09090909090909091	0.0013002860629338455	69.91468531468531
crlqas/COBYLA	0.73	last_action	RY(q=3)	1	11	120	49989	0.09090909090909091	0.002400528116185561	37.87045454545454
crlqas/COBYLA	0.73	last_action	CNOT(4->0)	1	11	135	49989	0.09090909090909091	0.002700594130708756	33.66262626262626
crlqas/COBYLA	0.73	last_action	RX(q=3)	1	11	152	49989	0.09090909090909091	0.003040668947168377	29.897727272727273
crlqas/COBYLA	0.73	last_action	CNOT(3->0)	1	11	71	49989	0.09090909090909091	0.0014203124687431235	64.00640204865557
crlqas/COBYLA	0.74	last_action	RX(q=2)	1	12	157	49988	0.08333333333333333	0.0031407537809074178	26.532908704883226
crlqas/COBYLA	0.74	last_action	RY(q=5)	1	12	10396	49988	0.08333333333333333	0.20796991277906698	0.40069898678979093
crlqas/COBYLA	0.74	last_action	RX(q=0)	1	12	146	49988	0.08333333333333333	0.002920700968232376	28.53196347031963
crlqas/COBYLA	0.74	last_action	CNOT(5->1)	1	12	114	49988	0.08333333333333333	0.002280547331359526	36.54093567251462
crlqas/COBYLA	0.74	last_action	CNOT(2->5)	1	12	42	49988	0.08333333333333333	0.0008402016483956149	99.18253968253968
crlqas/COBYLA	0.74	last_action	RX(q=5)	3	12	9831	49988	0.25	0.19666720012803074	1.271182992574509
crlqas/COBYLA	0.74	last_action	CNOT(5->2)	1	12	118	49988	0.08333333333333333	0.0023605665359686325	35.30225988700565
crlqas/COBYLA	0.74	last_action	CNOT(3->2)	1	12	60	49988	0.08333333333333333	0.0012002880691365928	69.42777777777778
crlqas/COBYLA	0.74	last_action	RY(q=1)	1	12	148	49988	0.08333333333333333	0.002960710570536929	28.146396396396394
crlqas/COBYLA	0.74	last_action	RY(q=2)	1	12	144	49988	0.08333333333333333	0.0028806913659278227	28.92824074074074
crlqas/COBYLA	0.75	last_action	RY(q=0)	2	10	113	49990	0.2	0.0022604520904180836	88.4778761061947
crlqas/COBYLA	0.75	last_action	RY(q=5)	1	10	10396	49990	0.1	0.2079615923184637	0.4808580223162755
crlqas/COBYLA	0.75	last_action	RY(q=3)	1	10	120	49990	0.1	0.002400480096019204	41.65833333333334
crlqas/COBYLA	0.75	last_action	CNOT(5->4)	1	10	4759	49990	0.1	0.09519903980796159	1.050430762765287
crlqas/COBYLA	0.75	last_action	CNOT(1->4)	1	10	69	49990	0.1	0.0013802760552110423	72.44927536231884
crlqas/COBYLA	0.75	last_action	RX(q=5)	1	10	9833	49990	0.1	0.19669933986797358	0.5083901149191499
crlqas/COBYLA	0.75	last_action	CNOT(4->3)	1	10	110	49990	0.1	0.0022004400880176033	45.44545454545455
crlqas/COBYLA	0.75	last_action	RZ(q=1)	1	10	41	49990	0.1	0.0008201640328065614	121.92682926829268
crlqas/COBYLA	0.75	last_action	RY(q=4)	1	10	6641	49990	0.1	0.13284656931386277	0.7527480801084174
crlqas/COBYLA	0.76	last_action	RX(q=4)	1	7	7028	49993	0.14285714285714285	0.14057968115536176	1.0162005041060247
crlqas/COBYLA	0.76	last_action	CNOT(4->5)	1	7	7840	49993	0.14285714285714285	0.15682195507371033	0.9109511661807579
crlqas/COBYLA	0.76	last_action	RY(q=0)	1	7	114	49993	0.14285714285714285	0.0022803192446942573	62.64786967418546
crlqas/COBYLA	0.76	last_action	RY(q=2)	1	7	144	49993	0.14285714285714285	0.002880403256455904	49.59623015873015
crlqas/COBYLA	0.76	last_action	CNOT(3->2)	1	7	60	49993	0.14285714285714285	0.0012001680235232933	119.03095238095237
crlqas/COBYLA	0.76	last_action	RX(q=5)	1	7	9833	49993	0.14285714285714285	0.1966875362550757	0.7263151777542095
crlqas/COBYLA	0.76	last_action	CNOT(2->1)	1	7	65	49993	0.14285714285714285	0.0013001820254835677	109.87472527472526
crlqas/COBYLA	0.77	last_action	RY(q=5)	2	12	10395	49988	0.16666666666666666	0.2079499079779147	0.8014750681417347
crlqas/COBYLA	0.77	last_action	CNOT(4->5)	2	12	7839	49988	0.16666666666666666	0.15681763623269585	1.062805629969809
crlqas/COBYLA	0.77	last_action	RX(q=5)	1	12	9833	49988	0.08333333333333333	0.1967072097303353	0.42364147937218205
crlqas/COBYLA	0.77	last_action	RY(q=3)	1	12	120	49988	0.08333333333333333	0.0024005761382731856	34.71388888888889
crlqas/COBYLA	0.77	last_action	CNOT(1->2)	2	12	39	49988	0.16666666666666666	0.0007801872449387853	213.6239316239316
crlqas/COBYLA	0.77	last_action	RZ(q=4)	1	12	50	49988	0.08333333333333333	0.0010002400576138272	83.31333333333333
crlqas/COBYLA	0.77	last_action	CNOT(5->4)	1	12	4759	49988	0.08333333333333333	0.09520284868368409	0.8753239476080408
crlqas/COBYLA	0.77	last_action	RX(q=4)	1	12	7028	49988	0.08333333333333333	0.14059374249819956	0.5927243407323088
crlqas/COBYLA	0.77	last_action	RZ(q=1)	1	12	41	49988	0.08333333333333333	0.0008201968472433385	101.60162601626016
crlqas/COBYLA	0.78	last_action	RX(q=4)	2	10	7027	49990	0.2	0.14056811362272453	1.4227977799914617
crlqas/COBYLA	0.78	last_action	RX(q=5)	1	10	9833	49990	0.1	0.19669933986797358	0.5083901149191499
crlqas/COBYLA	0.78	last_action	CNOT(3->0)	1	10	71	49990	0.1	0.0014202840568113622	70.40845070422536
crlqas/COBYLA	0.78	last_action	RY(q=5)	1	10	10396	49990	0.1	0.2079615923184637	0.4808580223162755
crlqas/COBYLA	0.78	last_action	CNOT(4->5)	1	10	7840	49990	0.1	0.15683136627325464	0.6376275510204082
crlqas/COBYLA	0.78	last_action	CNOT(0->2)	1	10	58	49990	0.1	0.0011602320464092818	86.18965517241381
crlqas/COBYLA	0.78	last_action	RX(q=0)	1	10	146	49990	0.1	0.0029205841168233647	34.23972602739726
crlqas/COBYLA	0.78	last_action	CNOT(2->1)	1	10	65	49990	0.1	0.001300260052010402	76.90769230769232
crlqas/COBYLA	0.78	last_action	CNOT(2->4)	1	10	53	49990	0.1	0.0010602120424084817	94.32075471698114
crlqas/COBYLA	0.79	last_action	RY(q=4)	1	9	6641	49991	0.1111111111111111	0.13284391190414274	0.8364034867573491
crlqas/COBYLA	0.79	last_action	CNOT(2->0)	1	9	78	49991	0.1111111111111111	0.0015602808505530996	71.21225071225071
crlqas/COBYLA	0.79	last_action	RX(q=3)	2	9	151	49991	0.2222222222222222	0.0030205436978656157	73.57027225901398
crlqas/COBYLA	0.79	last_action	CNOT(2->3)	1	9	74	49991	0.1111111111111111	0.0014802664479606328	75.06156156156156
crlqas/COBYLA	0.79	last_action	CNOT(2->5)	1	9	42	49991	0.1111111111111111	0.0008401512272208998	132.25132275132273
crlqas/COBYLA	0.79	last_action	CNOT(5->2)	1	9	118	49991	0.1111111111111111	0.002360424876477766	47.072504708097924
crlqas/COBYLA	0.79	last_action	RX(q=5)	1	9	9833	49991	0.1111111111111111	0.19669540517293113	0.5648892052837949
crlqas/COBYLA	0.79	last_action	RX(q=1)	1	9	90	49991	0.1111111111111111	0.0018003240583304996	61.71728395061728
crlqas/COBYLA	0.80	last_action	CNOT(2->0)	1	11	78	49989	0.09090909090909091	0.0015603432755206146	58.26223776223776
crlqas/COBYLA	0.80	last_action	RY(q=2)	2	11	143	49989	0.18181818181818182	0.00286062933845446	63.5588048315321
crlqas/COBYLA	0.80	last_action	RX(q=3)	2	11	151	49989	0.18181818181818182	0.0030206645462001643	60.19145093317278
crlqas/COBYLA	0.80	last_action	RX(q=4)	4	11	7025	49989	0.36363636363636365	0.14053091680169638	2.587589776771271
crlqas/COBYLA	0.80	last_action	RY(q=4)	1	11	6641	49989	0.09090909090909091	0.13284922682990258	0.6843027473956551
crlqas/COBYLA	0.80	last_action	CNOT(0->3)	1	11	61	49989	0.09090909090909091	0.0012202684590609935	74.49925484351714
crlqas/COBYLA	0.81	last_action	RY(q=4)	2	8	6640	49992	0.25	0.13282125140022405	1.8822289156626504
crlqas/COBYLA	0.81	last_action	RY(q=1)	2	8	147	49992	0.25	0.0029404704752760444	85.0204081632653
crlqas/COBYLA	0.81	last_action	RX(q=2)	1	8	157	49992	0.125	0.0031405024803968637	39.802547770700635
crlqas/COBYLA	0.81	last_action	RZ(q=0)	1	8	42	49992	0.125	0.0008401344215074412	148.78571428571428
crlqas/COBYLA	0.81	last_action	CNOT(5->1)	1	8	114	49992	0.125	0.0022803648583773406	54.815789473684205
crlqas/COBYLA	0.81	last_action	CNOT(4->5)	1	8	7840	49992	0.125	0.15682509201472236	0.7970663265306123
crlqas/COBYLA	0.82	last_action	RX(q=4)	1	10	7028	49990	0.1	0.14058811762352472	0.7112976664769494
crlqas/COBYLA	0.82	last_action	CNOT(4->5)	1	10	7840	49990	0.1	0.15683136627325464	0.6376275510204082
crlqas/COBYLA	0.82	last_action	CNOT(0->1)	1	10	51	49990	0.1	0.0010202040408081616	98.01960784313727
crlqas/COBYLA	0.82	last_action	RY(q=0)	1	10	114	49990	0.1	0.0022804560912182436	43.85087719298246
crlqas/COBYLA	0.82	last_action	RX(q=3)	2	10	151	49990	0.2	0.003020604120824165	66.21192052980132
crlqas/COBYLA	0.82	last_action	RY(q=1)	1	10	148	49990	0.1	0.0029605921184236847	33.77702702702703
crlqas/COBYLA	0.82	last_action	CNOT(1->4)	1	10	69	49990	0.1	0.0013802760552110423	72.44927536231884
crlqas/COBYLA	0.82	last_action	RY(q=2)	1	10	144	49990	0.1	0.002880576115223045	34.71527777777778
crlqas/COBYLA	0.82	last_action	RX(q=0)	1	10	146	49990	0.1	0.0029205841168233647	34.23972602739726
crlqas/COBYLA	0.83	last_action	RY(q=5)	3	7	10394	49993	0.42857142857142855	0.2079091072750185	2.061340333709008
crlqas/COBYLA	0.83	last_action	RX(q=5)	2	7	9832	49993	0.2857142857142857	0.19666753345468366	1.4527781006625595
crlqas/COBYLA	0.83	last_action	CNOT(2->3)	1	7	74	49993	0.14285714285714285	0.0014802072290120618	96.511583011583
crlqas/COBYLA	0.83	last_action	CNOT(4->5)	1	7	7840	49993	0.14285714285714285	0.15682195507371033	0.9109511661807579
crlqas/COBYLA	0.84	last_action	CNOT(5->2)	1	9	118	49991	0.1111111111111111	0.002360424876477766	47.072504708097924
crlqas/COBYLA	0.84	last_action	RY(q=5)	1	9	10396	49991	0.1111111111111111	0.2079574323378208	0.5342973793339318
crlqas/COBYLA	0.84	last_action	CNOT(5->4)	1	9	4759	49991	0.1111111111111111	0.09519713548438719	1.1671686395367842
crlqas/COBYLA	0.84	last_action	CNOT(0->1)	1	9	51	49991	0.1111111111111111	0.0010201836330539498	108.91285403050108
crlqas/COBYLA	0.84	last_action	RX(q=3)	1	9	152	49991	0.1111111111111111	0.0030405472985137326	36.54312865497076
crlqas/COBYLA	0.84	last_action	CNOT(0->5)	1	9	54	49991	0.1111111111111111	0.0010801944349982998	102.86213991769546
crlqas/COBYLA	0.84	last_action	CNOT(0->3)	1	9	61	49991	0.1111111111111111	0.0012202196395351163	91.05828779599271
crlqas/COBYLA	0.84	last_action	CNOT(2->5)	1	9	42	49991	0.1111111111111111	0.0008401512272208998	132.25132275132273
crlqas/COBYLA	0.84	last_action	RY(q=0)	1	9	114	49991	0.1111111111111111	0.0022804104738852996	48.724171539961006
crlqas/COBYLA	0.85	last_action	CNOT(5->4)	2	10	4758	49990	0.2	0.09517903580716143	2.1013030685161835
crlqas/COBYLA	0.85	last_action	RX(q=5)	2	10	9832	49990	0.2	0.19667933586717343	1.0168836452400327
crlqas/COBYLA	0.85	last_action	CNOT(4->0)	1	10	135	49990	0.1	0.0027005401080216042	37.02962962962963
crlqas/COBYLA	0.85	last_action	RY(q=4)	1	10	6641	49990	0.1	0.13284656931386277	0.7527480801084174
crlqas/COBYLA	0.85	last_action	CNOT(4->5)	1	10	7840	49990	0.1	0.15683136627325464	0.6376275510204082
crlqas/COBYLA	0.85	last_action	CNOT(2->1)	1	10	65	49990	0.1	0.001300260052010402	76.90769230769232
crlqas/COBYLA	0.85	last_action	RZ(q=5)	1	10	50	49990	0.1	0.0010002000400080016	99.98
crlqas/COBYLA	0.85	last_action	RX(q=4)	1	10	7028	49990	0.1	0.14058811762352472	0.7112976664769494
crlqas/COBYLA	0.86	last_action	CNOT(5->4)	1	5	4759	49995	0.2	0.09518951895189519	2.1010716537087624
crlqas/COBYLA	0.86	last_action	CNOT(4->2)	1	5	105	49995	0.2	0.0021002100210021	95.22857142857144
crlqas/COBYLA	0.86	last_action	RY(q=1)	1	5	148	49995	0.2	0.00296029602960296	67.56081081081082
crlqas/COBYLA	0.86	last_action	CNOT(5->1)	1	5	114	49995	0.2	0.00228022802280228	87.71052631578948
crlqas/COBYLA	0.86	last_action	RX(q=4)	1	5	7028	49995	0.2	0.14057405740574058	1.4227376209447922
crlqas/COBYLA	0.87	last_action	CNOT(3->5)	1	5	54	49995	0.2	0.00108010801080108	185.16666666666669
crlqas/COBYLA	0.87	last_action	CNOT(2->4)	1	5	53	49995	0.2	0.00106010601060106	188.6603773584906
crlqas/COBYLA	0.87	last_action	RX(q=1)	2	5	89	49995	0.4	0.0017801780178017801	224.69662921348316
crlqas/COBYLA	0.87	last_action	RX(q=2)	1	5	157	49995	0.2	0.0031403140314031405	63.68789808917197
crlqas/COBYLA	0.88	last_action	RX(q=5)	1	2	9833	49998	0.5	0.1966678667146686	2.5423573680463742
crlqas/COBYLA	0.88	last_action	CNOT(1->5)	1	2	38	49998	0.5	0.0007600304012160486	657.8684210526316
crlqas/COBYLA	0.89	last_action	RX(q=2)	1	6	157	49994	0.16666666666666666	0.0031403768452214265	53.07218683651804
crlqas/COBYLA	0.89	last_action	RY(q=3)	1	6	120	49994	0.16666666666666666	0.0024002880345641475	69.43611111111112
crlqas/COBYLA	0.89	last_action	RY(q=2)	1	6	144	49994	0.16666666666666666	0.0028803456414769773	57.863425925925924
crlqas/COBYLA	0.89	last_action	CNOT(4->3)	1	6	110	49994	0.16666666666666666	0.0022002640316838022	75.74848484848484
crlqas/COBYLA	0.89	last_action	CNOT(0->2)	1	6	58	49994	0.16666666666666666	0.0011601392167060046	143.66091954022988
crlqas/COBYLA	0.89	last_action	CNOT(2->5)	1	6	42	49994	0.16666666666666666	0.0008401008120974517	198.38888888888889
crlqas/COBYLA	0.90	last_action	RY(q=3)	1	5	120	49995	0.2	0.0024002400240024004	83.325
crlqas/COBYLA	0.90	last_action	RX(q=5)	1	5	9833	49995	0.2	0.19667966796679667	1.016881928200956
crlqas/COBYLA	0.90	last_action	CNOT(1->4)	1	5	69	49995	0.2	0.0013801380138013801	144.91304347826087
crlqas/COBYLA	0.90	last_action	RZ(q=5)	1	5	50	49995	0.2	0.001000100010001	199.98000000000002
crlqas/COBYLA	0.90	last_action	RY(q=1)	1	5	148	49995	0.2	0.00296029602960296	67.56081081081082
crlqas/COBYLA	0.91	last_action	RX(q=4)	1	6	7028	49994	0.16666666666666666	0.14057686922430693	1.1855909694555111
crlqas/COBYLA	0.91	last_action	RZ(q=2)	1	6	41	49994	0.16666666666666666	0.0008200984118094171	203.22764227642276
crlqas/COBYLA	0.91	last_action	RZ(q=4)	1	6	50	49994	0.16666666666666666	0.0010001200144017282	166.64666666666665
crlqas/COBYLA	0.91	last_action	RZ(q=1)	1	6	41	49994	0.16666666666666666	0.0008200984118094171	203.22764227642276
crlqas/COBYLA	0.91	last_action	CNOT(0->5)	1	6	54	49994	0.16666666666666666	0.0010801296155538665	154.30246913580245
crlqas/COBYLA	0.91	last_action	CNOT(3->4)	1	6	61	49994	0.16666666666666666	0.0012201464175701083	136.59562841530055
crlqas/COBYLA	0.92	last_action	RY(q=5)	2	7	10395	49993	0.2857142857142857	0.20792911007541057	1.3740946883804026
crlqas/COBYLA	0.92	last_action	RX(q=4)	1	7	7028	49993	0.14285714285714285	0.14057968115536176	1.0162005041060247
crlqas/COBYLA	0.92	last_action	RX(q=0)	1	7	146	49993	0.14285714285714285	0.0029204088572400136	48.916829745596864
crlqas/COBYLA	0.92	last_action	CNOT(2->5)	1	7	42	49993	0.14285714285714285	0.0008401176164663052	170.04421768707482
crlqas/COBYLA	0.92	last_action	CNOT(2->3)	1	7	74	49993	0.14285714285714285	0.0014802072290120618	96.511583011583
crlqas/COBYLA	0.92	last_action	RX(q=5)	1	7	9833	49993	0.14285714285714285	0.1966875362550757	0.7263151777542095
crlqas/COBYLA	0.93	last_action	RY(q=5)	1	10	10396	49990	0.1	0.2079615923184637	0.4808580223162755
crlqas/COBYLA	0.93	last_action	CNOT(1->4)	1	10	69	49990	0.1	0.0013802760552110423	72.44927536231884
crlqas/COBYLA	0.93	last_action	RX(q=0)	1	10	146	49990	0.1	0.0029205841168233647	34.23972602739726
crlqas/COBYLA	0.93	last_action	CNOT(2->3)	1	10	74	49990	0.1	0.0014802960592118423	67.55405405405406
crlqas/COBYLA	0.93	last_action	RY(q=4)	1	10	6641	49990	0.1	0.13284656931386277	0.7527480801084174
crlqas/COBYLA	0.93	last_action	RX(q=4)	2	10	7027	49990	0.2	0.14056811362272453	1.4227977799914617
crlqas/COBYLA	0.93	last_action	CNOT(4->5)	1	10	7840	49990	0.1	0.15683136627325464	0.6376275510204082
crlqas/COBYLA	0.93	last_action	CNOT(2->5)	1	10	42	49990	0.1	0.0008401680336067213	119.02380952380953
crlqas/COBYLA	0.93	last_action	RY(q=1)	1	10	148	49990	0.1	0.0029605921184236847	33.77702702702703
crlqas/COBYLA	0.94	last_action	RX(q=4)	1	9	7028	49991	0.1111111111111111	0.14058530535496389	0.7903465503067096
crlqas/COBYLA	0.94	last_action	RY(q=0)	1	9	114	49991	0.1111111111111111	0.0022804104738852996	48.724171539961006
crlqas/COBYLA	0.94	last_action	RY(q=5)	1	9	10396	49991	0.1111111111111111	0.2079574323378208	0.5342973793339318
crlqas/COBYLA	0.94	last_action	CNOT(3->0)	1	9	71	49991	0.1111111111111111	0.0014202556460162828	78.23317683881065
crlqas/COBYLA	0.94	last_action	RX(q=5)	1	9	9833	49991	0.1111111111111111	0.19669540517293113	0.5648892052837949
crlqas/COBYLA	0.94	last_action	RY(q=4)	1	9	6641	49991	0.1111111111111111	0.13284391190414274	0.8364034867573491
crlqas/COBYLA	0.94	last_action	CNOT(2->5)	1	9	42	49991	0.1111111111111111	0.0008401512272208998	132.25132275132273
crlqas/COBYLA	0.94	last_action	CNOT(2->4)	1	9	53	49991	0.1111111111111111	0.001060190834350183	104.80293501048217
crlqas/COBYLA	0.94	last_action	CNOT(2->0)	1	9	78	49991	0.1111111111111111	0.0015602808505530996	71.21225071225071
crlqas/COBYLA	0.95	last_action	RY(q=5)	1	8	10396	49992	0.125	0.20795327252360377	0.6010965756060024
crlqas/COBYLA	0.95	last_action	RX(q=4)	1	8	7028	49992	0.125	0.14058249319891183	0.88915765509391
crlqas/COBYLA	0.95	last_action	CNOT(5->3)	1	8	114	49992	0.125	0.0022803648583773406	54.815789473684205
crlqas/COBYLA	0.95	last_action	RX(q=3)	1	8	152	49992	0.125	0.003040486477836454	41.11184210526316
crlqas/COBYLA	0.95	last_action	CNOT(1->3)	1	8	68	49992	0.125	0.0013602176348215715	91.8970588235294
crlqas/COBYLA	0.95	last_action	RX(q=5)	1	8	9833	49992	0.125	0.19669147063530165	0.6355130682396013
crlqas/COBYLA	0.95	last_action	CNOT(4->0)	1	8	135	49992	0.125	0.002700432069131061	46.288888888888884
crlqas/COBYLA	0.95	last_action	CNOT(4->2)	1	8	105	49992	0.125	0.002100336053768603	59.51428571428572
crlqas/COBYLA	0.96	last_action	RZ(q=3)	1	5	57	49995	0.2	0.00114011401140114	175.42105263157896
crlqas/COBYLA	0.96	last_action	RX(q=0)	1	5	146	49995	0.2	0.00292029202920292	68.48630136986301
crlqas/COBYLA	0.96	last_action	CNOT(4->5)	1	5	7840	49995	0.2	0.1568156815681568	1.2753826530612247
crlqas/COBYLA	0.96	last_action	CNOT(5->4)	1	5	4759	49995	0.2	0.09518951895189519	2.1010716537087624
crlqas/COBYLA	0.96	last_action	CNOT(2->4)	1	5	53	49995	0.2	0.00106010601060106	188.6603773584906
crlqas/COBYLA	0.97	last_action	RX(q=4)	2	3	7027	49997	0.6666666666666666	0.14054843290597435	4.743323371756558
crlqas/COBYLA	0.97	last_action	CNOT(5->4)	1	3	4759	49997	0.3333333333333333	0.09518571114266856	3.501926174966729
crlqas/COBYLA	0.98	last_action	RY(q=5)	1	8	10396	49992	0.125	0.20795327252360377	0.6010965756060024
crlqas/COBYLA	0.98	last_action	RY(q=4)	1	8	6641	49992	0.125	0.13284125460073612	0.9409727450685138
crlqas/COBYLA	0.98	last_action	CNOT(2->3)	1	8	74	49992	0.125	0.001480236837894063	84.44594594594595
crlqas/COBYLA	0.98	last_action	RX(q=5)	1	8	9833	49992	0.125	0.19669147063530165	0.6355130682396013
crlqas/COBYLA	0.98	last_action	RZ(q=1)	1	8	41	49992	0.125	0.0008201312209953593	152.41463414634146
crlqas/COBYLA	0.98	last_action	RY(q=1)	1	8	148	49992	0.125	0.002960473675788126	42.222972972972975
crlqas/COBYLA	0.98	last_action	CNOT(1->2)	1	8	40	49992	0.125	0.0008001280204832773	156.225
crlqas/COBYLA	0.98	last_action	RX(q=1)	1	8	90	49992	0.125	0.001800288046087374	69.43333333333332
crlqas/COBYLA	0.99	last_action	RX(q=2)	1	8	157	49992	0.125	0.0031405024803968637	39.802547770700635
crlqas/COBYLA	0.99	last_action	CNOT(4->5)	2	8	7839	49992	0.25	0.15680508881421026	1.59433601224646
crlqas/COBYLA	0.99	last_action	RX(q=4)	1	8	7028	49992	0.125	0.14058249319891183	0.88915765509391
crlqas/COBYLA	0.99	last_action	CNOT(0->2)	1	8	58	49992	0.125	0.001160185629700752	107.74137931034484
crlqas/COBYLA	0.99	last_action	RY(q=5)	1	8	10396	49992	0.125	0.20795327252360377	0.6010965756060024
crlqas/COBYLA	0.99	last_action	CNOT(0->5)	1	8	54	49992	0.125	0.0010801728276524244	115.72222222222223
crlqas/COBYLA	0.99	last_action	RY(q=0)	1	8	114	49992	0.125	0.0022803648583773406	54.815789473684205
crlqas/COBYLA	1.00	last_action	CNOT(5->4)	1	5	4759	49995	0.2	0.09518951895189519	2.1010716537087624
crlqas/COBYLA	1.00	last_action	RX(q=4)	1	5	7028	49995	0.2	0.14057405740574058	1.4227376209447922
crlqas/COBYLA	1.00	last_action	RX(q=1)	1	5	90	49995	0.2	0.0018001800180018	111.10000000000001
crlqas/COBYLA	1.00	last_action	CNOT(1->0)	1	5	63	49995	0.2	0.0012601260126012602	158.71428571428572
crlqas/COBYLA	1.00	last_action	CNOT(4->2)	1	5	105	49995	0.2	0.0021002100210021	95.22857142857144
crlqas/COBYLA	1.01	last_action	RY(q=5)	1	7	10396	49993	0.14285714285714285	0.20794911287580262	0.6869812565272357
crlqas/COBYLA	1.01	last_action	CNOT(5->4)	2	7	4758	49993	0.2857142857142857	0.09517332426539715	3.0020416741728218
crlqas/COBYLA	1.01	last_action	RX(q=1)	1	7	90	49993	0.14285714285714285	0.00180025203528494	79.35396825396825
crlqas/COBYLA	1.01	last_action	RY(q=4)	1	7	6641	49993	0.14285714285714285	0.13283859740363652	1.0754189343257254
crlqas/COBYLA	1.01	last_action	RX(q=5)	1	7	9833	49993	0.14285714285714285	0.1966875362550757	0.7263151777542095
crlqas/COBYLA	1.01	last_action	CNOT(2->4)	1	7	53	49993	0.14285714285714285	0.001060148420778909	134.7520215633423
crlqas/COBYLA	1.02	last_action	RZ(q=1)	1	5	41	49995	0.2	0.0008200820082008201	243.8780487804878
crlqas/COBYLA	1.02	last_action	CNOT(1->4)	1	5	69	49995	0.2	0.0013801380138013801	144.91304347826087
crlqas/COBYLA	1.02	last_action	CNOT(0->3)	1	5	61	49995	0.2	0.0012201220122012202	163.91803278688525
crlqas/COBYLA	1.02	last_action	RY(q=1)	1	5	148	49995	0.2	0.00296029602960296	67.56081081081082
crlqas/COBYLA	1.02	last_action	RX(q=5)	1	5	9833	49995	0.2	0.19667966796679667	1.016881928200956
crlqas/COBYLA	1.03	last_action	CNOT(5->4)	1	4	4759	49996	0.25	0.09518761500920074	2.6263920991805
crlqas/COBYLA	1.03	last_action	CNOT(5->2)	1	4	118	49996	0.25	0.0023601888151052086	105.92372881355931
crlqas/COBYLA	1.03	last_action	CNOT(0->4)	1	4	44	49996	0.25	0.0008800704056324506	284.0681818181818
crlqas/COBYLA	1.03	last_action	RY(q=5)	1	4	10396	49996	0.25	0.20793663493079445	1.2022893420546366
crlqas/COBYLA	1.04	last_action	RX(q=4)	1	2	7028	49998	0.5	0.140565622624905	3.5570574843483214
crlqas/COBYLA	1.04	last_action	CNOT(2->0)	1	2	78	49998	0.5	0.0015600624024961	320.5
crlqas/COBYLA	1.05	last_action	CNOT(5->1)	1	4	114	49996	0.25	0.0022801824145931675	109.64035087719299
crlqas/COBYLA	1.05	last_action	RY(q=5)	1	4	10396	49996	0.25	0.20793663493079445	1.2022893420546366
crlqas/COBYLA	1.05	last_action	RZ(q=0)	1	4	42	49996	0.25	0.0008400672053764301	297.59523809523813
crlqas/COBYLA	1.05	last_action	CNOT(3->2)	1	4	60	49996	0.25	0.0012000960076806145	208.31666666666666
crlqas/COBYLA	1.06	last_action	RX(q=0)	2	7	145	49993	0.2857142857142857	0.0029004060568479585	98.50837438423645
crlqas/COBYLA	1.06	last_action	CNOT(5->4)	1	7	4759	49993	0.14285714285714285	0.09519332706578922	1.5007054303124905
crlqas/COBYLA	1.06	last_action	RX(q=1)	1	7	90	49993	0.14285714285714285	0.00180025203528494	79.35396825396825
crlqas/COBYLA	1.06	last_action	RY(q=4)	2	7	6640	49993	0.2857142857142857	0.13281859460324447	2.1511617900172113
crlqas/COBYLA	1.06	last_action	RY(q=0)	1	7	114	49993	0.14285714285714285	0.0022803192446942573	62.64786967418546
crlqas/COBYLA	1.07	last_action	RY(q=4)	1	3	6641	49997	0.3333333333333333	0.1328279696781807	2.5095116197359832
crlqas/COBYLA	1.07	last_action	RY(q=1)	2	3	147	49997	0.6666666666666666	0.002940176410584635	226.7437641723356
crlqas/COBYLA	1.08	last_action	RY(q=3)	1	2	120	49998	0.5	0.0024000960038401535	208.32500000000002
crlqas/COBYLA	1.08	last_action	RY(q=4)	1	2	6641	49998	0.5	0.1328253130125205	3.764342719469959
crlqas/COBYLA	1.09	last_action	RY(q=0)	1	3	114	49997	0.3333333333333333	0.0022801368082084926	146.19005847953215
crlqas/COBYLA	1.09	last_action	CNOT(2->5)	1	3	42	49997	0.3333333333333333	0.0008400504030241815	396.8015873015873
crlqas/COBYLA	1.09	last_action	CNOT(4->0)	1	3	135	49997	0.3333333333333333	0.002700162009720583	123.44938271604939
crlqas/COBYLA	1.10	last_action	RX(q=4)	2	4	7027	49996	0.5	0.14055124409952796	3.557421374697595
crlqas/COBYLA	1.10	last_action	CNOT(5->4)	1	4	4759	49996	0.25	0.09518761500920074	2.6263920991805
crlqas/COBYLA	1.10	last_action	RX(q=0)	1	4	146	49996	0.25	0.002920233618689495	85.6095890410959
crlqas/COBYLA	1.11	last_action	RY(q=5)	1	2	10396	49998	0.5	0.2079283171326853	2.4046748749519047
crlqas/COBYLA	1.11	last_action	RY(q=4)	1	2	6641	49998	0.5	0.1328253130125205	3.764342719469959
crlqas/COBYLA	1.12	last_action	RX(q=5)	2	4	9832	49996	0.5	0.1966557324585967	2.5425142392188773
crlqas/COBYLA	1.12	last_action	RY(q=1)	1	4	148	49996	0.25	0.0029602368189455158	84.4527027027027
crlqas/COBYLA	1.12	last_action	CNOT(0->1)	1	4	51	49996	0.25	0.0010200816065285222	245.07843137254903
crlqas/COBYLA	1.13	last_action	RZ(q=3)	1	2	57	49998	0.5	0.001140045601824073	438.5789473684211
crlqas/COBYLA	1.13	last_action	CNOT(0->3)	1	2	61	49998	0.5	0.0012200488019520781	409.8196721311475
crlqas/COBYLA	1.14	last_action	CNOT(5->1)	1	7	114	49993	0.14285714285714285	0.0022803192446942573	62.64786967418546
crlqas/COBYLA	1.14	last_action	CNOT(4->5)	1	7	7840	49993	0.14285714285714285	0.15682195507371033	0.9109511661807579
crlqas/COBYLA	1.14	last_action	RY(q=2)	1	7	144	49993	0.14285714285714285	0.002880403256455904	49.59623015873015
crlqas/COBYLA	1.14	last_action	RX(q=2)	1	7	157	49993	0.14285714285714285	0.0031404396615526175	45.48953594176524
crlqas/COBYLA	1.14	last_action	RX(q=4)	1	7	7028	49993	0.14285714285714285	0.14057968115536176	1.0162005041060247
crlqas/COBYLA	1.14	last_action	CNOT(4->3)	1	7	110	49993	0.14285714285714285	0.0022003080431260377	64.92597402597403
crlqas/COBYLA	1.14	last_action	CNOT(5->0)	1	7	146	49993	0.14285714285714285	0.0029204088572400136	48.916829745596864
crlqas/COBYLA	1.15	last_action	RX(q=1)	1	3	90	49997	0.3333333333333333	0.0018001080064803888	185.17407407407407
crlqas/COBYLA	1.15	last_action	CNOT(5->0)	1	3	146	49997	0.3333333333333333	0.002920175210512631	114.148401826484
crlqas/COBYLA	1.15	last_action	CNOT(4->1)	1	3	95	49997	0.3333333333333333	0.0019001140068404105	175.4280701754386
crlqas/COBYLA	1.16	last_action	RY(q=4)	1	2	6641	49998	0.5	0.1328253130125205	3.764342719469959
crlqas/COBYLA	1.16	last_action	CNOT(0->5)	1	2	54	49998	0.5	0.001080043201728069	462.94444444444446
crlqas/COBYLA	1.17	last_action	CNOT(5->4)	1	3	4759	49997	0.3333333333333333	0.09518571114266856	3.501926174966729
crlqas/COBYLA	1.17	last_action	CNOT(1->3)	1	3	68	49997	0.3333333333333333	0.0013600816048962938	245.08333333333331
crlqas/COBYLA	1.17	last_action	CNOT(2->1)	1	3	65	49997	0.3333333333333333	0.0013000780046802808	256.3948717948718
crlqas/COBYLA	1.18	last_action	RX(q=5)	1	6	9833	49994	0.16666666666666666	0.19668360203224386	0.8473846571070206
crlqas/COBYLA	1.18	last_action	RY(q=5)	1	6	10396	49994	0.16666666666666666	0.20794495339440733	0.8014941644222137
crlqas/COBYLA	1.18	last_action	RX(q=4)	1	6	7028	49994	0.16666666666666666	0.14057686922430693	1.1855909694555111
crlqas/COBYLA	1.18	last_action	RY(q=3)	1	6	120	49994	0.16666666666666666	0.0024002880345641475	69.43611111111112
crlqas/COBYLA	1.18	last_action	RZ(q=0)	1	6	42	49994	0.16666666666666666	0.0008401008120974517	198.38888888888889
crlqas/COBYLA	1.18	last_action	CNOT(5->0)	1	6	146	49994	0.16666666666666666	0.0029203504420530465	57.070776255707756
crlqas/COBYLA	1.19	last_action	CNOT(4->5)	1	5	7840	49995	0.2	0.1568156815681568	1.2753826530612247
crlqas/COBYLA	1.19	last_action	CNOT(3->1)	1	5	62	49995	0.2	0.0012401240124012402	161.2741935483871
crlqas/COBYLA	1.19	last_action	RX(q=1)	1	5	90	49995	0.2	0.0018001800180018	111.10000000000001
crlqas/COBYLA	1.19	last_action	RX(q=5)	1	5	9833	49995	0.2	0.19667966796679667	1.016881928200956
crlqas/COBYLA	1.19	last_action	CNOT(2->3)	1	5	74	49995	0.2	0.00148014801480148	135.12162162162164
crlqas/COBYLA	1.20	last_action	CNOT(4->1)	1	2	95	49998	0.5	0.0019000760030401216	263.14736842105265
crlqas/COBYLA	1.20	last_action	RX(q=0)	1	2	146	49998	0.5	0.002920116804672187	171.22602739726028
crlqas/COBYLA	1.21	last_action	CNOT(2->1)	1	4	65	49996	0.25	0.0013001040083206656	192.2923076923077
crlqas/COBYLA	1.21	last_action	RX(q=4)	1	4	7028	49996	0.25	0.14057124569965598	1.7784575981787136
crlqas/COBYLA	1.21	last_action	RX(q=0)	1	4	146	49996	0.25	0.002920233618689495	85.6095890410959
crlqas/COBYLA	1.21	last_action	RX(q=1)	1	4	90	49996	0.25	0.0018001440115209216	138.8777777777778
crlqas/COBYLA	1.22	last_action	RY(q=5)	1	6	10396	49994	0.16666666666666666	0.20794495339440733	0.8014941644222137
crlqas/COBYLA	1.22	last_action	CNOT(4->5)	1	6	7840	49994	0.16666666666666666	0.156818818258191	1.062797619047619
crlqas/COBYLA	1.22	last_action	RX(q=5)	2	6	9832	49994	0.3333333333333333	0.19666359963195584	1.6949416870084077
crlqas/COBYLA	1.22	last_action	RY(q=0)	1	6	114	49994	0.16666666666666666	0.00228027363283594	73.0906432748538
crlqas/COBYLA	1.22	last_action	CNOT(5->4)	1	6	4759	49994	0.16666666666666666	0.09519142297075649	1.7508580233942705
crlqas/COBYLA	1.23	last_action	CNOT(4->5)	1	2	7840	49998	0.5	0.15680627225089003	3.188647959183674
crlqas/COBYLA	1.23	last_action	RY(q=5)	1	2	10396	49998	0.5	0.2079283171326853	2.4046748749519047
crlqas/COBYLA	1.24	last_action	CNOT(3->1)	1	3	62	49997	0.3333333333333333	0.001240074404464268	268.80107526881716
crlqas/COBYLA	1.24	last_action	RY(q=4)	1	3	6641	49997	0.3333333333333333	0.1328279696781807	2.5095116197359832
crlqas/COBYLA	1.24	last_action	RZ(q=0)	1	3	42	49997	0.3333333333333333	0.0008400504030241815	396.8015873015873
crlqas/COBYLA	1.25	last_action	RX(q=4)	1	4	7028	49996	0.25	0.14057124569965598	1.7784575981787136
crlqas/COBYLA	1.25	last_action	CNOT(2->1)	1	4	65	49996	0.25	0.0013001040083206656	192.2923076923077
crlqas/COBYLA	1.25	last_action	RX(q=5)	1	4	9833	49996	0.25	0.1966757340587247	1.2711278348418589
crlqas/COBYLA	1.25	last_action	RY(q=4)	1	4	6641	49996	0.25	0.132830626450116	1.8820960698689957
crlqas/COBYLA	1.26	last_action	CNOT(4->5)	1	5	7840	49995	0.2	0.1568156815681568	1.2753826530612247
crlqas/COBYLA	1.26	last_action	CNOT(5->4)	1	5	4759	49995	0.2	0.09518951895189519	2.1010716537087624
crlqas/COBYLA	1.26	last_action	CNOT(3->4)	1	5	61	49995	0.2	0.0012201220122012202	163.91803278688525
crlqas/COBYLA	1.26	last_action	CNOT(3->0)	1	5	71	49995	0.2	0.00142014201420142	140.83098591549296
crlqas/COBYLA	1.26	last_action	RZ(q=3)	1	5	57	49995	0.2	0.00114011401140114	175.42105263157896
crlqas/COBYLA	1.27	last_action	CNOT(0->3)	1	2	61	49998	0.5	0.0012200488019520781	409.8196721311475
crlqas/COBYLA	1.27	last_action	CNOT(3->2)	1	2	60	49998	0.5	0.0012000480019200767	416.65000000000003
crlqas/COBYLA	1.29	last_action	CNOT(4->2)	1	4	105	49996	0.25	0.0021001680134410754	119.03809523809522
crlqas/COBYLA	1.29	last_action	CNOT(4->3)	1	4	110	49996	0.25	0.0022001760140811263	113.62727272727274
crlqas/COBYLA	1.29	last_action	CNOT(2->5)	1	4	42	49996	0.25	0.0008400672053764301	297.59523809523813
crlqas/COBYLA	1.29	last_action	CNOT(2->3)	1	4	74	49996	0.25	0.0014801184094727579	168.9054054054054
crlqas/COBYLA	1.30	last_action	RY(q=1)	1	1	148	49999	1.0	0.0029600592011840236	337.8310810810811
crlqas/COBYLA	1.31	last_action	RY(q=5)	1	3	10396	49997	0.3333333333333333	0.2079324759485569	1.6030845196870591
crlqas/COBYLA	1.31	last_action	CNOT(4->5)	1	3	7840	49997	0.3333333333333333	0.15680940856451386	2.1257227891156463
crlqas/COBYLA	1.31	last_action	CNOT(3->2)	1	3	60	49997	0.3333333333333333	0.0012000720043202592	277.7611111111111
crlqas/COBYLA	1.32	last_action	RY(q=4)	1	6	6641	49994	0.16666666666666666	0.13283594031283755	1.2546805200020077
crlqas/COBYLA	1.32	last_action	CNOT(3->5)	1	6	54	49994	0.16666666666666666	0.0010801296155538665	154.30246913580245
crlqas/COBYLA	1.32	last_action	RY(q=0)	1	6	114	49994	0.16666666666666666	0.00228027363283594	73.0906432748538
crlqas/COBYLA	1.32	last_action	RX(q=2)	1	6	157	49994	0.16666666666666666	0.0031403768452214265	53.07218683651804
crlqas/COBYLA	1.32	last_action	CNOT(3->2)	1	6	60	49994	0.16666666666666666	0.0012001440172820738	138.87222222222223
crlqas/COBYLA	1.32	last_action	RY(q=1)	1	6	148	49994	0.16666666666666666	0.0029603552426291156	56.299549549549546
crlqas/COBYLA	1.33	last_action	CNOT(4->3)	1	2	110	49998	0.5	0.002200088003520141	227.26363636363635
crlqas/COBYLA	1.33	last_action	CNOT(3->1)	1	2	62	49998	0.5	0.0012400496019840794	403.2096774193548
crlqas/COBYLA	1.34	last_action	RY(q=4)	1	3	6641	49997	0.3333333333333333	0.1328279696781807	2.5095116197359832
crlqas/COBYLA	1.34	last_action	CNOT(4->5)	1	3	7840	49997	0.3333333333333333	0.15680940856451386	2.1257227891156463
crlqas/COBYLA	1.34	last_action	CNOT(3->0)	1	3	71	49997	0.3333333333333333	0.0014200852051123067	234.72769953051642
crlqas/COBYLA	1.35	last_action	RX(q=3)	2	2	151	49998	1.0	0.0030201208048321933	331.1125827814569
crlqas/COBYLA	1.36	last_action	CNOT(0->1)	1	2	51	49998	0.5	0.0010200408016320653	490.1764705882353
crlqas/COBYLA	1.36	last_action	RX(q=3)	1	2	152	49998	0.5	0.0030401216048641946	164.4671052631579
crlqas/COBYLA	1.37	last_action	CNOT(2->3)	1	1	74	49999	1.0	0.0014800296005920118	675.6621621621622
crlqas/COBYLA	1.38	last_action	RX(q=5)	1	1	9833	49999	1.0	0.19666393327866558	5.084816434455405
crlqas/COBYLA	1.39	last_action	CNOT(4->2)	1	2	105	49998	0.5	0.0021000840033601345	238.08571428571426
crlqas/COBYLA	1.39	last_action	CNOT(4->3)	1	2	110	49998	0.5	0.002200088003520141	227.26363636363635
crlqas/COBYLA	1.40	last_action	RY(q=5)	1	4	10396	49996	0.25	0.20793663493079445	1.2022893420546366
crlqas/COBYLA	1.40	last_action	CNOT(4->1)	1	4	95	49996	0.25	0.001900152012160973	131.56842105263158
crlqas/COBYLA	1.40	last_action	RY(q=3)	1	4	120	49996	0.25	0.002400192015361229	104.15833333333333
crlqas/COBYLA	1.40	last_action	RX(q=3)	1	4	152	49996	0.25	0.0030402432194575565	82.23026315789474
crlqas/COBYLA	1.41	last_action	CNOT(1->3)	1	6	68	49994	0.16666666666666666	0.0013601632195863504	122.5343137254902
crlqas/COBYLA	1.41	last_action	RX(q=3)	1	6	152	49994	0.16666666666666666	0.003040364843781254	54.81798245614034
crlqas/COBYLA	1.41	last_action	RX(q=4)	1	6	7028	49994	0.16666666666666666	0.14057686922430693	1.1855909694555111
crlqas/COBYLA	1.41	last_action	CNOT(2->4)	1	6	53	49994	0.16666666666666666	0.001060127215265832	157.2138364779874
crlqas/COBYLA	1.41	last_action	CNOT(3->5)	1	6	54	49994	0.16666666666666666	0.0010801296155538665	154.30246913580245
crlqas/COBYLA	1.41	last_action	RY(q=0)	1	6	114	49994	0.16666666666666666	0.00228027363283594	73.0906432748538
crlqas/COBYLA	1.42	last_action	RY(q=3)	1	1	120	49999	1.0	0.002400048000960019	416.65833333333336
crlqas/COBYLA	1.43	last_action	CNOT(0->2)	1	1	58	49999	1.0	0.0011600232004640094	862.0517241379309
crlqas/COBYLA	1.44	last_action	RZ(q=1)	1	5	41	49995	0.2	0.0008200820082008201	243.8780487804878
crlqas/COBYLA	1.44	last_action	RY(q=5)	1	5	10396	49995	0.2	0.20794079407940794	0.9618122354751828
crlqas/COBYLA	1.44	last_action	RY(q=4)	2	5	6640	49995	0.4	0.1328132813281328	3.0117469879518075
crlqas/COBYLA	1.44	last_action	CNOT(2->0)	1	5	78	49995	0.2	0.0015601560156015602	128.19230769230768
crlqas/COBYLA	1.45	last_action	RX(q=4)	1	3	7028	49997	0.3333333333333333	0.14056843410604636	2.371324226901916
crlqas/COBYLA	1.45	last_action	RY(q=5)	1	3	10396	49997	0.3333333333333333	0.2079324759485569	1.6030845196870591
crlqas/COBYLA	1.45	last_action	CNOT(1->0)	1	3	63	49997	0.3333333333333333	0.0012600756045362722	264.5343915343915
crlqas/COBYLA	1.46	last_action	RY(q=0)	1	3	114	49997	0.3333333333333333	0.0022801368082084926	146.19005847953215
crlqas/COBYLA	1.46	last_action	RX(q=1)	1	3	90	49997	0.3333333333333333	0.0018001080064803888	185.17407407407407
crlqas/COBYLA	1.46	last_action	RY(q=2)	1	3	144	49997	0.3333333333333333	0.0028801728103686223	115.73379629629628
crlqas/COBYLA	1.47	last_action	RX(q=2)	1	3	157	49997	0.3333333333333333	0.003140188411304678	106.15074309978769
crlqas/COBYLA	1.47	last_action	CNOT(4->5)	1	3	7840	49997	0.3333333333333333	0.15680940856451386	2.1257227891156463
crlqas/COBYLA	1.47	last_action	CNOT(2->1)	1	3	65	49997	0.3333333333333333	0.0013000780046802808	256.3948717948718
crlqas/COBYLA	1.48	last_action	CNOT(5->2)	1	3	118	49997	0.3333333333333333	0.0023601416084965098	141.23446327683615
crlqas/COBYLA	1.48	last_action	CNOT(3->1)	1	3	62	49997	0.3333333333333333	0.001240074404464268	268.80107526881716
crlqas/COBYLA	1.48	last_action	RX(q=5)	1	3	9833	49997	0.3333333333333333	0.19667180030801848	1.6948710125766975
crlqas/COBYLA	1.49	last_action	CNOT(5->4)	1	4	4759	49996	0.25	0.09518761500920074	2.6263920991805
crlqas/COBYLA	1.49	last_action	CNOT(2->3)	1	4	74	49996	0.25	0.0014801184094727579	168.9054054054054
crlqas/COBYLA	1.49	last_action	RX(q=4)	1	4	7028	49996	0.25	0.14057124569965598	1.7784575981787136
crlqas/COBYLA	1.49	last_action	RY(q=3)	1	4	120	49996	0.25	0.002400192015361229	104.15833333333333
crlqas/COBYLA	1.50	last_action	CNOT(1->0)	1	1	63	49999	1.0	0.00126002520050401	793.6349206349207
crlqas/COBYLA	1.54	last_action	RY(q=5)	1	2	10396	49998	0.5	0.2079283171326853	2.4046748749519047
crlqas/COBYLA	1.54	last_action	CNOT(5->4)	1	2	4759	49998	0.5	0.09518380735229409	5.252994326539189
crlqas/COBYLA	1.55	last_action	CNOT(1->5)	1	1	38	49999	1.0	0.0007600152003040061	1315.7631578947369
crlqas/COBYLA	1.56	last_action	CNOT(4->5)	1	2	7840	49998	0.5	0.15680627225089003	3.188647959183674
crlqas/COBYLA	1.56	last_action	RY(q=5)	1	2	10396	49998	0.5	0.2079283171326853	2.4046748749519047
crlqas/COBYLA	1.57	last_action	RY(q=4)	1	1	6641	49999	1.0	0.13282265645312907	7.528836018671886
crlqas/COBYLA	1.58	last_action	CNOT(5->4)	1	3	4759	49997	0.3333333333333333	0.09518571114266856	3.501926174966729
crlqas/COBYLA	1.58	last_action	CNOT(0->2)	1	3	58	49997	0.3333333333333333	0.0011600696041762506	287.3390804597701
crlqas/COBYLA	1.58	last_action	RY(q=4)	1	3	6641	49997	0.3333333333333333	0.1328279696781807	2.5095116197359832
crlqas/COBYLA	1.59	last_action	RZ(q=3)	1	2	57	49998	0.5	0.001140045601824073	438.5789473684211
crlqas/COBYLA	1.59	last_action	RZ(q=0)	1	2	42	49998	0.5	0.0008400336013440538	595.2142857142857
crlqas/COBYLA	failure	last_action	CNOT(2->3)	33	1558	42	48442	0.021181001283697046	0.0008670162255893646	24.429763432972674
crlqas/COBYLA	failure	last_action	CNOT(5->1)	35	1558	80	48442	0.022464698331193838	0.0016514594773130754	13.602936456996149
crlqas/COBYLA	failure	last_action	CNOT(4->2)	28	1558	78	48442	0.01797175866495507	0.0016101729903802485	11.161383759586585
crlqas/COBYLA	failure	last_action	RX(q=3)	31	1558	122	48442	0.01989730423620026	0.00251847570290244	7.900534523032893
crlqas/COBYLA	failure	last_action	RY(q=2)	34	1558	111	48442	0.021822849807445442	0.0022914000247718923	9.523806219570018
crlqas/COBYLA	failure	last_action	CNOT(3->1)	35	1558	28	48442	0.022464698331193838	0.0005780108170595764	38.865532734274716
crlqas/COBYLA	failure	last_action	RZ(q=1)	22	1558	20	48442	0.014120667522464698	0.00041286486932826886	34.20166880616175
crlqas/COBYLA	failure	last_action	CNOT(0->4)	19	1558	26	48442	0.012195121951219513	0.0005367243301267495	22.72138836772983
crlqas/COBYLA	failure	last_action	RY(q=0)	30	1558	85	48442	0.019255455712451863	0.0017546756946451427	10.97379747791286
crlqas/COBYLA	failure	last_action	CNOT(3->0)	36	1558	36	48442	0.023106546854942234	0.000743156764790884	31.09242618741977
crlqas/COBYLA	failure	last_action	RY(q=5)	60	1558	10337	48442	0.038510911424903725	0.21338920771231576	0.1804726295100306
crlqas/COBYLA	failure	last_action	CNOT(1->2)	19	1558	22	48442	0.012195121951219513	0.00045415135626109573	26.852549889135258
crlqas/COBYLA	failure	last_action	CNOT(1->3)	46	1558	23	48442	0.029525032092426188	0.0004747945997275092	62.18485237483954
crlqas/COBYLA	failure	last_action	CNOT(4->1)	22	1558	74	48442	0.014120667522464698	0.0015276000165145949	9.243694271935606
crlqas/COBYLA	failure	last_action	RZ(q=2)	31	1558	11	48442	0.01989730423620026	0.00022707567813054787	87.62411016454664
crlqas/COBYLA	failure	last_action	CNOT(2->1)	31	1558	35	48442	0.01989730423620026	0.0007225135213244705	27.539006051714654
crlqas/COBYLA	failure	last_action	CNOT(0->1)	28	1558	24	48442	0.01797175866495507	0.0004954378431939226	36.2744972186564
crlqas/COBYLA	failure	last_action	CNOT(2->0)	38	1558	41	48442	0.024390243902439025	0.0008463729821229512	28.817370612730517
crlqas/COBYLA	failure	last_action	CNOT(3->5)	28	1558	27	48442	0.01797175866495507	0.000557367573593163	32.243997527694575
crlqas/COBYLA	failure	last_action	RZ(q=3)	41	1558	17	48442	0.02631578947368421	0.0003509351389290285	74.9876160990712
crlqas/COBYLA	failure	last_action	CNOT(4->0)	29	1558	107	48442	0.018613607188703467	0.0022088270509062384	8.426919247057695
crlqas/COBYLA	failure	last_action	RY(q=3)	36	1558	85	48442	0.023106546854942234	0.0017546756946451427	13.168556973495432
crlqas/COBYLA	failure	last_action	CNOT(5->3)	35	1558	80	48442	0.022464698331193838	0.0016514594773130754	13.602936456996149
crlqas/COBYLA	failure	last_action	CNOT(2->4)	23	1558	31	48442	0.014762516046213094	0.0006399405474588168	23.068574268085634
crlqas/COBYLA	failure	last_action	CNOT(5->0)	40	1558	107	48442	0.025673940949935817	0.0022088270509062384	11.623336892493372
crlqas/COBYLA	failure	last_action	CNOT(2->5)	20	1558	23	48442	0.012836970474967908	0.0004747945997275092	27.036892336886755
crlqas/COBYLA	failure	last_action	RX(q=2)	36	1558	122	48442	0.023106546854942234	0.00251847570290244	9.174814284812392
crlqas/COBYLA	failure	last_action	RY(q=1)	22	1558	127	48442	0.014120667522464698	0.0026216919202345073	5.386089575773503
crlqas/COBYLA	failure	last_action	CNOT(0->5)	31	1558	24	48442	0.01989730423620026	0.0004954378431939226	40.161050492083874
crlqas/COBYLA	failure	last_action	RY(q=4)	65	1558	6577	48442	0.0417201540436457	0.1357706122786012	0.30728412683324996
crlqas/COBYLA	failure	last_action	RX(q=4)	38	1558	6991	48442	0.024390243902439025	0.14431691507369637	0.16900474826519116
crlqas/COBYLA	failure	last_action	CNOT(1->5)	20	1558	19	48442	0.012836970474967908	0.0003922216258618554	32.72886967096818
crlqas/COBYLA	failure	last_action	CNOT(5->4)	38	1558	4722	48442	0.024390243902439025	0.09747739564840428	0.25021435728969743
crlqas/COBYLA	failure	last_action	RX(q=1)	26	1558	65	48442	0.01668806161745828	0.0013418108253168738	12.436970474967907
crlqas/COBYLA	failure	last_action	RX(q=5)	44	1558	9790	48442	0.028241335044929396	0.2020973535361876	0.13974124129177423
crlqas/COBYLA	failure	last_action	CNOT(3->2)	32	1558	29	48442	0.02053915275994865	0.0005986540605259898	34.308884068876985
crlqas/COBYLA	failure	last_action	RZ(q=0)	28	1558	15	48442	0.01797175866495507	0.00030964865199620164	58.039195549850234
crlqas/COBYLA	failure	last_action	CNOT(1->0)	28	1558	36	48442	0.01797175866495507	0.000743156764790884	24.18299814577093
crlqas/COBYLA	failure	last_action	CNOT(3->4)	37	1558	25	48442	0.02374839537869063	0.0005160810866603361	46.01679075738126
crlqas/COBYLA	failure	last_action	CNOT(4->5)	32	1558	7809	48442	0.02053915275994865	0.16120308822922258	0.1274116580864941
crlqas/COBYLA	failure	last_action	RX(q=0)	29	1558	118	48442	0.018613607188703467	0.0024359027290367864	7.64135897826418
crlqas/COBYLA	failure	last_action	CNOT(4->3)	28	1558	83	48442	0.01797175866495507	0.0017133892077123157	10.489011243948838
crlqas/COBYLA	failure	last_action	RZ(q=4)	30	1558	21	48442	0.019255455712451863	0.0004335081127946823	44.41775169631396
crlqas/COBYLA	failure	last_action	CNOT(5->2)	36	1558	83	48442	0.023106546854942234	0.0017133892077123157	13.485871599362792
crlqas/COBYLA	failure	last_action	CNOT(0->2)	29	1558	30	48442	0.018613607188703467	0.0006192973039924033	30.056011981172446
crlqas/COBYLA	failure	last_action	CNOT(1->4)	36	1558	34	48442	0.023106546854942234	0.000701870277858057	32.92139243373858
crlqas/COBYLA	failure	last_action	CNOT(0->3)	29	1558	33	48442	0.018613607188703467	0.0006812270343916436	27.323647255611316
crlqas/COBYLA	failure	last_action	RZ(q=5)	34	1558	17	48442	0.021822849807445442	0.0003509351389290285	62.18485237483954
crlqas/Rotosolve	0.27	last_action	RX(q=5)	1	1	6100	49999	1.0	0.12200244004880098	8.19655737704918
crlqas/Rotosolve	0.55	last_action	CNOT(2->5)	55	47132	56	2868	0.0011669354154290078	0.019525801952580194	0.059763763775899904
crlqas/Rotosolve	0.55	last_action	RX(q=4)	6932	47132	84	2868	0.1470762963591615	0.029288702928870293	5.021604975691371
crlqas/Rotosolve	0.55	last_action	RY(q=5)	7721	47132	60	2868	0.16381651531867944	0.02092050209205021	7.830429432232878
crlqas/Rotosolve	0.55	last_action	CNOT(4->5)	6472	47132	54	2868	0.13731647288466434	0.01882845188284519	7.293030448763283
crlqas/Rotosolve	0.55	last_action	RY(q=1)	187	47132	54	2868	0.003967580412458627	0.01882845188284519	0.2107226041283582
crlqas/Rotosolve	0.55	last_action	CNOT(5->4)	8836	47132	62	2868	0.18747347874055842	0.021617852161785217	8.672160274643895
crlqas/Rotosolve	0.55	last_action	RZ(q=2)	73	47132	65	2868	0.0015488415513875923	0.022663877266387727	0.06833965491353253
crlqas/Rotosolve	0.55	last_action	CNOT(4->1)	87	47132	54	2868	0.001845879657133158	0.01882845188284519	0.09803671956773882
crlqas/Rotosolve	0.55	last_action	CNOT(4->2)	107	47132	65	2868	0.0022702198081982518	0.022663877266387727	0.1001690832294244
crlqas/Rotosolve	0.55	last_action	RZ(q=4)	105	47132	46	2868	0.0022277857930917424	0.01603905160390516	0.13889760118667646
crlqas/Rotosolve	0.55	last_action	RY(q=4)	7726	47132	76	2868	0.16392260035644574	0.026499302649930265	6.185921287135347
crlqas/Rotosolve	0.55	last_action	RX(q=5)	6036	47132	65	2868	0.12806585759144531	0.022663877266387727	5.650659685727156
crlqas/Rotosolve	0.55	last_action	CNOT(0->2)	56	47132	47	2868	0.0011881524229822625	0.016387726638772665	0.07250257764070486
crlqas/Rotosolve	0.55	last_action	CNOT(0->3)	47	47132	55	2868	0.0009971993550029704	0.019177126917712693	0.051999413639063984
crlqas/Rotosolve	0.55	last_action	CNOT(3->0)	66	47132	57	2868	0.0014003224985148096	0.0198744769874477	0.07045833203053463
crlqas/Rotosolve	0.55	last_action	RY(q=0)	141	47132	78	2868	0.0029915980650089113	0.027196652719665274	0.10999875962109688
crlqas/Rotosolve	0.55	last_action	RY(q=3)	174	47132	65	2868	0.003691759314266316	0.022663877266387727	0.16289178020485837
crlqas/Rotosolve	0.55	last_action	CNOT(4->0)	80	47132	74	2868	0.0016973606042603752	0.02580195258019526	0.06578419206782103
crlqas/Rotosolve	0.55	last_action	RX(q=0)	133	47132	49	2868	0.0028218620045828736	0.01708507670850767	0.16516531079885066
crlqas/Rotosolve	0.55	last_action	CNOT(3->1)	34	47132	45	2868	0.0007213782568106594	0.015690376569037656	0.045975840900732694
crlqas/Rotosolve	0.55	last_action	CNOT(3->5)	58	47132	77	2868	0.001230586438088772	0.02684797768479777	0.04583534940829348
crlqas/Rotosolve	0.55	last_action	CNOT(1->0)	46	47132	60	2868	0.0009759823474497157	0.02092050209205021	0.046651956208096416
crlqas/Rotosolve	0.55	last_action	RY(q=2)	142	47132	73	2868	0.0030128150725621658	0.025453277545327755	0.11836648805627796
crlqas/Rotosolve	0.55	last_action	CNOT(2->0)	59	47132	53	2868	0.0012518034456420267	0.018479776847977684	0.06773909966228929
crlqas/Rotosolve	0.55	last_action	RZ(q=3)	74	47132	67	2868	0.001570058558940847	0.023361227336122732	0.06720787980660223
crlqas/Rotosolve	0.55	last_action	CNOT(5->1)	92	47132	48	2868	0.0019519646948994314	0.016736401673640166	0.11662989052024104
crlqas/Rotosolve	0.55	last_action	RX(q=3)	112	47132	70	2868	0.002376304845964525	0.024407252440725245	0.09736060426037511
crlqas/Rotosolve	0.55	last_action	RX(q=2)	121	47132	58	2868	0.002567257913943817	0.020223152022315203	0.12694647753777358
crlqas/Rotosolve	0.55	last_action	CNOT(4->3)	93	47132	61	2868	0.001973181702452686	0.021269177126917713	0.09277188725630005
crlqas/Rotosolve	0.55	last_action	CNOT(0->5)	73	47132	69	2868	0.0015488415513875923	0.02405857740585774	0.06437793578811035
crlqas/Rotosolve	0.55	last_action	RZ(q=5)	64	47132	50	2868	0.0013578884834083002	0.017433751743375175	0.0778884834083001
crlqas/Rotosolve	0.55	last_action	CNOT(1->5)	41	47132	45	2868	0.0008698973096834422	0.015690376569037656	0.05544145520382472
crlqas/Rotosolve	0.55	last_action	CNOT(3->4)	63	47132	61	2868	0.0013366714758550455	0.021269177126917713	0.0628454720123323
crlqas/Rotosolve	0.55	last_action	CNOT(3->2)	41	47132	46	2868	0.0008698973096834422	0.01603905160390516	0.054236206177654615
crlqas/Rotosolve	0.55	last_action	RX(q=1)	139	47132	61	2868	0.002949164049902402	0.021269177126917713	0.13865905729705064
crlqas/Rotosolve	0.55	last_action	CNOT(5->3)	80	47132	45	2868	0.0016973606042603752	0.015690376569037656	0.10817844917819458
crlqas/Rotosolve	0.55	last_action	CNOT(1->4)	72	47132	61	2868	0.0015276245438343376	0.021269177126917713	0.07182339658552263
crlqas/Rotosolve	0.55	last_action	RZ(q=1)	67	47132	58	2868	0.001421539506068064	0.020223152022315203	0.0702926776448829
crlqas/Rotosolve	0.55	last_action	CNOT(0->1)	47	47132	64	2868	0.0009971993550029704	0.022315202231520222	0.044686996096070616
crlqas/Rotosolve	0.55	last_action	CNOT(1->2)	65	47132	58	2868	0.0013791054909615549	0.020223152022315203	0.06819438875996102
crlqas/Rotosolve	0.55	last_action	CNOT(1->3)	61	47132	58	2868	0.001294237460748536	0.020223152022315203	0.06399781099011727
crlqas/Rotosolve	0.55	last_action	CNOT(2->3)	34	47132	66	2868	0.0007213782568106594	0.02301255230125523	0.03134716425049956
crlqas/Rotosolve	0.55	last_action	CNOT(0->4)	72	47132	55	2868	0.0015276245438343376	0.019177126917712693	0.07965867621303419
crlqas/Rotosolve	0.55	last_action	CNOT(2->1)	59	47132	61	2868	0.0012518034456420267	0.021269177126917713	0.058855283313136594
crlqas/Rotosolve	0.55	last_action	RZ(q=0)	83	47132	48	2868	0.0017610116269201391	0.016736401673640166	0.10522044470847831
crlqas/Rotosolve	0.55	last_action	CNOT(5->2)	83	47132	49	2868	0.0017610116269201391	0.01708507670850767	0.10307308869401957
crlqas/Rotosolve	0.55	last_action	CNOT(5->0)	66	47132	73	2868	0.0014003224985148096	0.025453277545327755	0.05501540994165033
crlqas/Rotosolve	0.55	last_action	CNOT(2->4)	57	47132	62	2868	0.0012093694305355172	0.021617852161785217	0.055943089141546186
crlqas/Rotosolve	0.56	last_action	RX(q=3)	1	32	181	49968	0.03125	0.003622318283701569	8.62707182320442
crlqas/Rotosolve	0.56	last_action	RY(q=0)	1	32	218	49968	0.03125	0.0043627921869996795	7.162844036697249
crlqas/Rotosolve	0.56	last_action	CNOT(0->3)	1	32	101	49968	0.03125	0.00202129362792187	15.460396039603962
crlqas/Rotosolve	0.56	last_action	CNOT(0->4)	2	32	125	49968	0.0625	0.0025016010246557796	24.984
crlqas/Rotosolve	0.56	last_action	CNOT(5->0)	2	32	137	49968	0.0625	0.0027417547230227345	22.795620437956206
crlqas/Rotosolve	0.56	last_action	RX(q=0)	2	32	180	49968	0.0625	0.0036023054755043226	17.35
crlqas/Rotosolve	0.56	last_action	CNOT(5->3)	3	32	122	49968	0.09375	0.002441562600064041	38.39754098360656
crlqas/Rotosolve	0.56	last_action	CNOT(4->5)	2	32	6524	49968	0.0625	0.13056356067883446	0.4786940527283875
crlqas/Rotosolve	0.56	last_action	CNOT(5->1)	1	32	139	49968	0.03125	0.002781780339417227	11.233812949640287
crlqas/Rotosolve	0.56	last_action	CNOT(2->4)	1	32	118	49968	0.03125	0.002361511367275056	13.233050847457628
crlqas/Rotosolve	0.56	last_action	RX(q=4)	2	32	7014	49968	0.0625	0.1403698366954851	0.44525235243798117
crlqas/Rotosolve	0.56	last_action	CNOT(5->4)	1	32	8897	49968	0.03125	0.17805395453089978	0.17550859840395638
crlqas/Rotosolve	0.56	last_action	CNOT(5->2)	1	32	131	49968	0.03125	0.0026216778738392572	11.919847328244275
crlqas/Rotosolve	0.56	last_action	CNOT(1->4)	3	32	130	49968	0.09375	0.002601665065642011	36.034615384615385
crlqas/Rotosolve	0.56	last_action	CNOT(3->4)	1	32	123	49968	0.03125	0.0024615754082612873	12.695121951219512
crlqas/Rotosolve	0.56	last_action	RY(q=3)	1	32	238	49968	0.03125	0.004763048350944605	6.560924369747899
crlqas/Rotosolve	0.56	last_action	CNOT(3->5)	1	32	134	49968	0.03125	0.002681716298430996	11.652985074626866
crlqas/Rotosolve	0.56	last_action	CNOT(4->1)	1	32	140	49968	0.03125	0.002801793147614473	11.153571428571428
crlqas/Rotosolve	0.56	last_action	CNOT(2->3)	1	32	99	49968	0.03125	0.0019812680115273776	15.772727272727272
crlqas/Rotosolve	0.56	last_action	CNOT(4->2)	1	32	171	49968	0.03125	0.003422190201729107	9.131578947368421
crlqas/Rotosolve	0.56	last_action	CNOT(4->0)	1	32	153	49968	0.03125	0.0030619596541786743	10.205882352941178
crlqas/Rotosolve	0.56	last_action	RZ(q=2)	1	32	137	49968	0.03125	0.0027417547230227345	11.397810218978103
crlqas/Rotosolve	0.56	last_action	RY(q=1)	1	32	240	49968	0.03125	0.004803073967339097	6.50625
crlqas/Rotosolve	0.57	last_action	RZ(q=3)	1	6	140	49994	0.16666666666666666	0.002800336040324839	59.516666666666666
crlqas/Rotosolve	0.57	last_action	RX(q=4)	1	6	7015	49994	0.16666666666666666	0.14031683802056247	1.1877880731765265
crlqas/Rotosolve	0.57	last_action	CNOT(5->4)	1	6	8897	49994	0.16666666666666666	0.17796135536264351	0.9365329137162339
crlqas/Rotosolve	0.57	last_action	RX(q=2)	1	6	178	49994	0.16666666666666666	0.0035604272512701524	46.81086142322097
crlqas/Rotosolve	0.57	last_action	RY(q=1)	1	6	240	49994	0.16666666666666666	0.004800576069128295	34.71805555555556
crlqas/Rotosolve	0.57	last_action	RX(q=3)	1	6	181	49994	0.16666666666666666	0.0036204344521342563	46.03499079189687
crlqas/Rotosolve	0.58	last_action	CNOT(5->2)	1	2	131	49998	0.5	0.0026201048041921676	190.8320610687023
crlqas/Rotosolve	0.58	last_action	RX(q=0)	1	2	181	49998	0.5	0.0036201448057922316	138.11602209944752
crlqas/Rotosolve	0.59	last_action	RY(q=2)	1	1	214	49999	1.0	0.004280085601712034	233.64018691588788
crlqas/Rotosolve	0.60	last_action	CNOT(3->5)	1	1	134	49999	1.0	0.0026800536010720215	373.1268656716418
crlqas/Rotosolve	0.61	last_action	CNOT(0->3)	1	2	101	49998	0.5	0.0020200808032321293	247.5148514851485
crlqas/Rotosolve	0.61	last_action	RX(q=4)	1	2	7015	49998	0.5	0.14030561222448898	3.563649322879544
crlqas/Rotosolve	0.62	last_action	CNOT(4->1)	1	1	140	49999	1.0	0.0028000560011200225	357.1357142857143
crlqas/Rotosolve	0.63	last_action	CNOT(3->5)	1	3	134	49997	0.3333333333333333	0.002680160809648579	124.37064676616914
crlqas/Rotosolve	0.63	last_action	RY(q=4)	1	3	7801	49997	0.3333333333333333	0.1560293617617057	2.1363500405930864
crlqas/Rotosolve	0.63	last_action	CNOT(4->2)	1	3	171	49997	0.3333333333333333	0.003420205212312739	97.46003898635476
crlqas/Rotosolve	0.64	last_action	RZ(q=3)	1	1	140	49999	1.0	0.0028000560011200225	357.1357142857143
crlqas/Rotosolve	0.65	last_action	CNOT(4->5)	1	1	6525	49999	1.0	0.13050261005220104	7.662681992337165
crlqas/Rotosolve	0.66	last_action	RZ(q=2)	1	1	137	49999	1.0	0.002740054801096022	364.95620437956205
crlqas/Rotosolve	0.67	last_action	RX(q=5)	1	1	6100	49999	1.0	0.12200244004880098	8.19655737704918
crlqas/Rotosolve	0.69	last_action	RX(q=5)	1	1	6100	49999	1.0	0.12200244004880098	8.19655737704918
crlqas/Rotosolve	0.74	last_action	RY(q=4)	1	2	7801	49998	0.5	0.156026241049642	3.204589155236508
crlqas/Rotosolve	0.74	last_action	RZ(q=0)	1	2	130	49998	0.5	0.0026001040041601664	192.3
crlqas/Rotosolve	0.77	last_action	CNOT(0->4)	1	1	126	49999	1.0	0.00252005040100802	396.81746031746036
crlqas/Rotosolve	0.78	last_action	CNOT(1->5)	1	2	85	49998	0.5	0.0017000680027201088	294.1058823529412
crlqas/Rotosolve	0.78	last_action	CNOT(3->1)	1	2	78	49998	0.5	0.0015600624024961	320.5
crlqas/Rotosolve	0.81	last_action	CNOT(0->4)	1	3	126	49997	0.3333333333333333	0.0025201512090725444	132.26719576719574
crlqas/Rotosolve	0.81	last_action	CNOT(5->1)	1	3	139	49997	0.3333333333333333	0.0027801668100086007	119.89688249400479
crlqas/Rotosolve	0.81	last_action	RX(q=5)	1	3	6100	49997	0.3333333333333333	0.12200732043922635	2.7320765027322405
crlqas/Rotosolve	0.82	last_action	CNOT(4->1)	1	3	140	49997	0.3333333333333333	0.0028001680100806048	119.04047619047618
crlqas/Rotosolve	0.82	last_action	RZ(q=3)	1	3	140	49997	0.3333333333333333	0.0028001680100806048	119.04047619047618
crlqas/Rotosolve	0.82	last_action	RX(q=2)	1	3	178	49997	0.3333333333333333	0.003560213612816769	93.62734082397003
crlqas/Rotosolve	0.85	last_action	CNOT(0->2)	1	1	102	49999	1.0	0.0020400408008160163	490.1862745098039
crlqas/Rotosolve	0.88	last_action	CNOT(4->3)	1	1	153	49999	1.0	0.0030600612012240246	326.7908496732026
crlqas/Rotosolve	1.00	last_action	CNOT(3->2)	1	1	86	49999	1.0	0.0017200344006880139	581.3837209302325
crlqas/Rotosolve	1.19	last_action	RY(q=1)	1	1	240	49999	1.0	0.004800096001920038	208.32916666666668
crlqas/Rotosolve	1.30	last_action	RY(q=0)	1	1	218	49999	1.0	0.004360087201744035	229.35321100917432
crlqas/Rotosolve	1.31	last_action	CNOT(5->4)	3	15	8895	49985	0.2	0.17795338601580474	1.1238898257448005
crlqas/Rotosolve	1.31	last_action	CNOT(0->5)	1	15	141	49985	0.06666666666666667	0.002820846253876163	23.63356973995272
crlqas/Rotosolve	1.31	last_action	CNOT(4->5)	1	15	6525	49985	0.06666666666666667	0.13053916174852456	0.5107024265644955
crlqas/Rotosolve	1.31	last_action	RX(q=5)	2	15	6099	49985	0.13333333333333333	0.12201660498149444	1.0927474449363284
crlqas/Rotosolve	1.31	last_action	CNOT(2->5)	1	15	110	49985	0.06666666666666667	0.002200660198059418	30.293939393939393
crlqas/Rotosolve	1.31	last_action	CNOT(3->2)	1	15	86	49985	0.06666666666666667	0.0017205161548464539	38.748062015503876
crlqas/Rotosolve	1.31	last_action	RY(q=0)	2	15	217	49985	0.13333333333333333	0.0043413023907172155	30.71274961597542
crlqas/Rotosolve	1.31	last_action	CNOT(4->0)	1	15	153	49985	0.06666666666666667	0.0030609182754826447	21.77995642701525
crlqas/Rotosolve	1.31	last_action	RY(q=3)	1	15	238	49985	0.06666666666666667	0.004761428428528559	14.001400560224088
crlqas/Rotosolve	1.31	last_action	RX(q=2)	1	15	178	49985	0.06666666666666667	0.003561068320496149	18.720973782771534
crlqas/Rotosolve	1.31	last_action	CNOT(1->4)	1	15	132	49985	0.06666666666666667	0.0026407922376713014	25.244949494949495
crlqas/Rotosolve	1.38	last_action	CNOT(5->4)	1	1	8897	49999	1.0	0.17794355887117744	5.619759469484095
crlqas/Rotosolve	1.41	last_action	CNOT(5->3)	3	19	122	49981	0.15789473684210525	0.0024409275524699386	64.68636755823985
crlqas/Rotosolve	1.41	last_action	CNOT(4->0)	1	19	153	49981	0.05263157894736842	0.003061163242031972	17.193326453388373
crlqas/Rotosolve	1.41	last_action	CNOT(5->1)	2	19	138	49981	0.10526315789473684	0.0027610491986955043	38.124332570556824
crlqas/Rotosolve	1.41	last_action	CNOT(4->5)	3	19	6523	49981	0.15789473684210525	0.13050959364558531	1.209832414855935
crlqas/Rotosolve	1.41	last_action	CNOT(4->3)	1	19	153	49981	0.05263157894736842	0.003061163242031972	17.193326453388373
crlqas/Rotosolve	1.41	last_action	CNOT(4->1)	2	19	139	49981	0.10526315789473684	0.002781056801584602	37.85005679666793
crlqas/Rotosolve	1.41	last_action	CNOT(5->4)	3	19	8895	49981	0.15789473684210525	0.17796762769852545	0.8872104375610188
crlqas/Rotosolve	1.41	last_action	CNOT(5->2)	1	19	131	49981	0.05263157894736842	0.0026209959784718193	20.08075532342306
crlqas/Rotosolve	1.41	last_action	CNOT(5->0)	1	19	138	49981	0.05263157894736842	0.0027610491986955043	19.062166285278412
crlqas/Rotosolve	1.41	last_action	CNOT(4->2)	2	19	170	49981	0.10526315789473684	0.0034012924911466357	30.94798761609907
crlqas/Rotosolve	1.48	last_action	CNOT(4->2)	1	1	171	49999	1.0	0.0034200684013680274	292.39181286549706
crlqas/Rotosolve	failure	last_action	CNOT(2->3)	65	2762	35	47238	0.023533671252715424	0.0007409289131631313	31.76238750387918
crlqas/Rotosolve	failure	last_action	CNOT(5->1)	44	2762	96	47238	0.015930485155684286	0.0020322621618188747	7.8387943519188985
crlqas/Rotosolve	failure	last_action	CNOT(4->2)	60	2762	112	47238	0.02172338884866039	0.0023709725221220204	9.162227164580532
crlqas/Rotosolve	failure	last_action	RX(q=3)	68	2762	114	47238	0.024619840695148443	0.002413311317159914	10.201684515415982
crlqas/Rotosolve	failure	last_action	RY(q=2)	72	2762	143	47238	0.02606806661839247	0.0030272238452093655	8.611212104333031
crlqas/Rotosolve	failure	last_action	CNOT(3->1)	44	2762	35	47238	0.015930485155684286	0.0007409289131631313	21.50069307954898
crlqas/Rotosolve	failure	last_action	CNOT(1->3)	58	2762	61	47238	0.020999275887038378	0.0012913332486557433	16.261701546752768
crlqas/Rotosolve	failure	last_action	CNOT(1->0)	60	2762	46	47238	0.02172338884866039	0.0009737922858715441	22.308031357239557
crlqas/Rotosolve	failure	last_action	CNOT(5->2)	46	2762	86	47238	0.0166545981173063	0.0018205681866294086	9.148022161224592
crlqas/Rotosolve	failure	last_action	RX(q=5)	59	2762	6042	47238	0.021361332367849383	0.1279054998094754	0.16700870877068344
crlqas/Rotosolve	failure	last_action	CNOT(4->5)	47	2762	6479	47238	0.017016654598117305	0.1371565265252551	0.12406740699272499
crlqas/Rotosolve	failure	last_action	RZ(q=5)	50	2762	64	47238	0.018102824040550327	0.001354841441212583	13.361581281679943
crlqas/Rotosolve	failure	last_action	RX(q=0)	46	2762	136	47238	0.0166545981173063	0.002879038062576739	5.784778719597905
crlqas/Rotosolve	failure	last_action	CNOT(0->5)	68	2762	74	47238	0.024619840695148443	0.001566535416402049	15.716108577803002
crlqas/Rotosolve	failure	last_action	RZ(q=0)	47	2762	84	47238	0.017016654598117305	0.0017782293915915154	9.56943726078411
crlqas/Rotosolve	failure	last_action	CNOT(3->2)	44	2762	43	47238	0.015930485155684286	0.0009102840933147043	17.500564134516612
crlqas/Rotosolve	failure	last_action	CNOT(3->4)	60	2762	64	47238	0.02172338884866039	0.001354841441212583	16.033897538015932
crlqas/Rotosolve	failure	last_action	CNOT(1->5)	44	2762	42	47238	0.015930485155684286	0.0008891146957957577	17.917244232957483
crlqas/Rotosolve	failure	last_action	CNOT(0->4)	51	2762	76	47238	0.018464880521361332	0.0016088742114399423	11.476895079842983
crlqas/Rotosolve	failure	last_action	RY(q=4)	74	2762	7728	47238	0.026792179580014484	0.16359710402641942	0.16376927782100467
crlqas/Rotosolve	failure	last_action	RY(q=5)	60	2762	7721	47238	0.02172338884866039	0.1634489182437868	0.1329062870655381
crlqas/Rotosolve	failure	last_action	CNOT(3->0)	57	2762	66	47238	0.020637219406227373	0.0013971802362504762	14.770620762293465
crlqas/Rotosolve	failure	last_action	CNOT(4->1)	49	2762	92	47238	0.01774076755973932	0.0019475845717430882	9.109112804206152
crlqas/Rotosolve	failure	last_action	CNOT(0->2)	46	2762	57	47238	0.0166545981173063	0.001206655658579957	13.802279050268684
crlqas/Rotosolve	failure	last_action	CNOT(2->0)	53	2762	59	47238	0.019188993482983346	0.0012489944536178501	15.363553799138428
crlqas/Rotosolve	failure	last_action	RX(q=4)	80	2762	6936	47238	0.02896451846488052	0.14683094119141368	0.1972644064654017
crlqas/Rotosolve	failure	last_action	RX(q=2)	55	2762	124	47238	0.01991310644460536	0.0026250052923493796	7.5859300179860325
crlqas/Rotosolve	failure	last_action	CNOT(1->2)	58	2762	65	47238	0.020999275887038378	0.0013760108387315298	15.260981451567982
crlqas/Rotosolve	failure	last_action	CNOT(5->0)	70	2762	69	47238	0.025343953656770456	0.0014606884288073162	17.350691055630765
crlqas/Rotosolve	failure	last_action	CNOT(5->3)	39	2762	86	47238	0.014120202751629254	0.0018205681866294086	7.755931832342589
crlqas/Rotosolve	failure	last_action	CNOT(2->5)	55	2762	56	47238	0.01991310644460536	0.0011854862610610102	16.797416468397643
crlqas/Rotosolve	failure	last_action	RZ(q=3)	64	2762	77	47238	0.023171614771904415	0.001630043608958889	14.2153342674704
crlqas/Rotosolve	failure	last_action	RY(q=1)	51	2762	190	47238	0.018464880521361332	0.004022185528599856	4.590758031937193
crlqas/Rotosolve	failure	last_action	RY(q=3)	63	2762	176	47238	0.02280955829109341	0.0037258139633346036	6.122033605424265
crlqas/Rotosolve	failure	last_action	CNOT(2->1)	61	2762	59	47238	0.022085445329471397	0.0012489944536178501	17.682580787687623
crlqas/Rotosolve	failure	last_action	CNOT(4->0)	71	2762	83	47238	0.02570601013758146	0.0017570599940725687	14.630126588904496
crlqas/Rotosolve	failure	last_action	RZ(q=1)	58	2762	67	47238	0.020999275887038378	0.001418349633769423	14.80542976644655
crlqas/Rotosolve	failure	last_action	RY(q=0)	74	2762	145	47238	0.026792179580014484	0.0030695626402472585	8.728337786211892
crlqas/Rotosolve	failure	last_action	CNOT(3->5)	74	2762	61	47238	0.026792179580014484	0.0012913332486557433	20.74768818033974
crlqas/Rotosolve	failure	last_action	CNOT(5->4)	53	2762	8845	47238	0.019188993482983346	0.18724332105508276	0.10248159119832305
crlqas/Rotosolve	failure	last_action	RX(q=1)	61	2762	139	47238	0.022085445329471397	0.002942546255133579	7.505555873910574
crlqas/Rotosolve	failure	last_action	CNOT(4->3)	59	2762	95	47238	0.021361332367849383	0.002011092764299928	10.621753877815465
crlqas/Rotosolve	failure	last_action	RZ(q=2)	63	2762	75	47238	0.02280955829109341	0.0015877048139209958	14.366372194062274
crlqas/Rotosolve	failure	last_action	RZ(q=4)	46	2762	105	47238	0.0166545981173063	0.0022227867394893942	7.492665770145857
crlqas/Rotosolve	failure	last_action	CNOT(1->4)	57	2762	76	47238	0.020637219406227373	0.0016088742114399423	12.827118030412747
crlqas/Rotosolve	failure	last_action	CNOT(0->1)	64	2762	47	47238	0.023171614771904415	0.0009949616833904906	23.2889518850047
crlqas/Rotosolve	failure	last_action	CNOT(2->4)	61	2762	58	47238	0.022085445329471397	0.0012278250560989034	17.987452870233962
crlqas/Rotosolve	failure	last_action	CNOT(0->3)	53	2762	49	47238	0.019188993482983346	0.0010373004784283838	18.49897294181974
hyrlqas/COBYLA	0.27	last_action	CNOT(4->2)	1	2	112	49998	0.5	0.0022400896035841434	223.20535714285714
hyrlqas/COBYLA	0.27	last_action	RZ(q=5)	1	2	41	49998	0.5	0.0008200328013120525	609.7317073170732
hyrlqas/COBYLA	0.28	last_action	CNOT(4->0)	1	2	100	49998	0.5	0.002000080003200128	249.98999999999998
hyrlqas/COBYLA	0.28	last_action	RZ(q=1)	1	2	46	49998	0.5	0.0009200368014720589	543.4565217391304
hyrlqas/COBYLA	0.29	last_action	RX(q=2)	1	1	80	49999	1.0	0.0016000320006400127	624.9875000000001
hyrlqas/COBYLA	0.31	last_action	RY(q=4)	1	1	20551	49999	1.0	0.4110282205644113	2.432922972118145
hyrlqas/COBYLA	0.32	last_action	CNOT(5->4)	1	1	580	49999	1.0	0.011600232004640092	86.20517241379311
hyrlqas/COBYLA	0.33	last_action	RX(q=5)	1	1	1620	49999	1.0	0.03240064801296026	30.86358024691358
hyrlqas/COBYLA	0.38	last_action	RX(q=1)	1	1	92	49999	1.0	0.0018400368007360148	543.4673913043478
hyrlqas/COBYLA	0.40	last_action	RY(q=0)	1	1	91	49999	1.0	0.0018200364007280145	549.4395604395604
hyrlqas/COBYLA	0.43	last_action	RX(q=5)	1	1	1620	49999	1.0	0.03240064801296026	30.86358024691358
hyrlqas/COBYLA	0.44	last_action	RY(q=1)	1	1	94	49999	1.0	0.001880037600752015	531.904255319149
hyrlqas/COBYLA	0.45	last_action	CNOT(0->2)	1	1	61	49999	1.0	0.0012200244004880098	819.655737704918
hyrlqas/COBYLA	0.46	last_action	CNOT(5->4)	1	1	580	49999	1.0	0.011600232004640092	86.20517241379311
hyrlqas/COBYLA	0.55	last_action	CNOT(4->5)	531	46869	134	3131	0.011329450169621712	0.04279782816991377	0.2647202125454148
hyrlqas/COBYLA	0.55	last_action	RX(q=5)	1422	46869	199	3131	0.030339883505088653	0.06355796870009582	0.4773576645951385
hyrlqas/COBYLA	0.55	last_action	RX(q=4)	6312	46869	174	3131	0.13467323817448634	0.05557329926541041	2.4233443030133146
hyrlqas/COBYLA	0.55	last_action	RY(q=5)	17138	46869	198	3131	0.365657470822932	0.0632385819227084	5.782189601750505
hyrlqas/COBYLA	0.55	last_action	RY(q=4)	20385	46869	167	3131	0.434935671765986	0.0533375918236985	8.154392744307199
hyrlqas/COBYLA	0.55	last_action	CNOT(4->2)	47	46869	66	3131	0.0010027950244297936	0.021079527307569467	0.04757198820438915
hyrlqas/COBYLA	0.55	last_action	CNOT(5->4)	457	46869	124	3131	0.009750581407753527	0.039603960396039604	0.24620218054577656
hyrlqas/COBYLA	0.55	last_action	RY(q=1)	29	46869	66	3131	0.0006187458661375322	0.021079527307569467	0.029352928892069897
hyrlqas/COBYLA	0.55	last_action	CNOT(5->0)	34	46869	49	3131	0.0007254261878853826	0.01564995209198339	0.04635325294426802
hyrlqas/COBYLA	0.55	last_action	RX(q=3)	24	46869	65	3131	0.0005120655443896819	0.02076014053018205	0.02466580337667837
hyrlqas/COBYLA	0.55	last_action	CNOT(1->0)	9	46869	36	3131	0.00019202457914613071	0.011497923985946982	0.01670080436962598
hyrlqas/COBYLA	0.55	last_action	RY(q=2)	23	46869	65	3131	0.0004907294800401118	0.02076014053018205	0.02363806156931677
hyrlqas/COBYLA	0.55	last_action	RX(q=2)	13	46869	68	3131	0.000277368836544411	0.0217183008623443	0.01277120334147869
hyrlqas/COBYLA	0.55	last_action	CNOT(5->1)	29	46869	48	3131	0.0006187458661375322	0.015330565314595975	0.04036027722659612
hyrlqas/COBYLA	0.55	last_action	CNOT(4->3)	30	46869	43	3131	0.0006400819304871023	0.013733631427658896	0.046606895915235286
hyrlqas/COBYLA	0.55	last_action	CNOT(0->2)	11	46869	51	3131	0.00023469670784527087	0.016288725646758224	0.014408537103206729
hyrlqas/COBYLA	0.55	last_action	RY(q=3)	25	46869	69	3131	0.000533401608739252	0.022037687639731716	0.02420406430380577
hyrlqas/COBYLA	0.55	last_action	CNOT(0->3)	4	46869	34	3131	8.534425739828032e-05	0.01085915043117215	0.00785920205629458
hyrlqas/COBYLA	0.55	last_action	CNOT(2->3)	5	46869	46	3131	0.0001066803217478504	0.014691791759821143	0.007261219291141731
hyrlqas/COBYLA	0.55	last_action	CNOT(4->0)	34	46869	67	3131	0.0007254261878853826	0.021398914084956883	0.033900140212972135
hyrlqas/COBYLA	0.55	last_action	RY(q=0)	26	46869	66	3131	0.000554737673088822	0.021079527307569467	0.02631641900668336
hyrlqas/COBYLA	0.55	last_action	RX(q=0)	26	46869	66	3131	0.000554737673088822	0.021079527307569467	0.02631641900668336
hyrlqas/COBYLA	0.55	last_action	RX(q=1)	26	46869	67	3131	0.000554737673088822	0.021398914084956883	0.02592363663344928
hyrlqas/COBYLA	0.55	last_action	CNOT(2->0)	5	46869	54	3131	0.0001066803217478504	0.017246885978920472	0.006185483099861474
hyrlqas/COBYLA	0.55	last_action	CNOT(4->1)	28	46869	61	3131	0.0005974098017879622	0.019482593420632386	0.03066377195734606
hyrlqas/COBYLA	0.55	last_action	CNOT(3->0)	8	46869	38	3131	0.00017068851479656063	0.012136697540721815	0.014063835258632404
hyrlqas/COBYLA	0.55	last_action	CNOT(1->3)	11	46869	38	3131	0.00023469670784527087	0.012136697540721815	0.019337773480619554
hyrlqas/COBYLA	0.55	last_action	RZ(q=2)	6	46869	43	3131	0.00012801638609742048	0.013733631427658896	0.009321379183047058
hyrlqas/COBYLA	0.55	last_action	CNOT(5->3)	32	46869	54	3131	0.0006827540591862425	0.017246885978920472	0.039587091839113436
hyrlqas/COBYLA	0.55	last_action	CNOT(5->2)	38	46869	82	3131	0.000810770445283663	0.026189715745768127	0.030957588587599373
hyrlqas/COBYLA	0.55	last_action	CNOT(3->4)	6	46869	44	3131	0.00012801638609742048	0.01405301820504631	0.009109529656159627
hyrlqas/COBYLA	0.55	last_action	CNOT(2->5)	10	46869	46	3131	0.0002133606434957008	0.014691791759821143	0.014522438582283461
hyrlqas/COBYLA	0.55	last_action	CNOT(1->4)	9	46869	49	3131	0.00019202457914613071	0.01564995209198339	0.012269978720541537
hyrlqas/COBYLA	0.55	last_action	CNOT(1->5)	9	46869	50	3131	0.00019202457914613071	0.015969338869370808	0.012024579146130705
hyrlqas/COBYLA	0.55	last_action	RZ(q=1)	2	46869	45	3131	4.267212869914016e-05	0.014372404982433726	0.0029690318879335076
hyrlqas/COBYLA	0.55	last_action	CNOT(2->4)	7	46869	33	3131	0.00014935245044699056	0.010539763653784734	0.014170379465137195
hyrlqas/COBYLA	0.55	last_action	CNOT(3->1)	8	46869	46	3131	0.00017068851479656063	0.014691791759821143	0.01161795086582677
hyrlqas/COBYLA	0.55	last_action	RZ(q=3)	6	46869	55	3131	0.00012801638609742048	0.01756627275630789	0.0072876237249277
hyrlqas/COBYLA	0.55	last_action	RZ(q=0)	6	46869	38	3131	0.00012801638609742048	0.012136697540721815	0.010547876443974303
hyrlqas/COBYLA	0.55	last_action	CNOT(0->5)	2	46869	45	3131	4.267212869914016e-05	0.014372404982433726	0.0029690318879335076
hyrlqas/COBYLA	0.55	last_action	CNOT(3->2)	5	46869	49	3131	0.0001066803217478504	0.01564995209198339	0.006816654844745298
hyrlqas/COBYLA	0.55	last_action	CNOT(1->2)	5	46869	40	3131	0.0001066803217478504	0.012775471095496647	0.00835040218481299
hyrlqas/COBYLA	0.55	last_action	CNOT(3->5)	6	46869	41	3131	0.00012801638609742048	0.013094857872884063	0.00977608060661033
hyrlqas/COBYLA	0.55	last_action	CNOT(0->1)	5	46869	38	3131	0.0001066803217478504	0.012136697540721815	0.008789897036645252
hyrlqas/COBYLA	0.55	last_action	CNOT(2->1)	6	46869	41	3131	0.00012801638609742048	0.013094857872884063	0.00977608060661033
hyrlqas/COBYLA	0.55	last_action	CNOT(0->4)	6	46869	51	3131	0.00012801638609742048	0.016288725646758224	0.00785920205629458
hyrlqas/COBYLA	0.55	last_action	RZ(q=5)	1	46869	41	3131	2.133606434957008e-05	0.013094857872884063	0.0016293467677683882
hyrlqas/COBYLA	0.55	last_action	RZ(q=4)	2	46869	41	3131	4.267212869914016e-05	0.013094857872884063	0.0032586935355367764
hyrlqas/COBYLA	0.56	last_action	CNOT(3->1)	2	533	52	49467	0.00375234521575985	0.0010512058544079892	3.5695627074613943
hyrlqas/COBYLA	0.56	last_action	RY(q=4)	68	533	20484	49467	0.1275797373358349	0.41409424464794714	0.3080934810970389
hyrlqas/COBYLA	0.56	last_action	RX(q=4)	50	533	6436	49467	0.09380863039399624	0.13010693998018882	0.7210117339496289
hyrlqas/COBYLA	0.56	last_action	RX(q=5)	64	533	1557	49467	0.1200750469043152	0.03147552914063921	3.814869842784689
hyrlqas/COBYLA	0.56	last_action	RY(q=5)	57	533	17279	49467	0.10694183864915573	0.3493035761214547	0.30615729686080134
hyrlqas/COBYLA	0.56	last_action	RX(q=2)	10	533	71	49467	0.01876172607879925	0.0014353003012109082	13.071638083661444
hyrlqas/COBYLA	0.56	last_action	CNOT(4->5)	44	533	621	49467	0.0825515947467167	0.012553823761295409	6.575812781539186
hyrlqas/COBYLA	0.56	last_action	CNOT(3->5)	1	533	46	49467	0.001876172607879925	0.0009299128712070673	2.017578921608614
hyrlqas/COBYLA	0.56	last_action	CNOT(5->2)	14	533	106	49467	0.02626641651031895	0.002142842703216286	12.2577436369429
hyrlqas/COBYLA	0.56	last_action	CNOT(1->2)	1	533	44	49467	0.001876172607879925	0.00088948187680676	2.109287054409006
hyrlqas/COBYLA	0.56	last_action	CNOT(5->4)	36	533	545	49467	0.0675422138836773	0.011017445974083733	6.130478337952046
hyrlqas/COBYLA	0.56	last_action	RX(q=0)	10	533	82	49467	0.01876172607879925	0.0016576707704125983	11.318125657804421
hyrlqas/COBYLA	0.56	last_action	RY(q=2)	14	533	74	49467	0.02626641651031895	0.0014959467928113692	17.55838953399929
hyrlqas/COBYLA	0.56	last_action	RY(q=0)	7	533	85	49467	0.013133208255159476	0.0017183172620130593	7.643063679505573
hyrlqas/COBYLA	0.56	last_action	RX(q=1)	10	533	83	49467	0.01876172607879925	0.001677886267612752	11.181762698071838
hyrlqas/COBYLA	0.56	last_action	CNOT(4->0)	13	533	88	49467	0.024390243902439025	0.00177896375361352	13.710365853658537
hyrlqas/COBYLA	0.56	last_action	CNOT(1->5)	3	533	56	49467	0.005628517823639775	0.0011320678432086037	4.971890913964085
hyrlqas/COBYLA	0.56	last_action	RZ(q=1)	1	533	46	49467	0.001876172607879925	0.0009299128712070673	2.017578921608614
hyrlqas/COBYLA	0.56	last_action	CNOT(5->1)	9	533	68	49467	0.016885553470919325	0.0013746538096104475	12.283495199205385
hyrlqas/COBYLA	0.56	last_action	RY(q=3)	10	533	84	49467	0.01876172607879925	0.0016981017648129055	11.048646475475746
hyrlqas/COBYLA	0.56	last_action	CNOT(4->1)	8	533	81	49467	0.0150093808630394	0.0016374552732124448	9.166284483357654
hyrlqas/COBYLA	0.56	last_action	RX(q=3)	10	533	79	49467	0.01876172607879925	0.0015970242788121373	11.747927897974211
hyrlqas/COBYLA	0.56	last_action	CNOT(5->0)	6	533	77	49467	0.01125703564727955	0.00155659328441183	7.231841329402306
hyrlqas/COBYLA	0.56	last_action	CNOT(2->0)	4	533	55	49467	0.0075046904315197	0.0011118523460084502	6.749718574108817
hyrlqas/COBYLA	0.56	last_action	CNOT(0->2)	4	533	58	49467	0.0075046904315197	0.001172498837608911	6.400595199585949
hyrlqas/COBYLA	0.56	last_action	CNOT(3->0)	3	533	43	49467	0.005628517823639775	0.0008692663796066064	6.475020725162529
hyrlqas/COBYLA	0.56	last_action	CNOT(1->4)	3	533	55	49467	0.005628517823639775	0.0011118523460084502	5.062288930581613
hyrlqas/COBYLA	0.56	last_action	CNOT(5->3)	11	533	75	49467	0.020637898686679174	0.0015161622900115228	13.611932457786116
hyrlqas/COBYLA	0.56	last_action	RZ(q=2)	3	533	46	49467	0.005628517823639775	0.0009299128712070673	6.052736764825843
hyrlqas/COBYLA	0.56	last_action	CNOT(4->3)	2	533	71	49467	0.00375234521575985	0.0014353003012109082	2.6143276167322886
hyrlqas/COBYLA	0.56	last_action	CNOT(4->2)	10	533	103	49467	0.01876172607879925	0.002082196211615825	9.01054664019381
hyrlqas/COBYLA	0.56	last_action	RZ(q=5)	2	533	40	49467	0.00375234521575985	0.0008086198880061455	4.6404315196998125
hyrlqas/COBYLA	0.56	last_action	RY(q=1)	5	533	90	49467	0.009380863039399626	0.0018193947480138273	5.156035021888681
hyrlqas/COBYLA	0.56	last_action	CNOT(1->3)	2	533	47	49467	0.00375234521575985	0.000950128368407221	3.9493034210211166
hyrlqas/COBYLA	0.56	last_action	CNOT(2->1)	2	533	45	49467	0.00375234521575985	0.0009096973740069137	4.124828017510945
hyrlqas/COBYLA	0.56	last_action	CNOT(0->5)	5	533	42	49467	0.009380863039399626	0.0008490508824064528	11.048646475475746
hyrlqas/COBYLA	0.56	last_action	CNOT(2->3)	6	533	45	49467	0.01125703564727955	0.0009096973740069137	12.374484052532834
hyrlqas/COBYLA	0.56	last_action	CNOT(1->0)	4	533	41	49467	0.0075046904315197	0.0008288353852062991	9.054500526243537
hyrlqas/COBYLA	0.56	last_action	RZ(q=3)	6	533	55	49467	0.01125703564727955	0.0011118523460084502	10.124577861163226
hyrlqas/COBYLA	0.56	last_action	CNOT(0->4)	2	533	55	49467	0.00375234521575985	0.0011118523460084502	3.3748592870544085
hyrlqas/COBYLA	0.56	last_action	RZ(q=0)	2	533	42	49467	0.00375234521575985	0.0008490508824064528	4.419458590190297
hyrlqas/COBYLA	0.56	last_action	CNOT(0->1)	4	533	39	49467	0.0075046904315197	0.0007884043908059919	9.518833886563717
hyrlqas/COBYLA	0.56	last_action	RZ(q=4)	1	533	42	49467	0.001876172607879925	0.0008490508824064528	2.2097292950951486
hyrlqas/COBYLA	0.56	last_action	CNOT(2->4)	1	533	39	49467	0.001876172607879925	0.0007884043908059919	2.3797084716409294
hyrlqas/COBYLA	0.56	last_action	CNOT(2->5)	2	533	54	49467	0.00375234521575985	0.0010916368488082964	3.4373566812591205
hyrlqas/COBYLA	0.56	last_action	CNOT(0->3)	1	533	37	49467	0.001876172607879925	0.0007479733964056846	2.5083413619998987
hyrlqas/COBYLA	0.57	last_action	RX(q=5)	14	149	1607	49851	0.09395973154362416	0.03223606346913803	2.9147396248794077
hyrlqas/COBYLA	0.57	last_action	CNOT(4->5)	11	149	654	49851	0.0738255033557047	0.013119094902810375	5.627332060833693
hyrlqas/COBYLA	0.57	last_action	RY(q=5)	19	149	17317	49851	0.12751677852348994	0.347375178030531	0.3670866158211294
hyrlqas/COBYLA	0.57	last_action	CNOT(4->3)	1	149	72	49851	0.006711409395973154	0.0014443040259974724	4.646812080536913
hyrlqas/COBYLA	0.57	last_action	RX(q=4)	19	149	6467	49851	0.12751677852348994	0.12972658522396743	0.9829656604568574
hyrlqas/COBYLA	0.57	last_action	CNOT(5->4)	16	149	565	49851	0.10738255033557047	0.011333774648452389	9.474561976599157
hyrlqas/COBYLA	0.57	last_action	RY(q=0)	1	149	91	49851	0.006711409395973154	0.0018254398106356943	3.676598569216019
hyrlqas/COBYLA	0.57	last_action	RY(q=1)	4	149	91	49851	0.026845637583892617	0.0018254398106356943	14.706394276864076
hyrlqas/COBYLA	0.57	last_action	CNOT(1->2)	2	149	43	49851	0.013422818791946308	0.0008625704599707127	15.56141719993757
hyrlqas/COBYLA	0.57	last_action	RZ(q=5)	2	149	40	49851	0.013422818791946308	0.0008023911255541513	16.728523489932886
hyrlqas/COBYLA	0.57	last_action	RX(q=2)	2	149	79	49851	0.013422818791946308	0.001584722472969449	8.470138475915386
hyrlqas/COBYLA	0.57	last_action	RZ(q=4)	1	149	42	49851	0.006711409395973154	0.000842510681831859	7.9659635666347075
hyrlqas/COBYLA	0.57	last_action	RY(q=4)	5	149	20547	49851	0.03355704697986577	0.4121682614190287	0.08141589278207469
hyrlqas/COBYLA	0.57	last_action	RX(q=3)	2	149	87	49851	0.013422818791946308	0.0017452006980802793	7.691275167785235
hyrlqas/COBYLA	0.57	last_action	CNOT(5->2)	7	149	113	49851	0.04697986577181208	0.0022667549296904775	20.725604323810657
hyrlqas/COBYLA	0.57	last_action	CNOT(1->0)	2	149	43	49851	0.013422818791946308	0.0008625704599707127	15.56141719993757
hyrlqas/COBYLA	0.57	last_action	CNOT(4->0)	5	149	96	49851	0.03355704697986577	0.0019257387013299633	17.425545302013422
hyrlqas/COBYLA	0.57	last_action	RX(q=0)	4	149	88	49851	0.026845637583892617	0.001765260476219133	15.207748627211714
hyrlqas/COBYLA	0.57	last_action	CNOT(4->2)	5	149	108	49851	0.03355704697986577	0.002166456038996209	15.489373601789708
hyrlqas/COBYLA	0.57	last_action	CNOT(2->3)	5	149	46	49851	0.03355704697986577	0.0009227497943872741	36.366355412897576
hyrlqas/COBYLA	0.57	last_action	CNOT(5->3)	4	149	82	49851	0.026845637583892617	0.0016449018073860103	16.320510721885743
hyrlqas/COBYLA	0.57	last_action	CNOT(3->0)	1	149	45	49851	0.006711409395973154	0.0009026900162484203	7.434899328859061
hyrlqas/COBYLA	0.57	last_action	RZ(q=1)	1	149	46	49851	0.006711409395973154	0.0009227497943872741	7.273271082579515
hyrlqas/COBYLA	0.57	last_action	RX(q=1)	1	149	92	49851	0.006711409395973154	0.0018454995887745482	3.6366355412897575
hyrlqas/COBYLA	0.57	last_action	RZ(q=0)	1	149	43	49851	0.006711409395973154	0.0008625704599707127	7.780708599968785
hyrlqas/COBYLA	0.57	last_action	CNOT(5->1)	3	149	74	49851	0.020134228187919462	0.00148442358227518	13.563667694540177
hyrlqas/COBYLA	0.57	last_action	CNOT(3->2)	1	149	53	49851	0.006711409395973154	0.0010631682413592505	6.31265037355958
hyrlqas/COBYLA	0.57	last_action	RY(q=3)	3	149	91	49851	0.020134228187919462	0.0018254398106356943	11.029795707648056
hyrlqas/COBYLA	0.57	last_action	CNOT(3->1)	1	149	53	49851	0.006711409395973154	0.0010631682413592505	6.31265037355958
hyrlqas/COBYLA	0.57	last_action	CNOT(2->0)	1	149	58	49851	0.006711409395973154	0.0011634671320535194	5.768456375838927
hyrlqas/COBYLA	0.57	last_action	CNOT(1->4)	1	149	57	49851	0.006711409395973154	0.0011434073539146657	5.869657364888732
hyrlqas/COBYLA	0.57	last_action	RY(q=2)	2	149	86	49851	0.013422818791946308	0.0017251409199414253	7.780708599968785
hyrlqas/COBYLA	0.57	last_action	CNOT(2->4)	1	149	39	49851	0.006711409395973154	0.0007823313474152976	8.578729994837376
hyrlqas/COBYLA	0.57	last_action	CNOT(0->4)	1	149	56	49851	0.006711409395973154	0.0011233475757758118	5.974472674976031
hyrlqas/COBYLA	0.58	last_action	RX(q=5)	9	78	1612	49922	0.11538461538461539	0.03229037298185169	3.5733441496468794
hyrlqas/COBYLA	0.58	last_action	RY(q=5)	9	78	17327	49922	0.11538461538461539	0.34708144705740956	0.3324424752831286
hyrlqas/COBYLA	0.58	last_action	RY(q=4)	4	78	20548	49922	0.05128205128205128	0.4116020992748688	0.12459132587612244
hyrlqas/COBYLA	0.58	last_action	RX(q=4)	3	78	6483	49922	0.038461538461538464	0.1298625856335884	0.29617105091422535
hyrlqas/COBYLA	0.58	last_action	CNOT(4->5)	5	78	660	49922	0.0641025641025641	0.013220624173710989	4.848679098679098
hyrlqas/COBYLA	0.58	last_action	RX(q=0)	3	78	89	49922	0.038461538461538464	0.0017827811385761787	21.573898012100262
hyrlqas/COBYLA	0.58	last_action	CNOT(5->1)	1	78	76	49922	0.01282051282051282	0.0015223749048515684	8.421390013495277
hyrlqas/COBYLA	0.58	last_action	CNOT(5->4)	8	78	573	49922	0.10256410256410256	0.011477905532630905	8.935785564057815
hyrlqas/COBYLA	0.58	last_action	CNOT(0->2)	3	78	59	49922	0.038461538461538464	0.0011818436761347703	32.543676662320735
hyrlqas/COBYLA	0.58	last_action	RX(q=3)	2	78	87	49922	0.02564102564102564	0.001742718641080085	14.71323312702623
hyrlqas/COBYLA	0.58	last_action	CNOT(4->0)	1	78	100	49922	0.01282051282051282	0.0020031248748046955	6.40025641025641
hyrlqas/COBYLA	0.58	last_action	RY(q=1)	3	78	92	49922	0.038461538461538464	0.0018428748848203196	20.870401337792643
hyrlqas/COBYLA	0.58	last_action	CNOT(1->4)	2	78	56	49922	0.02564102564102564	0.0011217499298906294	22.85805860805861
hyrlqas/COBYLA	0.58	last_action	CNOT(3->1)	2	78	52	49922	0.02564102564102564	0.0010416249348984415	24.6163708086785
hyrlqas/COBYLA	0.58	last_action	RZ(q=3)	1	78	60	49922	0.01282051282051282	0.0012018749248828172	10.667094017094017
hyrlqas/COBYLA	0.58	last_action	CNOT(1->5)	1	78	58	49922	0.01282051282051282	0.0011618124273867234	11.034924845269671
hyrlqas/COBYLA	0.58	last_action	CNOT(5->2)	3	78	117	49922	0.038461538461538464	0.0023436561035214934	16.410913872452337
hyrlqas/COBYLA	0.58	last_action	CNOT(1->2)	2	78	43	49922	0.02564102564102564	0.000861343696166019	29.76863446630888
hyrlqas/COBYLA	0.58	last_action	RY(q=2)	1	78	87	49922	0.01282051282051282	0.001742718641080085	7.356616563513115
hyrlqas/COBYLA	0.58	last_action	CNOT(1->0)	2	78	43	49922	0.02564102564102564	0.000861343696166019	29.76863446630888
hyrlqas/COBYLA	0.58	last_action	RX(q=2)	2	78	79	49922	0.02564102564102564	0.0015824686510957093	16.203180785459267
hyrlqas/COBYLA	0.58	last_action	RZ(q=4)	1	78	42	49922	0.01282051282051282	0.000841312447417972	15.238705738705738
hyrlqas/COBYLA	0.58	last_action	RY(q=0)	1	78	91	49922	0.01282051282051282	0.0018228436360722728	7.033248802479571
hyrlqas/COBYLA	0.58	last_action	CNOT(0->1)	1	78	42	49922	0.01282051282051282	0.000841312447417972	15.238705738705738
hyrlqas/COBYLA	0.58	last_action	CNOT(4->3)	1	78	72	49922	0.01282051282051282	0.0014422499098593806	8.889245014245015
hyrlqas/COBYLA	0.58	last_action	CNOT(5->3)	1	78	85	49922	0.01282051282051282	0.001702656143583991	7.529713423831071
hyrlqas/COBYLA	0.58	last_action	RY(q=3)	2	78	92	49922	0.02564102564102564	0.0018428748848203196	13.913600891861762
hyrlqas/COBYLA	0.58	last_action	CNOT(3->5)	1	78	46	49922	0.01282051282051282	0.0009214374424101598	13.913600891861762
hyrlqas/COBYLA	0.58	last_action	CNOT(4->2)	1	78	112	49922	0.01282051282051282	0.0022434998597812587	5.714514652014652
hyrlqas/COBYLA	0.58	last_action	CNOT(5->0)	1	78	82	49922	0.01282051282051282	0.0016425623973398502	7.805190744215134
hyrlqas/COBYLA	0.58	last_action	RX(q=1)	1	78	92	49922	0.01282051282051282	0.0018428748848203196	6.956800445930881
hyrlqas/COBYLA	0.59	last_action	RY(q=4)	6	49	20546	49951	0.12244897959183673	0.411323096634702	0.2976953655014035
hyrlqas/COBYLA	0.59	last_action	RX(q=5)	5	49	1616	49951	0.10204081632653061	0.032351704670577165	3.1541094160436454
hyrlqas/COBYLA	0.59	last_action	CNOT(4->5)	6	49	659	49951	0.12244897959183673	0.013192929070489079	9.281409680715988
hyrlqas/COBYLA	0.59	last_action	RX(q=4)	1	49	6485	49951	0.02040816326530612	0.12982723068607235	0.1571947823076802
hyrlqas/COBYLA	0.59	last_action	CNOT(5->4)	7	49	574	49951	0.14285714285714285	0.011491261436207482	12.4318068690891
hyrlqas/COBYLA	0.59	last_action	CNOT(2->1)	1	49	46	49951	0.02040816326530612	0.000920902484434746	22.161047027506655
hyrlqas/COBYLA	0.59	last_action	RY(q=5)	6	49	17330	49951	0.12244897959183673	0.34694000120117713	0.3529399295782941
hyrlqas/COBYLA	0.59	last_action	CNOT(4->2)	3	49	110	49951	0.061224489795918366	0.002202158114952654	27.802040816326528
hyrlqas/COBYLA	0.59	last_action	RY(q=3)	3	49	91	49951	0.061224489795918366	0.0018217853496426497	33.60686252522987
hyrlqas/COBYLA	0.59	last_action	CNOT(3->4)	1	49	49	49951	0.02040816326530612	0.000980961342115273	20.804248229904204
hyrlqas/COBYLA	0.59	last_action	RZ(q=2)	1	49	48	49951	0.02040816326530612	0.0009609417228884306	21.23767006802721
hyrlqas/COBYLA	0.59	last_action	CNOT(0->3)	1	49	37	49951	0.02040816326530612	0.0007407259113931653	27.551571980143407
hyrlqas/COBYLA	0.59	last_action	RX(q=2)	3	49	78	49951	0.061224489795918366	0.0015615302996936998	39.208006279434855
hyrlqas/COBYLA	0.59	last_action	CNOT(5->3)	2	49	84	49951	0.04081632653061224	0.0016816480150547537	24.27162293488824
hyrlqas/COBYLA	0.59	last_action	CNOT(0->5)	1	49	46	49951	0.02040816326530612	0.000920902484434746	22.161047027506655
hyrlqas/COBYLA	0.59	last_action	CNOT(2->4)	1	49	39	49951	0.02040816326530612	0.0007807651498468499	26.138670852956565
hyrlqas/COBYLA	0.59	last_action	RX(q=0)	1	49	91	49951	0.02040816326530612	0.0018217853496426497	11.202287508409958
hyrlqas/COBYLA	0.60	last_action	RX(q=4)	2	34	6484	49966	0.058823529411764705	0.12976824240483528	0.45329680299016584
hyrlqas/COBYLA	0.60	last_action	CNOT(5->4)	4	34	577	49966	0.11764705882352941	0.011547852539727014	10.187786726475686
hyrlqas/COBYLA	0.60	last_action	CNOT(2->3)	1	34	50	49966	0.029411764705882353	0.001000680462714646	29.391764705882352
hyrlqas/COBYLA	0.60	last_action	CNOT(5->1)	1	34	76	49966	0.029411764705882353	0.0015210343033262618	19.33668730650155
hyrlqas/COBYLA	0.60	last_action	RY(q=5)	1	34	17335	49966	0.029411764705882353	0.34693591642316773	0.0847757851337824
hyrlqas/COBYLA	0.60	last_action	CNOT(1->5)	1	34	58	49966	0.029411764705882353	0.0011607893367489893	25.337728194726164
hyrlqas/COBYLA	0.60	last_action	CNOT(4->2)	2	34	111	49966	0.058823529411764705	0.002221510627226514	26.479067302596714
hyrlqas/COBYLA	0.60	last_action	CNOT(4->1)	1	34	88	49966	0.029411764705882353	0.0017611976143777769	16.699866310160427
hyrlqas/COBYLA	0.60	last_action	CNOT(4->5)	3	34	662	49966	0.08823529411764706	0.013249009326341913	6.659765416740715
hyrlqas/COBYLA	0.60	last_action	RY(q=1)	1	34	94	49966	0.029411764705882353	0.0018812792699035344	15.633917396745932
hyrlqas/COBYLA	0.60	last_action	RY(q=4)	2	34	20550	49966	0.058823529411764705	0.4112796701757195	0.14302561900672678
hyrlqas/COBYLA	0.60	last_action	RY(q=2)	1	34	87	49966	0.029411764705882353	0.0017411840051234839	16.891818796484113
hyrlqas/COBYLA	0.60	last_action	CNOT(4->3)	1	34	72	49966	0.029411764705882353	0.0014409798663090902	20.4109477124183
hyrlqas/COBYLA	0.60	last_action	CNOT(5->2)	1	34	119	49966	0.029411764705882353	0.0023816195012608572	12.349480968858131
hyrlqas/COBYLA	0.60	last_action	CNOT(4->0)	1	34	100	49966	0.029411764705882353	0.002001360925429292	14.695882352941176
hyrlqas/COBYLA	0.60	last_action	RY(q=0)	4	34	88	49966	0.11764705882352941	0.0017611976143777769	66.79946524064171
hyrlqas/COBYLA	0.60	last_action	RX(q=5)	3	34	1618	49966	0.08823529411764706	0.032382019773445944	2.7248236748345818
hyrlqas/COBYLA	0.60	last_action	CNOT(2->0)	1	34	58	49966	0.029411764705882353	0.0011607893367489893	25.337728194726164
hyrlqas/COBYLA	0.60	last_action	CNOT(1->2)	1	34	44	49966	0.029411764705882353	0.0008805988071888884	33.399732620320854
hyrlqas/COBYLA	0.60	last_action	CNOT(2->1)	2	34	45	49966	0.058823529411764705	0.0009006124164431813	65.31503267973856
hyrlqas/COBYLA	0.61	last_action	RX(q=5)	4	32	1617	49968	0.125	0.03236071085494717	3.8627087198515766
hyrlqas/COBYLA	0.61	last_action	RX(q=2)	1	32	80	49968	0.03125	0.001601024655779699	19.51875
hyrlqas/COBYLA	0.61	last_action	CNOT(5->4)	2	32	579	49968	0.0625	0.01158741594620557	5.39378238341969
hyrlqas/COBYLA	0.61	last_action	RY(q=4)	3	32	20549	49968	0.09375	0.41124319564521294	0.22796729767871915
hyrlqas/COBYLA	0.61	last_action	RY(q=1)	3	32	92	49968	0.09375	0.0018411783541466538	50.91847826086957
hyrlqas/COBYLA	0.61	last_action	RZ(q=1)	1	32	46	49968	0.03125	0.0009205891770733269	33.94565217391305
hyrlqas/COBYLA	0.61	last_action	RX(q=0)	1	32	91	49968	0.03125	0.0018211655459494077	17.15934065934066
hyrlqas/COBYLA	0.61	last_action	CNOT(4->5)	3	32	662	49968	0.09375	0.013248479026577008	7.076283987915408
hyrlqas/COBYLA	0.61	last_action	CNOT(5->0)	2	32	81	49968	0.0625	0.0016210374639769453	38.55555555555556
hyrlqas/COBYLA	0.61	last_action	CNOT(0->5)	1	32	46	49968	0.03125	0.0009205891770733269	33.94565217391305
hyrlqas/COBYLA	0.61	last_action	RY(q=5)	3	32	17333	49968	0.09375	0.34688200448286904	0.27026481278486125
hyrlqas/COBYLA	0.61	last_action	CNOT(5->2)	1	32	119	49968	0.03125	0.0023815241754723024	13.121848739495798
hyrlqas/COBYLA	0.61	last_action	CNOT(2->0)	1	32	58	49968	0.03125	0.0011607428754402819	26.922413793103445
hyrlqas/COBYLA	0.61	last_action	RX(q=3)	1	32	88	49968	0.03125	0.0017611271213576688	17.744318181818183
hyrlqas/COBYLA	0.61	last_action	CNOT(4->0)	2	32	99	49968	0.0625	0.0019812680115273776	31.545454545454543
hyrlqas/COBYLA	0.61	last_action	RX(q=4)	1	32	6485	49968	0.03125	0.12978306115914184	0.24078643022359292
hyrlqas/COBYLA	0.61	last_action	CNOT(4->3)	2	32	71	49968	0.0625	0.0014209093820044829	43.985915492957744
hyrlqas/COBYLA	0.62	last_action	RY(q=2)	1	33	87	49967	0.030303030303030304	0.0017411491584445734	17.404040404040405
hyrlqas/COBYLA	0.62	last_action	RX(q=4)	5	33	6481	49967	0.15151515151515152	0.12970560569976183	1.1681465168581355
hyrlqas/COBYLA	0.62	last_action	RX(q=0)	2	33	90	49967	0.06060606060606061	0.0018011887845978346	33.64781144781145
hyrlqas/COBYLA	0.62	last_action	CNOT(4->5)	1	33	664	49967	0.030303030303030304	0.013288770588588468	2.2803486673968605
hyrlqas/COBYLA	0.62	last_action	RY(q=1)	1	33	94	49967	0.030303030303030304	0.0018812416194688493	16.107994842037396
hyrlqas/COBYLA	0.62	last_action	CNOT(5->2)	3	33	117	49967	0.09090909090909091	0.002341545419977185	38.82439782439783
hyrlqas/COBYLA	0.62	last_action	CNOT(5->4)	1	33	580	49967	0.030303030303030304	0.011607661056297156	2.610606060606061
hyrlqas/COBYLA	0.62	last_action	RY(q=5)	3	33	17333	49967	0.09090909090909091	0.3468889467048252	0.2620697251170914
hyrlqas/COBYLA	0.62	last_action	CNOT(3->0)	1	33	45	49967	0.030303030303030304	0.0009005943922989173	33.64781144781145
hyrlqas/COBYLA	0.62	last_action	RY(q=0)	1	33	91	49967	0.030303030303030304	0.0018212019933155884	16.63902763902764
hyrlqas/COBYLA	0.62	last_action	RY(q=4)	3	33	20549	49967	0.09090909090909091	0.41125142594112113	0.22105477373373622
hyrlqas/COBYLA	0.62	last_action	RZ(q=2)	1	33	48	49967	0.030303030303030304	0.0009606340184521784	31.544823232323235
hyrlqas/COBYLA	0.62	last_action	RX(q=5)	3	33	1618	49967	0.09090909090909091	0.03238137170532551	2.807450275311833
hyrlqas/COBYLA	0.62	last_action	CNOT(1->5)	2	33	57	49967	0.06060606060606061	0.0011407528969119619	53.12812333864966
hyrlqas/COBYLA	0.62	last_action	CNOT(4->3)	2	33	71	49967	0.06060606060606061	0.001420937818960514	42.65215535638071
hyrlqas/COBYLA	0.62	last_action	RZ(q=5)	1	33	41	49967	0.030303030303030304	0.0008205415574279024	36.93052475979305
hyrlqas/COBYLA	0.62	last_action	RX(q=1)	1	33	92	49967	0.030303030303030304	0.001841215202033342	16.45816864295125
hyrlqas/COBYLA	0.62	last_action	RZ(q=3)	1	33	60	49967	0.030303030303030304	0.001200792523065223	25.235858585858587
hyrlqas/COBYLA	0.63	last_action	RY(q=5)	2	20	17334	49980	0.1	0.3468187274909964	0.2883350640359986
hyrlqas/COBYLA	0.63	last_action	RZ(q=1)	1	20	46	49980	0.05	0.0009203681472589036	54.32608695652174
hyrlqas/COBYLA	0.63	last_action	CNOT(4->5)	1	20	664	49980	0.05	0.01328531412565026	3.76355421686747
hyrlqas/COBYLA	0.63	last_action	RX(q=3)	2	20	87	49980	0.1	0.0017406962785114046	57.44827586206897
hyrlqas/COBYLA	0.63	last_action	CNOT(0->4)	2	20	55	49980	0.1	0.0011004401760704283	90.87272727272727
hyrlqas/COBYLA	0.63	last_action	RX(q=5)	2	20	1619	49980	0.1	0.03239295718287315	3.087090796788141
hyrlqas/COBYLA	0.63	last_action	CNOT(0->2)	1	20	61	49980	0.05	0.0012204881952781112	40.9672131147541
hyrlqas/COBYLA	0.63	last_action	CNOT(4->3)	1	20	72	49980	0.05	0.0014405762304921968	34.708333333333336
hyrlqas/COBYLA	0.63	last_action	RY(q=0)	1	20	91	49980	0.05	0.0018207282913165266	27.461538461538463
hyrlqas/COBYLA	0.63	last_action	CNOT(1->5)	1	20	58	49980	0.05	0.0011604641856742697	43.08620689655172
hyrlqas/COBYLA	0.63	last_action	CNOT(5->1)	1	20	76	49980	0.05	0.0015206082432973188	32.881578947368425
hyrlqas/COBYLA	0.63	last_action	CNOT(2->0)	1	20	58	49980	0.05	0.0011604641856742697	43.08620689655172
hyrlqas/COBYLA	0.63	last_action	RX(q=4)	1	20	6485	49980	0.05	0.12975190076030413	0.3853508095605243
hyrlqas/COBYLA	0.63	last_action	CNOT(4->0)	1	20	100	49980	0.05	0.0020008003201280513	24.990000000000002
hyrlqas/COBYLA	0.63	last_action	CNOT(4->1)	1	20	88	49980	0.05	0.0017607042817126852	28.397727272727273
hyrlqas/COBYLA	0.63	last_action	CNOT(2->3)	1	20	50	49980	0.05	0.0010004001600640256	49.980000000000004
hyrlqas/COBYLA	0.64	last_action	RX(q=5)	2	22	1619	49978	0.09090909090909091	0.032394253471527475	2.8063338761300463
hyrlqas/COBYLA	0.64	last_action	RY(q=4)	1	22	20551	49978	0.045454545454545456	0.41120092840849976	0.11054096018331336
hyrlqas/COBYLA	0.64	last_action	CNOT(4->5)	1	22	664	49978	0.045454545454545456	0.013285845772139742	3.421276013143483
hyrlqas/COBYLA	0.64	last_action	CNOT(4->1)	1	22	88	49978	0.045454545454545456	0.0017607747408859898	25.8150826446281
hyrlqas/COBYLA	0.64	last_action	CNOT(2->5)	1	22	55	49978	0.045454545454545456	0.0011004842130537436	41.304132231404964
hyrlqas/COBYLA	0.64	last_action	RX(q=4)	1	22	6485	49978	0.045454545454545456	0.12975709312097322	0.35030489941823795
hyrlqas/COBYLA	0.64	last_action	CNOT(3->4)	2	22	48	49978	0.09090909090909091	0.0009604225859378126	94.65530303030303
hyrlqas/COBYLA	0.64	last_action	CNOT(4->3)	1	22	72	49978	0.045454545454545456	0.0014406338789067189	31.55176767676768
hyrlqas/COBYLA	0.64	last_action	RZ(q=4)	1	22	42	49978	0.045454545454545456	0.000840369762695586	54.08874458874459
hyrlqas/COBYLA	0.64	last_action	CNOT(4->0)	1	22	100	49978	0.045454545454545456	0.002000880387370443	22.71727272727273
hyrlqas/COBYLA	0.64	last_action	CNOT(1->3)	1	22	48	49978	0.045454545454545456	0.0009604225859378126	47.327651515151516
hyrlqas/COBYLA	0.64	last_action	RY(q=3)	1	22	93	49978	0.045454545454545456	0.0018608187602545119	24.427174975562075
hyrlqas/COBYLA	0.64	last_action	RX(q=0)	1	22	91	49978	0.045454545454545456	0.0018208011525071032	24.964035964035965
hyrlqas/COBYLA	0.64	last_action	CNOT(3->0)	1	22	45	49978	0.045454545454545456	0.0009003961743166993	50.48282828282829
hyrlqas/COBYLA	0.64	last_action	CNOT(2->0)	1	22	58	49978	0.045454545454545456	0.001160510624674857	39.16771159874608
hyrlqas/COBYLA	0.64	last_action	CNOT(1->4)	1	22	57	49978	0.045454545454545456	0.0011405018208011525	39.854864433811805
hyrlqas/COBYLA	0.64	last_action	RY(q=0)	1	22	91	49978	0.045454545454545456	0.0018208011525071032	24.964035964035965
hyrlqas/COBYLA	0.64	last_action	CNOT(5->2)	1	22	119	49978	0.045454545454545456	0.002381047660970827	19.09014514896868
hyrlqas/COBYLA	0.64	last_action	RY(q=2)	1	22	87	49978	0.045454545454545456	0.0017407659370122855	26.111807732497386
hyrlqas/COBYLA	0.64	last_action	RY(q=5)	1	22	17335	49978	0.045454545454545456	0.3468526151506663	0.131048587985421
hyrlqas/COBYLA	0.65	last_action	CNOT(4->5)	2	21	663	49979	0.09523809523809523	0.01326557154004682	7.179343532284708
hyrlqas/COBYLA	0.65	last_action	RX(q=5)	2	21	1619	49979	0.09523809523809523	0.03239360531423198	2.9400276478719958
hyrlqas/COBYLA	0.65	last_action	CNOT(0->3)	1	21	37	49979	0.047619047619047616	0.0007403109305908482	64.32303732303731
hyrlqas/COBYLA	0.65	last_action	RY(q=5)	1	21	17335	49979	0.047619047619047616	0.3468456751835771	0.1372917439257214
hyrlqas/COBYLA	0.65	last_action	CNOT(1->0)	1	21	44	49979	0.047619047619047616	0.0008803697552972248	54.08982683982684
hyrlqas/COBYLA	0.65	last_action	RX(q=1)	3	21	90	49979	0.14285714285714285	0.0018007563176534144	79.33174603174604
hyrlqas/COBYLA	0.65	last_action	RZ(q=5)	1	21	41	49979	0.047619047619047616	0.0008203445447087777	58.047619047619044
hyrlqas/COBYLA	0.65	last_action	CNOT(1->2)	1	21	44	49979	0.047619047619047616	0.0008803697552972248	54.08982683982684
hyrlqas/COBYLA	0.65	last_action	CNOT(4->1)	1	21	88	49979	0.047619047619047616	0.0017607395105944496	27.04491341991342
hyrlqas/COBYLA	0.65	last_action	CNOT(4->2)	1	21	112	49979	0.047619047619047616	0.002240941195302027	21.24957482993197
hyrlqas/COBYLA	0.65	last_action	CNOT(4->0)	1	21	100	49979	0.047619047619047616	0.002000840352948238	23.79952380952381
hyrlqas/COBYLA	0.65	last_action	RY(q=0)	1	21	91	49979	0.047619047619047616	0.0018207647211828967	26.153322867608583
hyrlqas/COBYLA	0.65	last_action	CNOT(5->4)	1	21	580	49979	0.047619047619047616	0.011604874047099782	4.103366174055829
hyrlqas/COBYLA	0.65	last_action	CNOT(3->5)	1	21	46	49979	0.047619047619047616	0.0009203865623561896	51.738095238095234
hyrlqas/COBYLA	0.65	last_action	RY(q=3)	1	21	93	49979	0.047619047619047616	0.0018607815282418616	25.590885816692268
hyrlqas/COBYLA	0.65	last_action	RX(q=0)	1	21	91	49979	0.047619047619047616	0.0018207647211828967	26.153322867608583
hyrlqas/COBYLA	0.65	last_action	CNOT(5->2)	1	21	119	49979	0.047619047619047616	0.0023810000200084037	19.99959983993597
hyrlqas/COBYLA	0.66	last_action	RY(q=4)	2	12	20550	49988	0.16666666666666666	0.41109866367928305	0.40541768045417675
hyrlqas/COBYLA	0.66	last_action	RZ(q=2)	1	12	48	49988	0.08333333333333333	0.0009602304553092742	86.78472222222221
hyrlqas/COBYLA	0.66	last_action	CNOT(4->0)	1	12	100	49988	0.08333333333333333	0.0020004801152276545	41.656666666666666
hyrlqas/COBYLA	0.66	last_action	RX(q=5)	1	12	1620	49988	0.08333333333333333	0.032407777866688005	2.571399176954732
hyrlqas/COBYLA	0.66	last_action	RX(q=4)	2	12	6484	49988	0.16666666666666666	0.1297111306713611	1.2849064363561589
hyrlqas/COBYLA	0.66	last_action	RX(q=2)	2	12	79	49988	0.16666666666666666	0.0015803792910298472	105.45991561181434
hyrlqas/COBYLA	0.66	last_action	RY(q=2)	1	12	87	49988	0.08333333333333333	0.0017404177002480596	47.88122605363984
hyrlqas/COBYLA	0.66	last_action	CNOT(5->2)	1	12	119	49988	0.08333333333333333	0.002380571337120909	35.00560224089636
hyrlqas/COBYLA	0.66	last_action	CNOT(5->1)	1	12	76	49988	0.08333333333333333	0.0015203648875730174	54.81140350877193
hyrlqas/COBYLA	0.67	last_action	CNOT(4->1)	1	18	88	49982	0.05555555555555555	0.001760633828178144	31.554292929292927
hyrlqas/COBYLA	0.67	last_action	CNOT(3->5)	1	18	46	49982	0.05555555555555555	0.000920331319274939	60.364734299516904
hyrlqas/COBYLA	0.67	last_action	RY(q=4)	1	18	20551	49982	0.05555555555555555	0.41116802048737544	0.13511643120907876
hyrlqas/COBYLA	0.67	last_action	CNOT(5->0)	1	18	82	49982	0.05555555555555555	0.0016405906126205434	33.86314363143631
hyrlqas/COBYLA	0.67	last_action	RX(q=5)	1	18	1620	49982	0.05555555555555555	0.0324116682005522	1.7140603566529493
hyrlqas/COBYLA	0.67	last_action	RY(q=0)	1	18	91	49982	0.05555555555555555	0.0018206554359569446	30.514041514041512
hyrlqas/COBYLA	0.67	last_action	CNOT(2->1)	1	18	46	49982	0.05555555555555555	0.000920331319274939	60.364734299516904
hyrlqas/COBYLA	0.67	last_action	CNOT(0->2)	1	18	61	49982	0.05555555555555555	0.0012204393581689407	45.520947176684885
hyrlqas/COBYLA	0.67	last_action	RX(q=4)	2	18	6484	49982	0.1111111111111111	0.12972670161258054	0.8565014737130714
hyrlqas/COBYLA	0.67	last_action	RY(q=3)	1	18	93	49982	0.05555555555555555	0.0018606698411428113	29.857825567502985
hyrlqas/COBYLA	0.67	last_action	RY(q=5)	1	18	17335	49982	0.05555555555555555	0.34682485694850146	0.16018331570682307
hyrlqas/COBYLA	0.67	last_action	RY(q=2)	2	18	86	49982	0.1111111111111111	0.0017206194229922773	64.57622739018088
hyrlqas/COBYLA	0.67	last_action	CNOT(5->2)	2	18	118	49982	0.1111111111111111	0.002360849905966148	47.06403013182673
hyrlqas/COBYLA	0.67	last_action	CNOT(4->5)	2	18	663	49982	0.1111111111111111	0.013264775319114882	8.376403552874141
hyrlqas/COBYLA	0.68	last_action	CNOT(0->2)	1	16	61	49984	0.0625	0.0012203905249679897	51.21311475409836
hyrlqas/COBYLA	0.68	last_action	RY(q=5)	2	16	17334	49984	0.125	0.3467909731113957	0.3604476750894196
hyrlqas/COBYLA	0.68	last_action	RX(q=5)	3	16	1618	49984	0.1875	0.03237035851472471	5.792336217552535
hyrlqas/COBYLA	0.68	last_action	RX(q=4)	2	16	6484	49984	0.125	0.12972151088348272	0.9636027143738433
hyrlqas/COBYLA	0.68	last_action	CNOT(5->4)	1	16	580	49984	0.0625	0.011603713188220231	5.386206896551724
hyrlqas/COBYLA	0.68	last_action	CNOT(2->0)	1	16	58	49984	0.0625	0.0011603713188220231	53.86206896551724
hyrlqas/COBYLA	0.68	last_action	CNOT(3->4)	1	16	49	49984	0.0625	0.000980313700384123	63.755102040816325
hyrlqas/COBYLA	0.68	last_action	RY(q=0)	1	16	91	49984	0.0625	0.001820582586427657	34.32967032967033
hyrlqas/COBYLA	0.68	last_action	RX(q=1)	1	16	92	49984	0.0625	0.0018405889884763125	33.95652173913043
hyrlqas/COBYLA	0.68	last_action	CNOT(4->3)	1	16	72	49984	0.0625	0.001440460947503201	43.388888888888886
hyrlqas/COBYLA	0.68	last_action	RY(q=1)	1	16	94	49984	0.0625	0.0018806017925736235	33.23404255319149
hyrlqas/COBYLA	0.68	last_action	CNOT(1->5)	1	16	58	49984	0.0625	0.0011603713188220231	53.86206896551724
hyrlqas/COBYLA	0.69	last_action	CNOT(3->5)	1	13	46	49987	0.07692307692307693	0.0009202392622081741	83.59030100334449
hyrlqas/COBYLA	0.69	last_action	RX(q=5)	2	13	1619	49987	0.15384615384615385	0.03238842098945726	4.750035634532238
hyrlqas/COBYLA	0.69	last_action	CNOT(1->5)	1	13	58	49987	0.07692307692307693	0.0011603016784363935	66.29575596816976
hyrlqas/COBYLA	0.69	last_action	RZ(q=2)	1	13	48	49987	0.07692307692307693	0.0009602496649128773	80.10737179487181
hyrlqas/COBYLA	0.69	last_action	RY(q=0)	2	13	90	49987	0.15384615384615385	0.001800468121711645	85.44786324786325
hyrlqas/COBYLA	0.69	last_action	RX(q=4)	1	13	6485	49987	0.07692307692307693	0.1297337307700002	0.5929304311725284
hyrlqas/COBYLA	0.69	last_action	CNOT(2->1)	1	13	46	49987	0.07692307692307693	0.0009202392622081741	83.59030100334449
hyrlqas/COBYLA	0.69	last_action	RY(q=4)	1	13	20551	49987	0.07692307692307693	0.411126892992178	0.1871030045328133
hyrlqas/COBYLA	0.69	last_action	RX(q=2)	1	13	80	49987	0.07692307692307693	0.001600416108188129	48.06442307692308
hyrlqas/COBYLA	0.69	last_action	RY(q=5)	1	13	17335	49987	0.07692307692307693	0.34679016544301516	0.2218144705020967
hyrlqas/COBYLA	0.69	last_action	RX(q=0)	1	13	91	49987	0.07692307692307693	0.0018204733230639965	42.25443786982249
hyrlqas/COBYLA	0.70	last_action	RX(q=4)	1	18	6485	49982	0.05555555555555555	0.12974670881517347	0.4281846997344298
hyrlqas/COBYLA	0.70	last_action	CNOT(3->4)	2	18	48	49982	0.1111111111111111	0.0009603457244608059	115.69907407407406
hyrlqas/COBYLA	0.70	last_action	RY(q=4)	1	18	20551	49982	0.05555555555555555	0.41116802048737544	0.13511643120907876
hyrlqas/COBYLA	0.70	last_action	CNOT(5->4)	2	18	579	49982	0.1111111111111111	0.01158417030130847	9.591633083861064
hyrlqas/COBYLA	0.70	last_action	RX(q=2)	1	18	80	49982	0.05555555555555555	0.0016005762074346765	34.70972222222222
hyrlqas/COBYLA	0.70	last_action	RY(q=2)	1	18	87	49982	0.05555555555555555	0.0017406266255852107	31.916985951468707
hyrlqas/COBYLA	0.70	last_action	CNOT(4->2)	1	18	112	49982	0.05555555555555555	0.002240806690408547	24.79265873015873
hyrlqas/COBYLA	0.70	last_action	RZ(q=4)	1	18	42	49982	0.05555555555555555	0.0008403025089032052	66.1137566137566
hyrlqas/COBYLA	0.70	last_action	RY(q=5)	2	18	17334	49982	0.1111111111111111	0.34680484974590853	0.3203851133930746
hyrlqas/COBYLA	0.70	last_action	RX(q=3)	1	18	88	49982	0.05555555555555555	0.001760633828178144	31.554292929292927
hyrlqas/COBYLA	0.70	last_action	RX(q=5)	2	18	1619	49982	0.1111111111111111	0.032391660997959267	3.4302381442591448
hyrlqas/COBYLA	0.70	last_action	CNOT(0->4)	1	18	56	49982	0.05555555555555555	0.0011204033452042734	49.58531746031746
hyrlqas/COBYLA	0.70	last_action	RX(q=0)	1	18	91	49982	0.05555555555555555	0.0018206554359569446	30.514041514041512
hyrlqas/COBYLA	0.70	last_action	RZ(q=1)	1	18	46	49982	0.05555555555555555	0.000920331319274939	60.364734299516904
hyrlqas/COBYLA	0.71	last_action	RY(q=5)	2	15	17334	49985	0.13333333333333333	0.34678403521056317	0.38448521210722664
hyrlqas/COBYLA	0.71	last_action	RX(q=3)	1	15	88	49985	0.06666666666666667	0.0017605281584475343	37.86742424242424
hyrlqas/COBYLA	0.71	last_action	RX(q=0)	1	15	91	49985	0.06666666666666667	0.0018205461638491547	36.61904761904762
hyrlqas/COBYLA	0.71	last_action	CNOT(5->4)	2	15	579	49985	0.13333333333333333	0.011583475042512753	11.510650546919978
hyrlqas/COBYLA	0.71	last_action	RY(q=0)	2	15	90	49985	0.13333333333333333	0.0018005401620486145	74.05185185185185
hyrlqas/COBYLA	0.71	last_action	CNOT(4->3)	1	15	72	49985	0.06666666666666667	0.0014404321296388916	46.28240740740741
hyrlqas/COBYLA	0.71	last_action	RX(q=5)	3	15	1618	49985	0.2	0.03236971091327398	6.178615574783684
hyrlqas/COBYLA	0.71	last_action	CNOT(5->3)	1	15	85	49985	0.06666666666666667	0.0017005101530459137	39.20392156862745
hyrlqas/COBYLA	0.71	last_action	RX(q=1)	1	15	92	49985	0.06666666666666667	0.001840552165649695	36.22101449275362
hyrlqas/COBYLA	0.71	last_action	CNOT(4->2)	1	15	112	49985	0.06666666666666667	0.002240672201660498	29.75297619047619
hyrlqas/COBYLA	0.72	last_action	RX(q=4)	1	10	6485	49990	0.1	0.1297259451890378	0.7708558211256747
hyrlqas/COBYLA	0.72	last_action	CNOT(2->1)	1	10	46	49990	0.1	0.0009201840368073615	108.67391304347827
hyrlqas/COBYLA	0.72	last_action	RZ(q=2)	1	10	48	49990	0.1	0.0009601920384076816	104.14583333333334
hyrlqas/COBYLA	0.72	last_action	RZ(q=1)	1	10	46	49990	0.1	0.0009201840368073615	108.67391304347827
hyrlqas/COBYLA	0.72	last_action	CNOT(0->5)	1	10	46	49990	0.1	0.0009201840368073615	108.67391304347827
hyrlqas/COBYLA	0.72	last_action	RY(q=1)	1	10	94	49990	0.1	0.001880376075215043	53.18085106382979
hyrlqas/COBYLA	0.72	last_action	RY(q=5)	1	10	17335	49990	0.1	0.3467693538707742	0.2883761176809922
hyrlqas/COBYLA	0.72	last_action	RY(q=4)	1	10	20551	49990	0.1	0.41110222044408884	0.2432485037224466
hyrlqas/COBYLA	0.72	last_action	CNOT(5->0)	1	10	82	49990	0.1	0.0016403280656131227	60.96341463414634
hyrlqas/COBYLA	0.72	last_action	CNOT(3->2)	1	10	53	49990	0.1	0.0010602120424084817	94.32075471698114
hyrlqas/COBYLA	0.73	last_action	RX(q=5)	3	14	1618	49986	0.21428571428571427	0.032369063337734566	6.620077697333568
hyrlqas/COBYLA	0.73	last_action	RX(q=3)	2	14	87	49986	0.14285714285714285	0.0017404873364542071	82.07881773399015
hyrlqas/COBYLA	0.73	last_action	RY(q=5)	1	14	17335	49986	0.07142857142857142	0.3467971031888929	0.20596645926902632
hyrlqas/COBYLA	0.73	last_action	CNOT(5->4)	1	14	580	49986	0.07142857142857142	0.011603248909694714	6.155911330049261
hyrlqas/COBYLA	0.73	last_action	CNOT(4->5)	1	14	664	49986	0.07142857142857142	0.013283719441443605	5.377151462994836
hyrlqas/COBYLA	0.73	last_action	RY(q=1)	1	14	94	49986	0.07142857142857142	0.0018805265474332814	37.983282674772035
hyrlqas/COBYLA	0.73	last_action	CNOT(5->3)	1	14	85	49986	0.07142857142857142	0.0017004761333173288	42.00504201680672
hyrlqas/COBYLA	0.73	last_action	RX(q=4)	2	14	6484	49986	0.14285714285714285	0.12971632056975954	1.1013043095091213
hyrlqas/COBYLA	0.73	last_action	RY(q=4)	1	14	20551	49986	0.07142857142857142	0.4111351178329932	0.17373502853528155
hyrlqas/COBYLA	0.73	last_action	CNOT(4->0)	1	14	100	49986	0.07142857142857142	0.0020005601568439165	35.70428571428571
hyrlqas/COBYLA	0.74	last_action	RX(q=5)	1	11	1620	49989	0.09090909090909091	0.03240712956850507	2.8052188552188553
hyrlqas/COBYLA	0.74	last_action	RX(q=3)	1	11	88	49989	0.09090909090909091	0.0017603872852027446	51.64152892561984
hyrlqas/COBYLA	0.74	last_action	CNOT(5->4)	2	11	579	49989	0.18181818181818182	0.01158254816059533	15.697597739048518
hyrlqas/COBYLA	0.74	last_action	CNOT(1->5)	1	11	58	49989	0.09090909090909091	0.0011602552561563544	78.35266457680251
hyrlqas/COBYLA	0.74	last_action	RX(q=1)	1	11	92	49989	0.09090909090909091	0.0018404048890755967	49.39624505928854
hyrlqas/COBYLA	0.74	last_action	RY(q=2)	1	11	87	49989	0.09090909090909091	0.0017403828842345317	52.23510971786834
hyrlqas/COBYLA	0.74	last_action	RX(q=4)	1	11	6485	49989	0.09090909090909091	0.12972854027886135	0.7007640008411018
hyrlqas/COBYLA	0.74	last_action	RX(q=2)	1	11	80	49989	0.09090909090909091	0.0016003520774570405	56.80568181818182
hyrlqas/COBYLA	0.74	last_action	CNOT(3->2)	1	11	53	49989	0.09090909090909091	0.0010602332513152894	85.74442538593482
hyrlqas/COBYLA	0.74	last_action	RY(q=0)	1	11	91	49989	0.09090909090909091	0.0018204004881073835	49.939060939060944
hyrlqas/COBYLA	0.75	last_action	RX(q=0)	2	13	90	49987	0.15384615384615385	0.001800468121711645	85.44786324786325
hyrlqas/COBYLA	0.75	last_action	RX(q=5)	1	13	1620	49987	0.07692307692307693	0.03240842619080961	2.3735517568850906
hyrlqas/COBYLA	0.75	last_action	RX(q=4)	1	13	6485	49987	0.07692307692307693	0.1297337307700002	0.5929304311725284
hyrlqas/COBYLA	0.75	last_action	RY(q=2)	2	13	86	49987	0.15384615384615385	0.0017204473163022387	89.42218246869409
hyrlqas/COBYLA	0.75	last_action	CNOT(5->3)	2	13	84	49987	0.15384615384615385	0.0016804369135975353	91.55128205128206
hyrlqas/COBYLA	0.75	last_action	CNOT(2->3)	1	13	50	49987	0.07692307692307693	0.0010002600676175806	76.90307692307692
hyrlqas/COBYLA	0.75	last_action	CNOT(2->0)	1	13	58	49987	0.07692307692307693	0.0011603016784363935	66.29575596816976
hyrlqas/COBYLA	0.75	last_action	RX(q=1)	1	13	92	49987	0.07692307692307693	0.0018404785244163482	41.795150501672246
hyrlqas/COBYLA	0.75	last_action	CNOT(5->2)	1	13	119	49987	0.07692307692307693	0.002380618960929842	32.31221719457014
hyrlqas/COBYLA	0.75	last_action	RY(q=3)	1	13	93	49987	0.07692307692307693	0.0018604837257687	41.34574028122415
hyrlqas/COBYLA	0.76	last_action	RZ(q=3)	1	7	60	49993	0.14285714285714285	0.0012001680235232933	119.03095238095237
hyrlqas/COBYLA	0.76	last_action	RX(q=4)	1	7	6485	49993	0.14285714285714285	0.12971816054247595	1.1012886881815176
hyrlqas/COBYLA	0.76	last_action	RY(q=3)	1	7	93	49993	0.14285714285714285	0.0018602604364611045	76.79416282642089
hyrlqas/COBYLA	0.76	last_action	RY(q=4)	2	7	20550	49993	0.2857142857142857	0.41105754805672795	0.6950712547792839
hyrlqas/COBYLA	0.76	last_action	RY(q=5)	1	7	17335	49993	0.14285714285714285	0.3467485447962715	0.411990605298941
hyrlqas/COBYLA	0.76	last_action	CNOT(2->5)	1	7	55	49993	0.14285714285714285	0.0011001540215630188	129.85194805194806
hyrlqas/COBYLA	0.77	last_action	RY(q=5)	1	12	17335	49988	0.08333333333333333	0.34678322797471395	0.24030381694067876
hyrlqas/COBYLA	0.77	last_action	RY(q=3)	2	12	92	49988	0.16666666666666666	0.0018404417060094423	90.55797101449275
hyrlqas/COBYLA	0.77	last_action	RZ(q=1)	1	12	46	49988	0.08333333333333333	0.0009202208530047211	90.55797101449275
hyrlqas/COBYLA	0.77	last_action	RX(q=5)	2	12	1619	49988	0.16666666666666666	0.03238777306553573	5.145974881614165
hyrlqas/COBYLA	0.77	last_action	CNOT(5->3)	1	12	85	49988	0.08333333333333333	0.0017004080979435064	49.0078431372549
hyrlqas/COBYLA	0.77	last_action	CNOT(5->4)	1	12	580	49988	0.08333333333333333	0.011602784668320397	7.182183908045976
hyrlqas/COBYLA	0.77	last_action	RX(q=4)	1	12	6485	49988	0.08333333333333333	0.12973113547251341	0.6423541506039577
hyrlqas/COBYLA	0.77	last_action	CNOT(4->2)	1	12	112	49988	0.08333333333333333	0.002240537729054973	37.19345238095238
hyrlqas/COBYLA	0.77	last_action	CNOT(0->3)	1	12	37	49988	0.08333333333333333	0.0007401776426342322	112.58558558558558
hyrlqas/COBYLA	0.77	last_action	CNOT(4->1)	1	12	88	49988	0.08333333333333333	0.0017604225014003362	47.337121212121204
hyrlqas/COBYLA	0.78	last_action	RY(q=5)	2	10	17334	49990	0.2	0.346749349869974	0.5767855082496827
hyrlqas/COBYLA	0.78	last_action	RX(q=5)	1	10	1620	49990	0.1	0.032406481296259254	3.0858024691358024
hyrlqas/COBYLA	0.78	last_action	CNOT(2->3)	1	10	50	49990	0.1	0.0010002000400080016	99.98
hyrlqas/COBYLA	0.78	last_action	CNOT(4->0)	1	10	100	49990	0.1	0.002000400080016003	49.99
hyrlqas/COBYLA	0.78	last_action	CNOT(4->5)	1	10	664	49990	0.1	0.013282656531306261	7.528614457831326
hyrlqas/COBYLA	0.78	last_action	CNOT(4->1)	1	10	88	49990	0.1	0.0017603520704140827	56.80681818181819
hyrlqas/COBYLA	0.78	last_action	CNOT(2->4)	1	10	39	49990	0.1	0.0007801560312062412	128.17948717948718
hyrlqas/COBYLA	0.78	last_action	CNOT(1->5)	1	10	58	49990	0.1	0.0011602320464092818	86.18965517241381
hyrlqas/COBYLA	0.78	last_action	CNOT(3->0)	1	10	45	49990	0.1	0.0009001800360072014	111.08888888888889
hyrlqas/COBYLA	0.79	last_action	CNOT(3->2)	1	12	53	49988	0.08333333333333333	0.001060254461070657	78.59748427672956
hyrlqas/COBYLA	0.79	last_action	RY(q=5)	1	12	17335	49988	0.08333333333333333	0.34678322797471395	0.24030381694067876
hyrlqas/COBYLA	0.79	last_action	RX(q=1)	1	12	92	49988	0.08333333333333333	0.0018404417060094423	45.278985507246375
hyrlqas/COBYLA	0.79	last_action	RX(q=5)	2	12	1619	49988	0.16666666666666666	0.03238777306553573	5.145974881614165
hyrlqas/COBYLA	0.79	last_action	CNOT(5->3)	1	12	85	49988	0.08333333333333333	0.0017004080979435064	49.0078431372549
hyrlqas/COBYLA	0.79	last_action	CNOT(2->1)	1	12	46	49988	0.08333333333333333	0.0009202208530047211	90.55797101449275
hyrlqas/COBYLA	0.79	last_action	CNOT(1->3)	1	12	48	49988	0.08333333333333333	0.0009602304553092742	86.78472222222221
hyrlqas/COBYLA	0.79	last_action	RX(q=4)	1	12	6485	49988	0.08333333333333333	0.12973113547251341	0.6423541506039577
hyrlqas/COBYLA	0.79	last_action	CNOT(4->2)	1	12	112	49988	0.08333333333333333	0.002240537729054973	37.19345238095238
hyrlqas/COBYLA	0.79	last_action	CNOT(3->0)	1	12	45	49988	0.08333333333333333	0.0009002160518524446	92.57037037037037
hyrlqas/COBYLA	0.79	last_action	CNOT(5->2)	1	12	119	49988	0.08333333333333333	0.002380571337120909	35.00560224089636
hyrlqas/COBYLA	0.80	last_action	RY(q=4)	2	15	20550	49985	0.13333333333333333	0.4111233370011003	0.3243146796431468
hyrlqas/COBYLA	0.80	last_action	RX(q=2)	1	15	80	49985	0.06666666666666667	0.001600480144043213	41.65416666666667
hyrlqas/COBYLA	0.80	last_action	RX(q=5)	1	15	1620	49985	0.06666666666666667	0.032409722916875064	2.0569958847736625
hyrlqas/COBYLA	0.80	last_action	CNOT(4->1)	1	15	88	49985	0.06666666666666667	0.0017605281584475343	37.86742424242424
hyrlqas/COBYLA	0.80	last_action	CNOT(5->4)	1	15	580	49985	0.06666666666666667	0.011603481044313293	5.745402298850575
hyrlqas/COBYLA	0.80	last_action	CNOT(4->2)	1	15	112	49985	0.06666666666666667	0.002240672201660498	29.75297619047619
hyrlqas/COBYLA	0.80	last_action	RX(q=4)	1	15	6485	49985	0.06666666666666667	0.12973892167650294	0.513852480082241
hyrlqas/COBYLA	0.80	last_action	CNOT(4->3)	1	15	72	49985	0.06666666666666667	0.0014404321296388916	46.28240740740741
hyrlqas/COBYLA	0.80	last_action	CNOT(1->4)	1	15	57	49985	0.06666666666666667	0.0011403421026307892	58.461988304093566
hyrlqas/COBYLA	0.80	last_action	CNOT(3->4)	2	15	48	49985	0.13333333333333333	0.0009602880864259277	138.84722222222223
hyrlqas/COBYLA	0.80	last_action	RY(q=0)	1	15	91	49985	0.06666666666666667	0.0018205461638491547	36.61904761904762
hyrlqas/COBYLA	0.80	last_action	RY(q=5)	1	15	17335	49985	0.06666666666666667	0.3468040412123637	0.19223151620036535
hyrlqas/COBYLA	0.80	last_action	RX(q=3)	1	15	88	49985	0.06666666666666667	0.0017605281584475343	37.86742424242424
hyrlqas/COBYLA	0.81	last_action	RX(q=4)	2	11	6484	49989	0.18181818181818182	0.12970853587789313	1.4017441534406372
hyrlqas/COBYLA	0.81	last_action	CNOT(2->1)	1	11	46	49989	0.09090909090909091	0.0009202024445377983	98.79249011857708
hyrlqas/COBYLA	0.81	last_action	RX(q=0)	2	11	90	49989	0.18181818181818182	0.0018003960871391706	100.9878787878788
hyrlqas/COBYLA	0.81	last_action	RY(q=5)	1	11	17335	49989	0.09090909090909091	0.3467762907839725	0.26215486273173033
hyrlqas/COBYLA	0.81	last_action	CNOT(3->1)	1	11	53	49989	0.09090909090909091	0.0010602332513152894	85.74442538593482
hyrlqas/COBYLA	0.81	last_action	RY(q=1)	1	11	94	49989	0.09090909090909091	0.0018804136910120226	48.34526112185687
hyrlqas/COBYLA	0.81	last_action	CNOT(1->4)	1	11	57	49989	0.09090909090909091	0.0011402508551881414	79.72727272727273
hyrlqas/COBYLA	0.81	last_action	RY(q=4)	2	11	20550	49989	0.18181818181818182	0.4110904398967773	0.44228268082282685
hyrlqas/COBYLA	0.82	last_action	RY(q=2)	2	7	86	49993	0.2857142857142857	0.0017202408337167203	166.08970099667775
hyrlqas/COBYLA	0.82	last_action	RX(q=5)	3	7	1618	49993	0.42857142857142855	0.03236453103434481	13.242009535581847
hyrlqas/COBYLA	0.82	last_action	CNOT(3->2)	1	7	53	49993	0.14285714285714285	0.001060148420778909	134.7520215633423
hyrlqas/COBYLA	0.82	last_action	CNOT(5->3)	1	7	85	49993	0.14285714285714285	0.0017002380333246655	84.0218487394958
hyrlqas/COBYLA	0.83	last_action	RX(q=0)	1	10	91	49990	0.1	0.0018203640728145629	54.93406593406594
hyrlqas/COBYLA	0.83	last_action	CNOT(1->2)	1	10	44	49990	0.1	0.0008801760352070414	113.61363636363637
hyrlqas/COBYLA	0.83	last_action	CNOT(4->1)	1	10	88	49990	0.1	0.0017603520704140827	56.80681818181819
hyrlqas/COBYLA	0.83	last_action	RY(q=5)	1	10	17335	49990	0.1	0.3467693538707742	0.2883761176809922
hyrlqas/COBYLA	0.83	last_action	CNOT(4->3)	2	10	71	49990	0.2	0.0014202840568113622	140.81690140845072
hyrlqas/COBYLA	0.83	last_action	RX(q=5)	3	10	1618	49990	0.3	0.03236647329465893	9.268850432632881
hyrlqas/COBYLA	0.83	last_action	RX(q=1)	1	10	92	49990	0.1	0.001840368073614723	54.33695652173913
hyrlqas/COBYLA	0.84	last_action	RX(q=1)	1	4	92	49996	0.25	0.0018401472117769422	135.8586956521739
hyrlqas/COBYLA	0.84	last_action	RX(q=0)	1	4	91	49996	0.25	0.0018201456116489318	137.35164835164835
hyrlqas/COBYLA	0.84	last_action	CNOT(3->1)	1	4	53	49996	0.25	0.0010600848067845428	235.83018867924528
hyrlqas/COBYLA	0.84	last_action	RY(q=5)	1	4	17335	49996	0.25	0.3467277382190575	0.7210268243438132
hyrlqas/COBYLA	0.85	last_action	CNOT(4->5)	2	8	663	49992	0.25	0.013262121939510322	18.850678733031675
hyrlqas/COBYLA	0.85	last_action	RX(q=0)	1	8	91	49992	0.125	0.0018202912465994558	68.67032967032968
hyrlqas/COBYLA	0.85	last_action	RY(q=4)	1	8	20551	49992	0.125	0.4110857737237958	0.304072794511216
hyrlqas/COBYLA	0.85	last_action	CNOT(5->2)	1	8	119	49992	0.125	0.00238038086093775	52.51260504201681
hyrlqas/COBYLA	0.85	last_action	RZ(q=5)	1	8	41	49992	0.125	0.0008201312209953593	152.41463414634146
hyrlqas/COBYLA	0.85	last_action	RY(q=2)	1	8	87	49992	0.125	0.0017402784445511282	71.82758620689656
hyrlqas/COBYLA	0.85	last_action	CNOT(4->3)	1	8	72	49992	0.125	0.0014402304368698992	86.79166666666667
hyrlqas/COBYLA	0.86	last_action	RY(q=2)	2	4	86	49996	0.5	0.0017201376110088807	290.6744186046512
hyrlqas/COBYLA	0.86	last_action	CNOT(2->3)	1	4	50	49996	0.25	0.001000080006400512	249.98
hyrlqas/COBYLA	0.86	last_action	CNOT(5->1)	1	4	76	49996	0.25	0.0015201216097287782	164.46052631578948
hyrlqas/COBYLA	0.87	last_action	CNOT(3->4)	1	6	49	49994	0.16666666666666666	0.0009801176141136937	170.04761904761904
hyrlqas/COBYLA	0.87	last_action	RY(q=4)	2	6	20550	49994	0.3333333333333333	0.4110493259191103	0.8109326845093268
hyrlqas/COBYLA	0.87	last_action	RZ(q=0)	1	6	43	49994	0.16666666666666666	0.0008601032123854862	193.7751937984496
hyrlqas/COBYLA	0.87	last_action	RX(q=2)	1	6	80	49994	0.16666666666666666	0.001600192023042765	104.15416666666667
hyrlqas/COBYLA	0.87	last_action	RY(q=2)	1	6	87	49994	0.16666666666666666	0.001740208825059007	95.77394636015326
hyrlqas/COBYLA	0.88	last_action	CNOT(4->5)	1	3	664	49997	0.3333333333333333	0.01328079684781087	25.098895582329316
hyrlqas/COBYLA	0.88	last_action	RZ(q=3)	1	3	60	49997	0.3333333333333333	0.0012000720043202592	277.7611111111111
hyrlqas/COBYLA	0.88	last_action	CNOT(5->0)	1	3	82	49997	0.3333333333333333	0.0016400984059043542	203.239837398374
hyrlqas/COBYLA	0.89	last_action	RX(q=4)	2	11	6484	49989	0.18181818181818182	0.12970853587789313	1.4017441534406372
hyrlqas/COBYLA	0.89	last_action	RX(q=5)	1	11	1620	49989	0.09090909090909091	0.03240712956850507	2.8052188552188553
hyrlqas/COBYLA	0.89	last_action	CNOT(4->5)	2	11	663	49989	0.18181818181818182	0.013262917841925223	13.708761826408885
hyrlqas/COBYLA	0.89	last_action	CNOT(5->1)	1	11	76	49989	0.09090909090909091	0.0015203344735841885	59.79545454545455
hyrlqas/COBYLA	0.89	last_action	CNOT(1->3)	1	11	48	49989	0.09090909090909091	0.0009602112464742244	94.67613636363636
hyrlqas/COBYLA	0.89	last_action	CNOT(0->5)	1	11	46	49989	0.09090909090909091	0.0009202024445377983	98.79249011857708
hyrlqas/COBYLA	0.89	last_action	RY(q=4)	1	11	20551	49989	0.09090909090909091	0.4111104442977455	0.2211305797992577
hyrlqas/COBYLA	0.89	last_action	RY(q=3)	1	11	93	49989	0.09090909090909091	0.0018604092900438097	48.86510263929619
hyrlqas/COBYLA	0.89	last_action	CNOT(0->2)	1	11	61	49989	0.09090909090909091	0.0012202684590609935	74.49925484351714
hyrlqas/COBYLA	0.90	last_action	RX(q=4)	1	9	6485	49991	0.1111111111111111	0.12972335020303655	0.8565236014734857
hyrlqas/COBYLA	0.90	last_action	RZ(q=3)	1	9	60	49991	0.1111111111111111	0.0012002160388869996	92.57592592592593
hyrlqas/COBYLA	0.90	last_action	CNOT(3->0)	2	9	44	49991	0.2222222222222222	0.000880158428517133	252.47979797979798
hyrlqas/COBYLA	0.90	last_action	RZ(q=1)	1	9	46	49991	0.1111111111111111	0.0009201656298133664	120.75120772946859
hyrlqas/COBYLA	0.90	last_action	RY(q=5)	1	9	17335	49991	0.1111111111111111	0.3467624172351023	0.3204243181745345
hyrlqas/COBYLA	0.90	last_action	RY(q=4)	1	9	20551	49991	0.1111111111111111	0.4110939969194455	0.2702815218507886
hyrlqas/COBYLA	0.90	last_action	RY(q=0)	1	9	91	49991	0.1111111111111111	0.001820327658978616	61.03907203907204
hyrlqas/COBYLA	0.90	last_action	RY(q=2)	1	9	87	49991	0.1111111111111111	0.0017403132563861496	63.845466155810975
hyrlqas/COBYLA	0.91	last_action	CNOT(3->1)	1	5	53	49995	0.2	0.00106010601060106	188.6603773584906
hyrlqas/COBYLA	0.91	last_action	CNOT(5->4)	1	5	580	49995	0.2	0.0116011601160116	17.239655172413794
hyrlqas/COBYLA	0.91	last_action	CNOT(2->0)	1	5	58	49995	0.2	0.00116011601160116	172.39655172413796
hyrlqas/COBYLA	0.91	last_action	RY(q=5)	1	5	17335	49995	0.2	0.3467346734673467	0.5768099221228729
hyrlqas/COBYLA	0.91	last_action	CNOT(2->1)	1	5	46	49995	0.2	0.00092009200920092	217.36956521739134
hyrlqas/COBYLA	0.92	last_action	RX(q=5)	1	3	1620	49997	0.3333333333333333	0.032401944116647	10.28744855967078
hyrlqas/COBYLA	0.92	last_action	CNOT(4->0)	1	3	100	49997	0.3333333333333333	0.002000120007200432	166.65666666666667
hyrlqas/COBYLA	0.92	last_action	CNOT(3->0)	1	3	45	49997	0.3333333333333333	0.0009000540032401944	370.34814814814814
hyrlqas/COBYLA	0.93	last_action	RY(q=1)	2	5	93	49995	0.4	0.0018601860186018603	215.03225806451613
hyrlqas/COBYLA	0.93	last_action	CNOT(4->0)	1	5	100	49995	0.2	0.002000200020002	99.99000000000001
hyrlqas/COBYLA	0.93	last_action	CNOT(2->0)	1	5	58	49995	0.2	0.00116011601160116	172.39655172413796
hyrlqas/COBYLA	0.93	last_action	RX(q=5)	1	5	1620	49995	0.2	0.032403240324032405	6.1722222222222225
hyrlqas/COBYLA	0.94	last_action	RY(q=4)	2	4	20550	49996	0.5	0.41103288263061044	1.2164476885644768
hyrlqas/COBYLA	0.94	last_action	RZ(q=5)	1	4	41	49996	0.25	0.0008200656052484199	304.8536585365854
hyrlqas/COBYLA	0.94	last_action	RX(q=3)	1	4	88	49996	0.25	0.0017601408112649013	142.0340909090909
hyrlqas/COBYLA	0.95	last_action	CNOT(1->4)	1	9	57	49991	0.1111111111111111	0.0011402052369426498	97.44834307992201
hyrlqas/COBYLA	0.95	last_action	RY(q=5)	1	9	17335	49991	0.1111111111111111	0.3467624172351023	0.3204243181745345
hyrlqas/COBYLA	0.95	last_action	CNOT(2->0)	1	9	58	49991	0.1111111111111111	0.0011602088375907663	95.76819923371647
hyrlqas/COBYLA	0.95	last_action	RZ(q=4)	1	9	42	49991	0.1111111111111111	0.0008401512272208998	132.25132275132273
hyrlqas/COBYLA	0.95	last_action	RY(q=2)	1	9	87	49991	0.1111111111111111	0.0017403132563861496	63.845466155810975
hyrlqas/COBYLA	0.95	last_action	RX(q=1)	1	9	92	49991	0.1111111111111111	0.0018403312596267328	60.375603864734295
hyrlqas/COBYLA	0.95	last_action	RX(q=4)	1	9	6485	49991	0.1111111111111111	0.12972335020303655	0.8565236014734857
hyrlqas/COBYLA	0.95	last_action	CNOT(5->1)	1	9	76	49991	0.1111111111111111	0.0015202736492568663	73.08625730994152
hyrlqas/COBYLA	0.95	last_action	CNOT(3->0)	1	9	45	49991	0.1111111111111111	0.0009001620291652498	123.43456790123456
hyrlqas/COBYLA	0.96	last_action	RZ(q=1)	1	7	46	49993	0.14285714285714285	0.0009201288180345249	155.25776397515526
hyrlqas/COBYLA	0.96	last_action	RX(q=4)	2	7	6484	49993	0.2857142857142857	0.1296981577420839	2.2029170705913454
hyrlqas/COBYLA	0.96	last_action	CNOT(3->4)	1	7	49	49993	0.14285714285714285	0.0009801372192106896	145.75218658892126
hyrlqas/COBYLA	0.96	last_action	CNOT(4->5)	1	7	664	49993	0.14285714285714285	0.013281859460324445	10.755808950086058
hyrlqas/COBYLA	0.96	last_action	CNOT(1->0)	1	7	44	49993	0.14285714285714285	0.000880123217250415	162.31493506493507
hyrlqas/COBYLA	0.96	last_action	RX(q=5)	1	7	1620	49993	0.14285714285714285	0.03240453663512892	4.408553791887125
hyrlqas/COBYLA	0.97	last_action	RX(q=2)	2	9	79	49991	0.2222222222222222	0.0015802844512012163	140.62165963431784
hyrlqas/COBYLA	0.97	last_action	CNOT(1->5)	1	9	58	49991	0.1111111111111111	0.0011602088375907663	95.76819923371647
hyrlqas/COBYLA	0.97	last_action	CNOT(3->2)	2	9	52	49991	0.2222222222222222	0.0010401872337020663	213.63675213675214
hyrlqas/COBYLA	0.97	last_action	RZ(q=1)	1	9	46	49991	0.1111111111111111	0.0009201656298133664	120.75120772946859
hyrlqas/COBYLA	0.97	last_action	CNOT(4->3)	1	9	72	49991	0.1111111111111111	0.0014402592466643996	77.14660493827161
hyrlqas/COBYLA	0.97	last_action	CNOT(2->4)	1	9	39	49991	0.1111111111111111	0.0007801404252765498	142.42450142450141
hyrlqas/COBYLA	0.97	last_action	RX(q=1)	1	9	92	49991	0.1111111111111111	0.0018403312596267328	60.375603864734295
hyrlqas/COBYLA	0.98	last_action	RX(q=5)	1	5	1620	49995	0.2	0.032403240324032405	6.1722222222222225
hyrlqas/COBYLA	0.98	last_action	CNOT(1->2)	1	5	44	49995	0.2	0.0008800880088008801	227.25000000000003
hyrlqas/COBYLA	0.98	last_action	CNOT(3->4)	1	5	49	49995	0.2	0.0009800980098009801	204.06122448979593
hyrlqas/COBYLA	0.98	last_action	RY(q=4)	1	5	20551	49995	0.2	0.4110611061106111	0.4865456668775242
hyrlqas/COBYLA	0.98	last_action	CNOT(3->1)	1	5	53	49995	0.2	0.00106010601060106	188.6603773584906
hyrlqas/COBYLA	0.99	last_action	CNOT(3->5)	1	5	46	49995	0.2	0.00092009200920092	217.36956521739134
hyrlqas/COBYLA	0.99	last_action	CNOT(0->5)	1	5	46	49995	0.2	0.00092009200920092	217.36956521739134
hyrlqas/COBYLA	0.99	last_action	CNOT(4->5)	1	5	664	49995	0.2	0.013281328132813281	15.058734939759036
hyrlqas/COBYLA	0.99	last_action	RY(q=5)	1	5	17335	49995	0.2	0.3467346734673467	0.5768099221228729
hyrlqas/COBYLA	0.99	last_action	RZ(q=4)	1	5	42	49995	0.2	0.0008400840084008401	238.07142857142858
hyrlqas/COBYLA	1.00	last_action	RX(q=0)	1	6	91	49994	0.16666666666666666	0.0018202184262111453	91.56410256410255
hyrlqas/COBYLA	1.00	last_action	CNOT(4->5)	1	6	664	49994	0.16666666666666666	0.01328159379125495	12.548694779116465
hyrlqas/COBYLA	1.00	last_action	CNOT(4->0)	1	6	100	49994	0.16666666666666666	0.0020002400288034565	83.32333333333332
hyrlqas/COBYLA	1.00	last_action	CNOT(5->2)	1	6	119	49994	0.16666666666666666	0.002380285634276113	70.01960784313725
hyrlqas/COBYLA	1.00	last_action	RX(q=5)	1	6	1620	49994	0.16666666666666666	0.032403888466615995	5.143415637860082
hyrlqas/COBYLA	1.00	last_action	RY(q=4)	1	6	20551	49994	0.16666666666666666	0.41106932831939835	0.4054466124924983
hyrlqas/COBYLA	1.01	last_action	RY(q=4)	1	5	20551	49995	0.2	0.4110611061106111	0.4865456668775242
hyrlqas/COBYLA	1.01	last_action	RY(q=1)	1	5	94	49995	0.2	0.0018801880188018803	106.37234042553192
hyrlqas/COBYLA	1.01	last_action	CNOT(3->2)	1	5	53	49995	0.2	0.00106010601060106	188.6603773584906
hyrlqas/COBYLA	1.01	last_action	RY(q=2)	1	5	87	49995	0.2	0.0017401740174017401	114.93103448275863
hyrlqas/COBYLA	1.01	last_action	CNOT(1->5)	1	5	58	49995	0.2	0.00116011601160116	172.39655172413796
hyrlqas/COBYLA	1.02	last_action	CNOT(2->3)	1	5	50	49995	0.2	0.001000100010001	199.98000000000002
hyrlqas/COBYLA	1.02	last_action	CNOT(1->4)	1	5	57	49995	0.2	0.00114011401140114	175.42105263157896
hyrlqas/COBYLA	1.02	last_action	CNOT(3->5)	1	5	46	49995	0.2	0.00092009200920092	217.36956521739134
hyrlqas/COBYLA	1.02	last_action	RZ(q=3)	1	5	60	49995	0.2	0.0012001200120012002	166.65
hyrlqas/COBYLA	1.02	last_action	CNOT(5->0)	1	5	82	49995	0.2	0.0016401640164016402	121.9390243902439
hyrlqas/COBYLA	1.03	last_action	RX(q=4)	1	7	6485	49993	0.14285714285714285	0.12971816054247595	1.1012886881815176
hyrlqas/COBYLA	1.03	last_action	RZ(q=5)	1	7	41	49993	0.14285714285714285	0.0008201148160742504	174.191637630662
hyrlqas/COBYLA	1.03	last_action	CNOT(5->2)	1	7	119	49993	0.14285714285714285	0.0023803332466545315	60.015606242497
hyrlqas/COBYLA	1.03	last_action	RX(q=0)	1	7	91	49993	0.14285714285714285	0.0018202548356769947	78.48194662480377
hyrlqas/COBYLA	1.03	last_action	RZ(q=1)	1	7	46	49993	0.14285714285714285	0.0009201288180345249	155.25776397515526
hyrlqas/COBYLA	1.03	last_action	CNOT(5->1)	1	7	76	49993	0.14285714285714285	0.0015202128297961714	93.9718045112782
hyrlqas/COBYLA	1.03	last_action	CNOT(3->0)	1	7	45	49993	0.14285714285714285	0.00090012601764247	158.7079365079365
hyrlqas/COBYLA	1.04	last_action	RY(q=2)	1	5	87	49995	0.2	0.0017401740174017401	114.93103448275863
hyrlqas/COBYLA	1.04	last_action	RY(q=5)	1	5	17335	49995	0.2	0.3467346734673467	0.5768099221228729
hyrlqas/COBYLA	1.04	last_action	CNOT(1->5)	1	5	58	49995	0.2	0.00116011601160116	172.39655172413796
hyrlqas/COBYLA	1.04	last_action	CNOT(0->5)	1	5	46	49995	0.2	0.00092009200920092	217.36956521739134
hyrlqas/COBYLA	1.04	last_action	RX(q=4)	1	5	6485	49995	0.2	0.12971297129712972	1.5418658442559754
hyrlqas/COBYLA	1.05	last_action	CNOT(3->0)	1	5	45	49995	0.2	0.0009000900090009	222.20000000000002
hyrlqas/COBYLA	1.05	last_action	CNOT(4->0)	1	5	100	49995	0.2	0.002000200020002	99.99000000000001
hyrlqas/COBYLA	1.05	last_action	CNOT(4->3)	1	5	72	49995	0.2	0.00144014401440144	138.875
hyrlqas/COBYLA	1.05	last_action	CNOT(5->3)	1	5	85	49995	0.2	0.0017001700170017002	117.63529411764706
hyrlqas/COBYLA	1.05	last_action	RY(q=3)	1	5	93	49995	0.2	0.0018601860186018603	107.51612903225806
hyrlqas/COBYLA	1.06	last_action	RX(q=3)	1	3	88	49997	0.3333333333333333	0.0017601056063363803	189.38257575757572
hyrlqas/COBYLA	1.06	last_action	RY(q=5)	1	3	17335	49997	0.3333333333333333	0.3467208032481949	0.9613883280453802
hyrlqas/COBYLA	1.06	last_action	RZ(q=3)	1	3	60	49997	0.3333333333333333	0.0012000720043202592	277.7611111111111
hyrlqas/COBYLA	1.07	last_action	RY(q=0)	1	1	91	49999	1.0	0.0018200364007280145	549.4395604395604
hyrlqas/COBYLA	1.08	last_action	RY(q=5)	1	10	17335	49990	0.1	0.3467693538707742	0.2883761176809922
hyrlqas/COBYLA	1.08	last_action	RX(q=4)	3	10	6483	49990	0.3	0.12968593718743748	2.3132808884775566
hyrlqas/COBYLA	1.08	last_action	CNOT(2->0)	1	10	58	49990	0.1	0.0011602320464092818	86.18965517241381
hyrlqas/COBYLA	1.08	last_action	RY(q=4)	1	10	20551	49990	0.1	0.41110222044408884	0.2432485037224466
hyrlqas/COBYLA	1.08	last_action	CNOT(4->1)	1	10	88	49990	0.1	0.0017603520704140827	56.80681818181819
hyrlqas/COBYLA	1.08	last_action	RY(q=0)	1	10	91	49990	0.1	0.0018203640728145629	54.93406593406594
hyrlqas/COBYLA	1.08	last_action	RX(q=0)	1	10	91	49990	0.1	0.0018203640728145629	54.93406593406594
hyrlqas/COBYLA	1.08	last_action	CNOT(5->0)	1	10	82	49990	0.1	0.0016403280656131227	60.96341463414634
hyrlqas/COBYLA	1.09	last_action	RY(q=4)	1	4	20551	49996	0.25	0.41105288423073844	0.6081942484550631
hyrlqas/COBYLA	1.09	last_action	RY(q=5)	1	4	17335	49996	0.25	0.3467277382190575	0.7210268243438132
hyrlqas/COBYLA	1.09	last_action	CNOT(2->5)	1	4	55	49996	0.25	0.0011000880070405632	227.25454545454548
hyrlqas/COBYLA	1.09	last_action	RZ(q=4)	1	4	42	49996	0.25	0.0008400672053764301	297.59523809523813
hyrlqas/COBYLA	1.10	last_action	RY(q=0)	1	3	91	49997	0.3333333333333333	0.0018201092065523931	183.13919413919413
hyrlqas/COBYLA	1.10	last_action	CNOT(0->5)	1	3	46	49997	0.3333333333333333	0.0009200552033121987	362.2971014492754
hyrlqas/COBYLA	1.10	last_action	CNOT(3->0)	1	3	45	49997	0.3333333333333333	0.0009000540032401944	370.34814814814814
hyrlqas/COBYLA	1.11	last_action	RX(q=4)	1	3	6485	49997	0.3333333333333333	0.12970778246694803	2.5698792084297093
hyrlqas/COBYLA	1.11	last_action	CNOT(5->4)	1	3	580	49997	0.3333333333333333	0.011600696041762506	28.73390804597701
hyrlqas/COBYLA	1.11	last_action	RX(q=5)	1	3	1620	49997	0.3333333333333333	0.032401944116647	10.28744855967078
hyrlqas/COBYLA	1.12	last_action	RZ(q=3)	1	3	60	49997	0.3333333333333333	0.0012000720043202592	277.7611111111111
hyrlqas/COBYLA	1.12	last_action	CNOT(2->1)	1	3	46	49997	0.3333333333333333	0.0009200552033121987	362.2971014492754
hyrlqas/COBYLA	1.12	last_action	CNOT(1->4)	1	3	57	49997	0.3333333333333333	0.0011400684041042463	292.3801169590643
hyrlqas/COBYLA	1.13	last_action	RX(q=3)	1	4	88	49996	0.25	0.0017601408112649013	142.0340909090909
hyrlqas/COBYLA	1.13	last_action	CNOT(2->0)	1	4	58	49996	0.25	0.001160092807424594	215.5
hyrlqas/COBYLA	1.13	last_action	CNOT(0->4)	1	4	56	49996	0.25	0.0011200896071685736	223.19642857142856
hyrlqas/COBYLA	1.13	last_action	CNOT(4->0)	1	4	100	49996	0.25	0.002000160012801024	124.99
hyrlqas/COBYLA	1.14	last_action	RZ(q=1)	1	4	46	49996	0.25	0.0009200736058884711	271.7173913043478
hyrlqas/COBYLA	1.14	last_action	CNOT(0->4)	1	4	56	49996	0.25	0.0011200896071685736	223.19642857142856
hyrlqas/COBYLA	1.14	last_action	CNOT(0->1)	1	4	42	49996	0.25	0.0008400672053764301	297.59523809523813
hyrlqas/COBYLA	1.14	last_action	CNOT(1->3)	1	4	48	49996	0.25	0.0009600768061444916	260.3958333333333
hyrlqas/COBYLA	1.15	last_action	CNOT(5->2)	1	2	119	49998	0.5	0.0023800952038081523	210.07563025210084
hyrlqas/COBYLA	1.15	last_action	RX(q=1)	1	2	92	49998	0.5	0.0018400736029441178	271.7282608695652
hyrlqas/COBYLA	1.16	last_action	RX(q=4)	1	1	6485	49999	1.0	0.12970259405188103	7.709946029298381
hyrlqas/COBYLA	1.17	last_action	CNOT(4->3)	1	4	72	49996	0.25	0.0014401152092167373	173.59722222222223
hyrlqas/COBYLA	1.17	last_action	RX(q=2)	1	4	80	49996	0.25	0.0016001280102408192	156.2375
hyrlqas/COBYLA	1.17	last_action	CNOT(5->0)	1	4	82	49996	0.25	0.0016401312104968398	152.4268292682927
hyrlqas/COBYLA	1.17	last_action	RY(q=5)	1	4	17335	49996	0.25	0.3467277382190575	0.7210268243438132
hyrlqas/COBYLA	1.18	last_action	RX(q=1)	1	2	92	49998	0.5	0.0018400736029441178	271.7282608695652
hyrlqas/COBYLA	1.18	last_action	RX(q=3)	1	2	88	49998	0.5	0.0017600704028161126	284.07954545454544
hyrlqas/COBYLA	1.19	last_action	RY(q=4)	1	6	20551	49994	0.16666666666666666	0.41106932831939835	0.4054466124924983
hyrlqas/COBYLA	1.19	last_action	CNOT(5->3)	1	6	85	49994	0.16666666666666666	0.001700204024482938	98.02745098039216
hyrlqas/COBYLA	1.19	last_action	RX(q=4)	1	6	6485	49994	0.16666666666666666	0.12971556586790414	1.2848625032125418
hyrlqas/COBYLA	1.19	last_action	RY(q=5)	1	6	17335	49994	0.16666666666666666	0.34674160899307915	0.48066532064224593
hyrlqas/COBYLA	1.19	last_action	CNOT(2->3)	1	6	50	49994	0.16666666666666666	0.0010001200144017282	166.64666666666665
hyrlqas/COBYLA	1.19	last_action	CNOT(1->3)	1	6	48	49994	0.16666666666666666	0.0009601152138256591	173.59027777777777
hyrlqas/COBYLA	1.20	last_action	CNOT(5->0)	1	5	82	49995	0.2	0.0016401640164016402	121.9390243902439
hyrlqas/COBYLA	1.20	last_action	CNOT(1->4)	1	5	57	49995	0.2	0.00114011401140114	175.42105263157896
hyrlqas/COBYLA	1.20	last_action	RY(q=5)	1	5	17335	49995	0.2	0.3467346734673467	0.5768099221228729
hyrlqas/COBYLA	1.20	last_action	RX(q=0)	1	5	91	49995	0.2	0.00182018201820182	109.87912087912089
hyrlqas/COBYLA	1.20	last_action	RX(q=4)	1	5	6485	49995	0.2	0.12971297129712972	1.5418658442559754
hyrlqas/COBYLA	1.21	last_action	CNOT(3->4)	1	3	49	49997	0.3333333333333333	0.0009800588035282116	340.1156462585034
hyrlqas/COBYLA	1.21	last_action	RX(q=5)	1	3	1620	49997	0.3333333333333333	0.032401944116647	10.28744855967078
hyrlqas/COBYLA	1.21	last_action	CNOT(4->5)	1	3	664	49997	0.3333333333333333	0.01328079684781087	25.098895582329316
hyrlqas/COBYLA	1.22	last_action	RY(q=5)	1	3	17335	49997	0.3333333333333333	0.3467208032481949	0.9613883280453802
hyrlqas/COBYLA	1.22	last_action	RX(q=1)	1	3	92	49997	0.3333333333333333	0.0018401104066243974	181.1485507246377
hyrlqas/COBYLA	1.22	last_action	RY(q=2)	1	3	87	49997	0.3333333333333333	0.0017401044062643758	191.55938697318007
hyrlqas/COBYLA	1.23	last_action	RZ(q=4)	1	5	42	49995	0.2	0.0008400840084008401	238.07142857142858
hyrlqas/COBYLA	1.23	last_action	CNOT(3->4)	1	5	49	49995	0.2	0.0009800980098009801	204.06122448979593
hyrlqas/COBYLA	1.23	last_action	CNOT(0->2)	1	5	61	49995	0.2	0.0012201220122012202	163.91803278688525
hyrlqas/COBYLA	1.23	last_action	RX(q=0)	1	5	91	49995	0.2	0.00182018201820182	109.87912087912089
hyrlqas/COBYLA	1.23	last_action	CNOT(1->5)	1	5	58	49995	0.2	0.00116011601160116	172.39655172413796
hyrlqas/COBYLA	1.24	last_action	CNOT(2->3)	1	2	50	49998	0.5	0.001000040001600064	499.97999999999996
hyrlqas/COBYLA	1.24	last_action	RX(q=1)	1	2	92	49998	0.5	0.0018400736029441178	271.7282608695652
hyrlqas/COBYLA	1.25	last_action	RX(q=1)	1	3	92	49997	0.3333333333333333	0.0018401104066243974	181.1485507246377
hyrlqas/COBYLA	1.25	last_action	CNOT(3->4)	1	3	49	49997	0.3333333333333333	0.0009800588035282116	340.1156462585034
hyrlqas/COBYLA	1.25	last_action	RY(q=0)	1	3	91	49997	0.3333333333333333	0.0018201092065523931	183.13919413919413
hyrlqas/COBYLA	1.26	last_action	CNOT(5->3)	1	8	85	49992	0.125	0.0017002720435269642	73.51764705882353
hyrlqas/COBYLA	1.26	last_action	RZ(q=0)	1	8	43	49992	0.125	0.0008601376220195231	145.32558139534885
hyrlqas/COBYLA	1.26	last_action	CNOT(5->1)	1	8	76	49992	0.125	0.001520243238918227	82.22368421052632
hyrlqas/COBYLA	1.26	last_action	RX(q=1)	1	8	92	49992	0.125	0.0018402944471115378	67.92391304347827
hyrlqas/COBYLA	1.26	last_action	RY(q=0)	1	8	91	49992	0.125	0.0018202912465994558	68.67032967032968
hyrlqas/COBYLA	1.26	last_action	RX(q=0)	1	8	91	49992	0.125	0.0018202912465994558	68.67032967032968
hyrlqas/COBYLA	1.26	last_action	CNOT(4->2)	1	8	112	49992	0.125	0.0022403584573531766	55.794642857142854
hyrlqas/COBYLA	1.26	last_action	CNOT(4->5)	1	8	664	49992	0.125	0.013282125140022404	9.411144578313253
hyrlqas/COBYLA	1.27	last_action	CNOT(4->2)	1	1	112	49999	1.0	0.002240044800896018	446.41964285714283
hyrlqas/COBYLA	1.28	last_action	CNOT(4->1)	1	3	88	49997	0.3333333333333333	0.0017601056063363803	189.38257575757572
hyrlqas/COBYLA	1.28	last_action	CNOT(4->0)	1	3	100	49997	0.3333333333333333	0.002000120007200432	166.65666666666667
hyrlqas/COBYLA	1.28	last_action	CNOT(1->3)	1	3	48	49997	0.3333333333333333	0.0009600576034562074	347.20138888888886
hyrlqas/COBYLA	1.29	last_action	RX(q=0)	1	5	91	49995	0.2	0.00182018201820182	109.87912087912089
hyrlqas/COBYLA	1.29	last_action	CNOT(2->5)	1	5	55	49995	0.2	0.0011001100110011	181.8
hyrlqas/COBYLA	1.29	last_action	CNOT(0->5)	1	5	46	49995	0.2	0.00092009200920092	217.36956521739134
hyrlqas/COBYLA	1.29	last_action	RX(q=5)	1	5	1620	49995	0.2	0.032403240324032405	6.1722222222222225
hyrlqas/COBYLA	1.29	last_action	RZ(q=3)	1	5	60	49995	0.2	0.0012001200120012002	166.65
hyrlqas/COBYLA	1.30	last_action	CNOT(1->5)	1	2	58	49998	0.5	0.0011600464018560743	431.0172413793103
hyrlqas/COBYLA	1.30	last_action	RY(q=5)	1	2	17335	49998	0.5	0.3467138685547422	1.4421113354485147
hyrlqas/COBYLA	1.31	last_action	RY(q=5)	1	5	17335	49995	0.2	0.3467346734673467	0.5768099221228729
hyrlqas/COBYLA	1.31	last_action	RX(q=4)	2	5	6484	49995	0.4	0.1296929692969297	3.0842072794571256
hyrlqas/COBYLA	1.31	last_action	CNOT(4->0)	1	5	100	49995	0.2	0.002000200020002	99.99000000000001
hyrlqas/COBYLA	1.31	last_action	CNOT(2->3)	1	5	50	49995	0.2	0.001000100010001	199.98000000000002
hyrlqas/COBYLA	1.32	last_action	RX(q=5)	1	3	1620	49997	0.3333333333333333	0.032401944116647	10.28744855967078
hyrlqas/COBYLA	1.32	last_action	CNOT(5->4)	1	3	580	49997	0.3333333333333333	0.011600696041762506	28.73390804597701
hyrlqas/COBYLA	1.32	last_action	CNOT(5->3)	1	3	85	49997	0.3333333333333333	0.0017001020061203672	196.06666666666666
hyrlqas/COBYLA	1.33	last_action	RZ(q=3)	1	6	60	49994	0.16666666666666666	0.0012001440172820738	138.87222222222223
hyrlqas/COBYLA	1.33	last_action	RX(q=3)	1	6	88	49994	0.16666666666666666	0.0017602112253470416	94.68560606060606
hyrlqas/COBYLA	1.33	last_action	RY(q=1)	1	6	94	49994	0.16666666666666666	0.001880225627075249	88.6418439716312
hyrlqas/COBYLA	1.33	last_action	RX(q=0)	1	6	91	49994	0.16666666666666666	0.0018202184262111453	91.56410256410255
hyrlqas/COBYLA	1.33	last_action	CNOT(5->2)	1	6	119	49994	0.16666666666666666	0.002380285634276113	70.01960784313725
hyrlqas/COBYLA	1.33	last_action	RY(q=4)	1	6	20551	49994	0.16666666666666666	0.41106932831939835	0.4054466124924983
hyrlqas/COBYLA	1.34	last_action	CNOT(5->4)	1	4	580	49996	0.25	0.01160092807424594	21.55
hyrlqas/COBYLA	1.34	last_action	RY(q=2)	1	4	87	49996	0.25	0.0017401392111368909	143.66666666666669
hyrlqas/COBYLA	1.34	last_action	RX(q=4)	1	4	6485	49996	0.25	0.1297103768301464	1.9273708558211258
hyrlqas/COBYLA	1.34	last_action	CNOT(2->5)	1	4	55	49996	0.25	0.0011000880070405632	227.25454545454548
hyrlqas/COBYLA	1.35	last_action	RX(q=2)	2	3	79	49997	0.6666666666666666	0.0015800948056883413	421.91561181434594
hyrlqas/COBYLA	1.35	last_action	CNOT(0->4)	1	3	56	49997	0.3333333333333333	0.001120067204032242	297.6011904761904
hyrlqas/COBYLA	1.36	last_action	RX(q=4)	1	1	6485	49999	1.0	0.12970259405188103	7.709946029298381
hyrlqas/COBYLA	1.37	last_action	CNOT(4->5)	2	5	663	49995	0.4	0.013261326132613261	30.162895927601813
hyrlqas/COBYLA	1.37	last_action	RY(q=0)	1	5	91	49995	0.2	0.00182018201820182	109.87912087912089
hyrlqas/COBYLA	1.37	last_action	CNOT(5->3)	1	5	85	49995	0.2	0.0017001700170017002	117.63529411764706
hyrlqas/COBYLA	1.37	last_action	RX(q=5)	1	5	1620	49995	0.2	0.032403240324032405	6.1722222222222225
hyrlqas/COBYLA	1.38	last_action	RY(q=4)	1	1	20551	49999	1.0	0.4110282205644113	2.432922972118145
hyrlqas/COBYLA	1.39	last_action	CNOT(4->5)	1	6	664	49994	0.16666666666666666	0.01328159379125495	12.548694779116465
hyrlqas/COBYLA	1.39	last_action	CNOT(0->1)	1	6	42	49994	0.16666666666666666	0.0008401008120974517	198.38888888888889
hyrlqas/COBYLA	1.39	last_action	RZ(q=3)	1	6	60	49994	0.16666666666666666	0.0012001440172820738	138.87222222222223
hyrlqas/COBYLA	1.39	last_action	RX(q=2)	2	6	79	49994	0.3333333333333333	0.0015801896227547307	210.94514767932486
hyrlqas/COBYLA	1.39	last_action	RX(q=1)	1	6	92	49994	0.16666666666666666	0.00184022082649918	90.56884057971014
hyrlqas/COBYLA	1.40	last_action	CNOT(3->4)	1	4	49	49996	0.25	0.0009800784062725019	255.0816326530612
hyrlqas/COBYLA	1.40	last_action	RY(q=4)	1	4	20551	49996	0.25	0.41105288423073844	0.6081942484550631
hyrlqas/COBYLA	1.40	last_action	CNOT(3->5)	1	4	46	49996	0.25	0.0009200736058884711	271.7173913043478
hyrlqas/COBYLA	1.40	last_action	RX(q=4)	1	4	6485	49996	0.25	0.1297103768301464	1.9273708558211258
hyrlqas/COBYLA	1.41	last_action	RX(q=0)	1	9	91	49991	0.1111111111111111	0.001820327658978616	61.03907203907204
hyrlqas/COBYLA	1.41	last_action	RX(q=3)	1	9	88	49991	0.1111111111111111	0.001760316857034266	63.119949494949495
hyrlqas/COBYLA	1.41	last_action	CNOT(5->4)	1	9	580	49991	0.1111111111111111	0.011602088375907663	9.576819923371648
hyrlqas/COBYLA	1.41	last_action	RY(q=3)	2	9	92	49991	0.2222222222222222	0.0018403312596267328	120.75120772946859
hyrlqas/COBYLA	1.41	last_action	RY(q=5)	1	9	17335	49991	0.1111111111111111	0.3467624172351023	0.3204243181745345
hyrlqas/COBYLA	1.41	last_action	CNOT(2->3)	1	9	50	49991	0.1111111111111111	0.001000180032405833	111.0911111111111
hyrlqas/COBYLA	1.41	last_action	CNOT(5->0)	1	9	82	49991	0.1111111111111111	0.0016402952531455663	67.73848238482384
hyrlqas/COBYLA	1.41	last_action	CNOT(5->2)	1	9	119	49991	0.1111111111111111	0.0023804284771258826	46.676937441643325
hyrlqas/COBYLA	1.42	last_action	RY(q=5)	1	10	17335	49990	0.1	0.3467693538707742	0.2883761176809922
hyrlqas/COBYLA	1.42	last_action	RY(q=0)	1	10	91	49990	0.1	0.0018203640728145629	54.93406593406594
hyrlqas/COBYLA	1.42	last_action	CNOT(5->2)	3	10	117	49990	0.3	0.002340468093618724	128.17948717948715
hyrlqas/COBYLA	1.42	last_action	RZ(q=0)	1	10	43	49990	0.1	0.0008601720344068814	116.25581395348837
hyrlqas/COBYLA	1.42	last_action	RY(q=2)	1	10	87	49990	0.1	0.0017403480696139228	57.45977011494253
hyrlqas/COBYLA	1.42	last_action	RY(q=3)	1	10	93	49990	0.1	0.001860372074414883	53.752688172043015
hyrlqas/COBYLA	1.42	last_action	RX(q=0)	1	10	91	49990	0.1	0.0018203640728145629	54.93406593406594
hyrlqas/COBYLA	1.42	last_action	CNOT(3->2)	1	10	53	49990	0.1	0.0010602120424084817	94.32075471698114
hyrlqas/COBYLA	1.43	last_action	RY(q=5)	1	1	17335	49999	1.0	0.34670693413868275	2.8842803576579175
hyrlqas/COBYLA	1.44	last_action	RX(q=2)	1	6	80	49994	0.16666666666666666	0.001600192023042765	104.15416666666667
hyrlqas/COBYLA	1.44	last_action	CNOT(2->1)	1	6	46	49994	0.16666666666666666	0.00092011041324959	181.13768115942028
hyrlqas/COBYLA	1.44	last_action	RY(q=5)	2	6	17334	49994	0.3333333333333333	0.3467216065927911	0.9613861005345948
hyrlqas/COBYLA	1.44	last_action	RX(q=4)	1	6	6485	49994	0.16666666666666666	0.12971556586790414	1.2848625032125418
hyrlqas/COBYLA	1.44	last_action	RZ(q=5)	1	6	41	49994	0.16666666666666666	0.0008200984118094171	203.22764227642276
hyrlqas/COBYLA	1.45	last_action	RX(q=1)	1	3	92	49997	0.3333333333333333	0.0018401104066243974	181.1485507246377
hyrlqas/COBYLA	1.45	last_action	RY(q=4)	1	3	20551	49997	0.3333333333333333	0.4110446626797608	0.8109418844176276
hyrlqas/COBYLA	1.45	last_action	RY(q=0)	1	3	91	49997	0.3333333333333333	0.0018201092065523931	183.13919413919413
hyrlqas/COBYLA	1.46	last_action	CNOT(1->2)	1	1	44	49999	1.0	0.000880017600352007	1136.3409090909092
hyrlqas/COBYLA	1.47	last_action	RX(q=1)	1	5	92	49995	0.2	0.00184018401840184	108.68478260869567
hyrlqas/COBYLA	1.47	last_action	RY(q=2)	1	5	87	49995	0.2	0.0017401740174017401	114.93103448275863
hyrlqas/COBYLA	1.47	last_action	RY(q=4)	1	5	20551	49995	0.2	0.4110611061106111	0.4865456668775242
hyrlqas/COBYLA	1.47	last_action	RX(q=0)	1	5	91	49995	0.2	0.00182018201820182	109.87912087912089
hyrlqas/COBYLA	1.47	last_action	RZ(q=3)	1	5	60	49995	0.2	0.0012001200120012002	166.65
hyrlqas/COBYLA	1.48	last_action	CNOT(2->5)	1	1	55	49999	1.0	0.001100022000440009	909.0727272727272
hyrlqas/COBYLA	1.49	last_action	CNOT(2->1)	1	3	46	49997	0.3333333333333333	0.0009200552033121987	362.2971014492754
hyrlqas/COBYLA	1.49	last_action	CNOT(4->1)	1	3	88	49997	0.3333333333333333	0.0017601056063363803	189.38257575757572
hyrlqas/COBYLA	1.49	last_action	CNOT(3->5)	1	3	46	49997	0.3333333333333333	0.0009200552033121987	362.2971014492754
hyrlqas/COBYLA	1.50	last_action	CNOT(5->0)	1	7	82	49993	0.14285714285714285	0.0016402296321485009	87.095818815331
hyrlqas/COBYLA	1.50	last_action	RY(q=0)	1	7	91	49993	0.14285714285714285	0.0018202548356769947	78.48194662480377
hyrlqas/COBYLA	1.50	last_action	CNOT(1->3)	1	7	48	49993	0.14285714285714285	0.0009601344188186346	148.78869047619048
hyrlqas/COBYLA	1.50	last_action	CNOT(1->0)	1	7	44	49993	0.14285714285714285	0.000880123217250415	162.31493506493507
hyrlqas/COBYLA	1.50	last_action	CNOT(0->2)	1	7	61	49993	0.14285714285714285	0.001220170823915348	117.07962529274005
hyrlqas/COBYLA	1.50	last_action	RZ(q=1)	1	7	46	49993	0.14285714285714285	0.0009201288180345249	155.25776397515526
hyrlqas/COBYLA	1.50	last_action	CNOT(4->5)	1	7	664	49993	0.14285714285714285	0.013281859460324445	10.755808950086058
hyrlqas/COBYLA	1.51	last_action	CNOT(2->4)	1	1	39	49999	1.0	0.0007800156003120063	1282.0256410256409
hyrlqas/COBYLA	1.52	last_action	CNOT(1->0)	1	6	44	49994	0.16666666666666666	0.0008801056126735208	189.37121212121212
hyrlqas/COBYLA	1.52	last_action	RY(q=4)	1	6	20551	49994	0.16666666666666666	0.41106932831939835	0.4054466124924983
hyrlqas/COBYLA	1.52	last_action	RX(q=0)	1	6	91	49994	0.16666666666666666	0.0018202184262111453	91.56410256410255
hyrlqas/COBYLA	1.52	last_action	RZ(q=0)	1	6	43	49994	0.16666666666666666	0.0008601032123854862	193.7751937984496
hyrlqas/COBYLA	1.52	last_action	RX(q=1)	2	6	91	49994	0.3333333333333333	0.0018202184262111453	183.1282051282051
hyrlqas/COBYLA	1.53	last_action	CNOT(1->4)	1	2	57	49998	0.5	0.001140045601824073	438.5789473684211
hyrlqas/COBYLA	1.53	last_action	RX(q=5)	1	2	1620	49998	0.5	0.032401296051842075	15.43148148148148
hyrlqas/COBYLA	1.54	last_action	RY(q=1)	1	4	94	49996	0.25	0.0018801504120329626	132.96808510638297
hyrlqas/COBYLA	1.54	last_action	CNOT(1->2)	1	4	44	49996	0.25	0.0008800704056324506	284.0681818181818
hyrlqas/COBYLA	1.54	last_action	CNOT(2->1)	1	4	46	49996	0.25	0.0009200736058884711	271.7173913043478
hyrlqas/COBYLA	1.54	last_action	RX(q=5)	1	4	1620	49996	0.25	0.03240259220737659	7.715432098765432
hyrlqas/COBYLA	1.55	last_action	RZ(q=5)	1	2	41	49998	0.5	0.0008200328013120525	609.7317073170732
hyrlqas/COBYLA	1.55	last_action	CNOT(5->4)	1	2	580	49998	0.5	0.011600464018560743	43.101724137931036
hyrlqas/COBYLA	1.56	last_action	RY(q=5)	1	2	17335	49998	0.5	0.3467138685547422	1.4421113354485147
hyrlqas/COBYLA	1.56	last_action	RX(q=4)	1	2	6485	49998	0.5	0.1297051882075283	3.8548959136468777
hyrlqas/COBYLA	1.57	last_action	RX(q=4)	1	4	6485	49996	0.25	0.1297103768301464	1.9273708558211258
hyrlqas/COBYLA	1.57	last_action	CNOT(4->0)	1	4	100	49996	0.25	0.002000160012801024	124.99
hyrlqas/COBYLA	1.57	last_action	RZ(q=3)	1	4	60	49996	0.25	0.0012000960076806145	208.31666666666666
hyrlqas/COBYLA	1.57	last_action	RY(q=5)	1	4	17335	49996	0.25	0.3467277382190575	0.7210268243438132
hyrlqas/COBYLA	1.58	last_action	CNOT(5->3)	1	4	85	49996	0.25	0.0017001360108808705	147.0470588235294
hyrlqas/COBYLA	1.58	last_action	RY(q=0)	1	4	91	49996	0.25	0.0018201456116489318	137.35164835164835
hyrlqas/COBYLA	1.58	last_action	RY(q=3)	1	4	93	49996	0.25	0.0018601488119049524	134.3978494623656
hyrlqas/COBYLA	1.58	last_action	CNOT(4->5)	1	4	664	49996	0.25	0.0132810624849988	18.823795180722893
hyrlqas/COBYLA	1.59	last_action	CNOT(3->5)	1	1	46	49999	1.0	0.0009200184003680074	1086.9347826086955
hyrlqas/COBYLA	1.60	last_action	CNOT(3->1)	1	1	53	49999	1.0	0.0010600212004240085	943.377358490566
hyrlqas/COBYLA	failure	last_action	RX(q=5)	47	1591	1574	48409	0.0295411690760528	0.032514615050920286	0.9085504789089198
hyrlqas/COBYLA	failure	last_action	RZ(q=3)	36	1591	25	48409	0.02262727844123193	0.0005164328947096614	43.81455688246386
hyrlqas/COBYLA	failure	last_action	CNOT(3->1)	36	1591	18	48409	0.02262727844123193	0.0003718316841909562	60.85355122564425
hyrlqas/COBYLA	failure	last_action	CNOT(2->3)	25	1591	26	48409	0.01571338780641106	0.0005370902104980479	29.256515012328965
hyrlqas/COBYLA	failure	last_action	CNOT(5->0)	31	1591	52	48409	0.01948460087994972	0.0010741804209960957	18.139039307643962
hyrlqas/COBYLA	failure	last_action	RY(q=2)	24	1591	64	48409	0.01508485229415462	0.0013220682104567332	11.410040854808297
hyrlqas/COBYLA	failure	last_action	RX(q=2)	34	1591	47	48409	0.021370207416719043	0.0009708938420541635	22.01085895395643
hyrlqas/COBYLA	failure	last_action	CNOT(2->4)	27	1591	13	48409	0.01697045883092395	0.00026854510524902393	63.194072426630576
hyrlqas/COBYLA	failure	last_action	CNOT(0->4)	42	1591	15	48409	0.026398491514770583	0.00030985973682579683	85.19497171590196
hyrlqas/COBYLA	failure	last_action	CNOT(2->0)	38	1591	21	48409	0.023884349465744813	0.0004338036315561156	55.05797491844003
hyrlqas/COBYLA	failure	last_action	CNOT(2->5)	38	1591	18	48409	0.023884349465744813	0.0003718316841909562	64.23430407151338
hyrlqas/COBYLA	failure	last_action	RX(q=4)	49	1591	6437	48409	0.030798240100565682	0.13297114172984362	0.23161597095359393
hyrlqas/COBYLA	failure	last_action	CNOT(1->2)	29	1591	16	48409	0.018227529855436832	0.0003305170526141833	55.1485307982401
hyrlqas/COBYLA	failure	last_action	CNOT(5->3)	23	1591	63	48409	0.014456316781898177	0.0013014108946683468	11.10818792214141
hyrlqas/COBYLA	failure	last_action	CNOT(1->3)	29	1591	20	48409	0.018227529855436832	0.00041314631576772916	44.11882463859208
hyrlqas/COBYLA	failure	last_action	CNOT(4->0)	30	1591	71	48409	0.018856065367693273	0.0014666694209754384	12.856384061755827
hyrlqas/COBYLA	failure	last_action	CNOT(1->5)	33	1591	26	48409	0.020741671904462602	0.0005370902104980479	38.618599816274234
hyrlqas/COBYLA	failure	last_action	RY(q=3)	38	1591	56	48409	0.023884349465744813	0.0011568096841496416	20.64674059441501
hyrlqas/COBYLA	failure	last_action	CNOT(4->1)	41	1591	48	48409	0.025769956002514142	0.00099155115784255	25.989537502618894
hyrlqas/COBYLA	failure	last_action	CNOT(4->5)	38	1591	627	48409	0.023884349465744813	0.012952136999318308	1.8440470068377044
hyrlqas/COBYLA	failure	last_action	CNOT(4->3)	23	1591	50	48409	0.014456316781898177	0.0010328657894193229	13.996316781898177
hyrlqas/COBYLA	failure	last_action	RY(q=1)	39	1591	56	48409	0.02451288497800126	0.0011568096841496416	21.19007587321541
hyrlqas/COBYLA	failure	last_action	RZ(q=0)	31	1591	13	48409	0.01948460087994972	0.00026854510524902393	72.55615723057585
hyrlqas/COBYLA	failure	last_action	RY(q=5)	56	1591	17280	48409	0.03519798868636078	0.35695841682331797	0.09860529133784948
hyrlqas/COBYLA	failure	last_action	CNOT(5->2)	37	1591	83	48409	0.023255813953488372	0.001714557210436076	13.563743345474922
hyrlqas/COBYLA	failure	last_action	RZ(q=5)	29	1591	13	48409	0.018227529855436832	0.00026854510524902393	67.8751148286032
hyrlqas/COBYLA	failure	last_action	CNOT(0->5)	32	1591	15	48409	0.02011313639220616	0.00030985973682579683	64.9104546406872
hyrlqas/COBYLA	failure	last_action	CNOT(1->0)	24	1591	21	48409	0.01508485229415462	0.0004338036315561156	34.77345784322529
hyrlqas/COBYLA	failure	last_action	CNOT(3->0)	23	1591	23	48409	0.014456316781898177	0.00047511826313288854	30.426775612822123
hyrlqas/COBYLA	failure	last_action	RZ(q=4)	32	1591	11	48409	0.02011313639220616	0.00022723047367225103	88.51425632820981
hyrlqas/COBYLA	failure	last_action	CNOT(3->2)	40	1591	14	48409	0.0251414204902577	0.0002892024210374104	86.93364460806322
hyrlqas/COBYLA	failure	last_action	RX(q=1)	30	1591	63	48409	0.018856065367693273	0.0013014108946683468	14.488940768010535
hyrlqas/COBYLA	failure	last_action	RZ(q=2)	35	1591	14	48409	0.02199874292897549	0.0002892024210374104	76.06693903205532
hyrlqas/COBYLA	failure	last_action	CNOT(5->1)	27	1591	50	48409	0.01697045883092395	0.0010328657894193229	16.430458830923946
hyrlqas/COBYLA	failure	last_action	CNOT(0->2)	37	1591	25	48409	0.023255813953488372	0.0005164328947096614	45.031627906976745
hyrlqas/COBYLA	failure	last_action	CNOT(3->4)	29	1591	21	48409	0.018227529855436832	0.0004338036315561156	42.017928227230556
hyrlqas/COBYLA	failure	last_action	CNOT(1->4)	35	1591	23	48409	0.02199874292897549	0.00047511826313288854	46.30161506299019
hyrlqas/COBYLA	failure	last_action	CNOT(3->5)	31	1591	16	48409	0.01948460087994972	0.0003305170526141833	58.95187774984287
hyrlqas/COBYLA	failure	last_action	CNOT(4->2)	36	1591	77	48409	0.02262727844123193	0.0015906133157057572	14.225505481319436
hyrlqas/COBYLA	failure	last_action	RZ(q=1)	31	1591	16	48409	0.01948460087994972	0.0003305170526141833	58.95187774984287
hyrlqas/COBYLA	failure	last_action	CNOT(0->1)	31	1591	12	48409	0.01948460087994972	0.0002478877894606375	78.60250366645715
hyrlqas/COBYLA	failure	last_action	RY(q=0)	29	1591	63	48409	0.018227529855436832	0.0013014108946683468	14.005976075743517
hyrlqas/COBYLA	failure	last_action	CNOT(5->4)	31	1591	550	48409	0.01948460087994972	0.011361523683612552	1.7149637163590652
hyrlqas/COBYLA	failure	last_action	CNOT(2->1)	26	1591	21	48409	0.016341923318667503	0.0004338036315561156	37.67124599682739
hyrlqas/COBYLA	failure	last_action	CNOT(0->3)	30	1591	8	48409	0.018856065367693273	0.00016525852630709165	114.10040854808297
hyrlqas/COBYLA	failure	last_action	RX(q=3)	36	1591	53	48409	0.02262727844123193	0.0010948377367844821	20.667243812482955
hyrlqas/COBYLA	failure	last_action	RY(q=4)	42	1591	20510	48409	0.026398491514770583	0.42368154681980624	0.06230739033342414
hyrlqas/COBYLA	failure	last_action	RX(q=0)	21	1591	71	48409	0.013199245757385292	0.0014666694209754384	8.99946884322908
hyrlqas/Rotosolve	0.27	last_action	CNOT(3->0)	1	9	103	49991	0.1111111111111111	0.002060370866756016	53.927723840345195
hyrlqas/Rotosolve	0.27	last_action	RX(q=5)	1	9	1857	49991	0.1111111111111111	0.03714668640355264	2.9911446179620653
hyrlqas/Rotosolve	0.27	last_action	CNOT(5->4)	2	9	920	49991	0.2222222222222222	0.01840331259626733	12.075120772946859
hyrlqas/Rotosolve	0.27	last_action	RZ(q=0)	1	9	140	49991	0.1111111111111111	0.0028005040907363326	39.675396825396824
hyrlqas/Rotosolve	0.27	last_action	CNOT(1->5)	1	9	137	49991	0.1111111111111111	0.0027404932887919826	40.54420113544201
hyrlqas/Rotosolve	0.27	last_action	CNOT(5->0)	1	9	133	49991	0.1111111111111111	0.002660478886199516	41.76357560568086
hyrlqas/Rotosolve	0.27	last_action	CNOT(4->2)	2	9	142	49991	0.2222222222222222	0.0028405112920325657	78.23317683881065
hyrlqas/Rotosolve	0.28	last_action	CNOT(5->3)	1	3	129	49997	0.3333333333333333	0.0025801548092885575	129.19121447028422
hyrlqas/Rotosolve	0.28	last_action	CNOT(3->5)	1	3	146	49997	0.3333333333333333	0.002920175210512631	114.148401826484
hyrlqas/Rotosolve	0.28	last_action	RX(q=0)	1	3	146	49997	0.3333333333333333	0.002920175210512631	114.148401826484
hyrlqas/Rotosolve	0.29	last_action	CNOT(4->5)	1	1	7886	49999	1.0	0.15772315446308927	6.340223180319554
hyrlqas/Rotosolve	0.31	last_action	CNOT(5->1)	1	2	92	49998	0.5	0.0018400736029441178	271.7282608695652
hyrlqas/Rotosolve	0.31	last_action	CNOT(3->4)	1	2	117	49998	0.5	0.00234009360374415	213.66666666666666
hyrlqas/Rotosolve	0.32	last_action	CNOT(4->5)	1	1	7886	49999	1.0	0.15772315446308927	6.340223180319554
hyrlqas/Rotosolve	0.33	last_action	CNOT(5->2)	1	2	153	49998	0.5	0.0030601224048961958	163.3921568627451
hyrlqas/Rotosolve	0.33	last_action	CNOT(0->1)	1	2	111	49998	0.5	0.002220088803552142	225.2162162162162
hyrlqas/Rotosolve	0.34	last_action	CNOT(3->1)	1	2	111	49998	0.5	0.002220088803552142	225.2162162162162
hyrlqas/Rotosolve	0.34	last_action	CNOT(2->4)	1	2	150	49998	0.5	0.003000120004800192	166.66
hyrlqas/Rotosolve	0.37	last_action	RZ(q=2)	1	2	121	49998	0.5	0.002420096803872155	206.60330578512395
hyrlqas/Rotosolve	0.37	last_action	RX(q=5)	1	2	1857	49998	0.5	0.037141485659426376	13.462035541195476
hyrlqas/Rotosolve	0.38	last_action	CNOT(0->1)	1	1	111	49999	1.0	0.0022200444008880177	450.44144144144144
hyrlqas/Rotosolve	0.40	last_action	CNOT(4->0)	1	1	124	49999	1.0	0.00248004960099202	403.2177419354839
hyrlqas/Rotosolve	0.41	last_action	CNOT(0->1)	1	1	111	49999	1.0	0.0022200444008880177	450.44144144144144
hyrlqas/Rotosolve	0.43	last_action	RY(q=4)	1	1	6852	49999	1.0	0.1370427408548171	7.296993578517221
hyrlqas/Rotosolve	0.44	last_action	CNOT(4->2)	1	1	143	49999	1.0	0.002860057201144023	349.64335664335664
hyrlqas/Rotosolve	0.45	last_action	CNOT(4->3)	1	1	138	49999	1.0	0.002760055201104022	362.31159420289856
hyrlqas/Rotosolve	0.48	last_action	CNOT(2->3)	1	3	121	49997	0.3333333333333333	0.002420145208712523	137.732782369146
hyrlqas/Rotosolve	0.48	last_action	CNOT(4->3)	1	3	138	49997	0.3333333333333333	0.002760165609936596	120.76570048309178
hyrlqas/Rotosolve	0.48	last_action	CNOT(3->4)	1	3	117	49997	0.3333333333333333	0.0023401404084245053	142.44159544159544
hyrlqas/Rotosolve	0.50	last_action	RZ(q=1)	1	2	124	49998	0.5	0.0024800992039681587	201.6048387096774
hyrlqas/Rotosolve	0.50	last_action	CNOT(1->2)	1	2	130	49998	0.5	0.0026001040041601664	192.3
hyrlqas/Rotosolve	0.51	last_action	CNOT(4->0)	1	1	124	49999	1.0	0.00248004960099202	403.2177419354839
hyrlqas/Rotosolve	0.53	last_action	RY(q=4)	1	1	6852	49999	1.0	0.1370427408548171	7.296993578517221
hyrlqas/Rotosolve	0.54	last_action	RX(q=5)	1	3	1857	49997	0.3333333333333333	0.037142228533712025	8.974510859809728
hyrlqas/Rotosolve	0.54	last_action	CNOT(4->5)	1	3	7886	49997	0.3333333333333333	0.15772946376782607	2.1133231887733537
hyrlqas/Rotosolve	0.54	last_action	RZ(q=0)	1	3	140	49997	0.3333333333333333	0.0028001680100806048	119.04047619047618
hyrlqas/Rotosolve	0.55	last_action	RX(q=4)	16566	44307	296	5693	0.3738912587175841	0.05199367644475672	7.191090999591913
hyrlqas/Rotosolve	0.55	last_action	RX(q=5)	1587	44307	271	5693	0.03581826799377073	0.04760231863692253	0.752447969330394
hyrlqas/Rotosolve	0.55	last_action	RY(q=5)	9884	44307	321	5693	0.22307987451192815	0.0563850342525909	3.9563667464062524
hyrlqas/Rotosolve	0.55	last_action	CNOT(3->5)	43	44307	104	5693	0.0009705012751935361	0.018268048480590198	0.05312561307381539
hyrlqas/Rotosolve	0.55	last_action	RY(q=4)	6583	44307	270	5693	0.1485769742930011	0.047426664324609166	3.132773017222427
hyrlqas/Rotosolve	0.55	last_action	CNOT(4->2)	42	44307	102	5693	0.000947931478096012	0.017916739855963464	0.052907587301966624
hyrlqas/Rotosolve	0.55	last_action	CNOT(0->2)	30	44307	114	5693	0.0006770939129257228	0.02002459160372387	0.033813119704264386
hyrlqas/Rotosolve	0.55	last_action	CNOT(5->4)	718	44307	204	5693	0.016205114316022298	0.03583347971192693	0.4522339009858576
hyrlqas/Rotosolve	0.55	last_action	CNOT(4->5)	7629	44307	258	5693	0.1721849820570113	0.04531881257684876	3.7994151273277725
hyrlqas/Rotosolve	0.55	last_action	RZ(q=5)	31	44307	104	5693	0.0006996637100232469	0.018268048480590198	0.03829986058809947
hyrlqas/Rotosolve	0.55	last_action	CNOT(5->2)	47	44307	107	5693	0.0010607804635836323	0.0187950114175303	0.0564394689643142
hyrlqas/Rotosolve	0.55	last_action	RY(q=1)	43	44307	101	5693	0.0009705012751935361	0.017741085543650097	0.054703601580958425
hyrlqas/Rotosolve	0.55	last_action	CNOT(5->0)	33	44307	101	5693	0.0007448033042182951	0.017741085543650097	0.041981833771433205
hyrlqas/Rotosolve	0.55	last_action	RZ(q=4)	35	44307	100	5693	0.0007899428984133433	0.01756543123133673	0.04497144920667163
hyrlqas/Rotosolve	0.55	last_action	RX(q=0)	45	44307	102	5693	0.0010156408693885843	0.017916739855963464	0.056686700680678534
hyrlqas/Rotosolve	0.55	last_action	RX(q=1)	32	44307	89	5693	0.000722233507120771	0.01563323379588969	0.04619859950605111
hyrlqas/Rotosolve	0.55	last_action	RX(q=2)	39	44307	95	5693	0.0008802220868034396	0.016687159669769892	0.05274846673865244
hyrlqas/Rotosolve	0.55	last_action	CNOT(1->3)	23	44307	98	5693	0.0005191053332430541	0.017214122606709993	0.03015578226686436
hyrlqas/Rotosolve	0.55	last_action	CNOT(4->1)	45	44307	106	5693	0.0010156408693885843	0.018619357105216932	0.054547579900275575
hyrlqas/Rotosolve	0.55	last_action	RX(q=3)	25	44307	93	5693	0.0005642449274381023	0.01633585104514316	0.03454028356887222
hyrlqas/Rotosolve	0.55	last_action	RY(q=0)	34	44307	92	5693	0.0007673731013158191	0.01616019673282979	0.047485381149901716
hyrlqas/Rotosolve	0.55	last_action	CNOT(0->4)	39	44307	113	5693	0.0008802220868034396	0.019848937291410504	0.04434605610771665
hyrlqas/Rotosolve	0.55	last_action	CNOT(1->2)	33	44307	98	5693	0.0007448033042182951	0.017214122606709993	0.04326699194810974
hyrlqas/Rotosolve	0.55	last_action	CNOT(2->0)	37	44307	92	5693	0.0008350824926083915	0.01616019673282979	0.05167526772195188
hyrlqas/Rotosolve	0.55	last_action	CNOT(4->0)	25	44307	100	5693	0.0005642449274381023	0.01756543123133673	0.03212246371905116
hyrlqas/Rotosolve	0.55	last_action	CNOT(3->1)	20	44307	92	5693	0.00045139594195048186	0.01616019673282979	0.027932577147001012
hyrlqas/Rotosolve	0.55	last_action	CNOT(5->3)	37	44307	93	5693	0.0008350824926083915	0.01633585104514316	0.05111961968193089
hyrlqas/Rotosolve	0.55	last_action	CNOT(2->4)	35	44307	116	5693	0.0007899428984133433	0.020375900228350605	0.03876849069540658
hyrlqas/Rotosolve	0.55	last_action	CNOT(1->5)	37	44307	101	5693	0.0008350824926083915	0.017741085543650097	0.04707054089524329
hyrlqas/Rotosolve	0.55	last_action	RZ(q=0)	41	44307	100	5693	0.0009253616809984878	0.01756543123133673	0.05268084049924391
hyrlqas/Rotosolve	0.55	last_action	RZ(q=3)	37	44307	87	5693	0.0008350824926083915	0.015281925171262955	0.05464511069447785
hyrlqas/Rotosolve	0.55	last_action	CNOT(2->5)	28	44307	86	5693	0.0006319543187306746	0.015106270858949587	0.041833906238764304
hyrlqas/Rotosolve	0.55	last_action	CNOT(3->2)	26	44307	103	5693	0.0005868147245356264	0.01809239416827683	0.03243433229884778
hyrlqas/Rotosolve	0.55	last_action	RY(q=3)	25	44307	88	5693	0.0005642449274381023	0.015457579483576322	0.03650279968073996
hyrlqas/Rotosolve	0.55	last_action	CNOT(0->1)	19	44307	93	5693	0.0004288261448529578	0.01633585104514316	0.02625061551234289
hyrlqas/Rotosolve	0.55	last_action	CNOT(1->0)	22	44307	86	5693	0.0004965355361455301	0.015106270858949587	0.0328694977590291
hyrlqas/Rotosolve	0.55	last_action	CNOT(5->1)	17	44307	76	5693	0.00038368655065790957	0.013349727735815914	0.028741151748624728
hyrlqas/Rotosolve	0.55	last_action	CNOT(2->1)	23	44307	100	5693	0.0005191053332430541	0.01756543123133673	0.029552666621527068
hyrlqas/Rotosolve	0.55	last_action	RY(q=2)	42	44307	102	5693	0.000947931478096012	0.017916739855963464	0.052907587301966624
hyrlqas/Rotosolve	0.55	last_action	CNOT(2->3)	20	44307	102	5693	0.00045139594195048186	0.017916739855963464	0.025194089191412677
hyrlqas/Rotosolve	0.55	last_action	CNOT(1->4)	36	44307	92	5693	0.0008125126955108674	0.01616019673282979	0.05027863886460182
hyrlqas/Rotosolve	0.55	last_action	RZ(q=2)	32	44307	90	5693	0.000722233507120771	0.015808888108203058	0.04568528173376166
hyrlqas/Rotosolve	0.55	last_action	RZ(q=1)	20	44307	105	5693	0.00045139594195048186	0.018443702792903565	0.024474258071658032
hyrlqas/Rotosolve	0.55	last_action	CNOT(3->4)	24	44307	94	5693	0.0005416751303405782	0.016511505357456525	0.0328059203939246
hyrlqas/Rotosolve	0.55	last_action	CNOT(4->3)	33	44307	106	5693	0.0007448033042182951	0.018619357105216932	0.04000155859353542
hyrlqas/Rotosolve	0.55	last_action	CNOT(0->5)	40	44307	101	5693	0.0009027918839009637	0.017741085543650097	0.05088707123810085
hyrlqas/Rotosolve	0.55	last_action	CNOT(3->0)	30	44307	74	5693	0.0006770939129257228	0.01299841911118918	0.05209048170656946
hyrlqas/Rotosolve	0.55	last_action	CNOT(0->3)	15	44307	75	5693	0.0003385469564628614	0.013174073423502547	0.025697970975240934
hyrlqas/Rotosolve	0.56	last_action	RY(q=5)	16	163	10189	49837	0.09815950920245399	0.20444649557557637	0.4801232172070566
hyrlqas/Rotosolve	0.56	last_action	CNOT(0->5)	5	163	136	49837	0.03067484662576687	0.002728896201617272	11.240752435943703
hyrlqas/Rotosolve	0.56	last_action	RZ(q=1)	2	163	123	49837	0.012269938650306749	0.0024680458294038567	4.971519776547459
hyrlqas/Rotosolve	0.56	last_action	RX(q=4)	6	163	16856	49837	0.03680981595092025	0.3382226056945643	0.1088331037936647
hyrlqas/Rotosolve	0.56	last_action	CNOT(0->4)	7	163	145	49837	0.04294478527607362	0.0029094849208419447	14.760270784852972
hyrlqas/Rotosolve	0.56	last_action	CNOT(4->5)	15	163	7872	49837	0.09202453987730061	0.15795493308184683	0.5825999738141553
hyrlqas/Rotosolve	0.56	last_action	CNOT(5->2)	6	163	148	49837	0.03680981595092025	0.0029696811605835023	12.39520809152711
hyrlqas/Rotosolve	0.56	last_action	CNOT(4->2)	3	163	141	49837	0.018404907975460124	0.0028292232678532015	6.505286516120611
hyrlqas/Rotosolve	0.56	last_action	RY(q=1)	5	163	139	49837	0.03067484662576687	0.0027890924413588297	10.998146268261465
hyrlqas/Rotosolve	0.56	last_action	RX(q=1)	5	163	116	49837	0.03067484662576687	0.002327587936673556	13.178813200761581
hyrlqas/Rotosolve	0.56	last_action	CNOT(5->4)	16	163	906	49837	0.09815950920245399	0.01817926440195036	5.399531412938962
hyrlqas/Rotosolve	0.56	last_action	RX(q=5)	7	163	1851	49837	0.04294478527607362	0.03714107992054096	1.1562610825519617
hyrlqas/Rotosolve	0.56	last_action	CNOT(1->5)	2	163	136	49837	0.012269938650306749	0.002728896201617272	4.4963009743774816
hyrlqas/Rotosolve	0.56	last_action	CNOT(3->5)	4	163	143	49837	0.024539877300613498	0.002869354094347573	8.55240465056416
hyrlqas/Rotosolve	0.56	last_action	CNOT(2->3)	4	163	118	49837	0.024539877300613498	0.0023677187631679273	10.36435478839555
hyrlqas/Rotosolve	0.56	last_action	RX(q=0)	5	163	142	49837	0.03067484662576687	0.002849288681100387	10.76579106541087
hyrlqas/Rotosolve	0.56	last_action	CNOT(3->2)	2	163	127	49837	0.012269938650306749	0.0025483074823926	4.81493647649872
hyrlqas/Rotosolve	0.56	last_action	CNOT(2->5)	2	163	112	49837	0.012269938650306749	0.0022473262836848126	5.459794040315512
hyrlqas/Rotosolve	0.56	last_action	CNOT(1->2)	4	163	127	49837	0.024539877300613498	0.0025483074823926	9.62987295299744
hyrlqas/Rotosolve	0.56	last_action	RX(q=3)	3	163	115	49837	0.018404907975460124	0.00230752252342637	7.976046945852227
hyrlqas/Rotosolve	0.56	last_action	RZ(q=5)	4	163	131	49837	0.024539877300613498	0.002628569135381343	9.33583103076851
hyrlqas/Rotosolve	0.56	last_action	CNOT(5->0)	2	163	132	49837	0.012269938650306749	0.002648634548628529	4.6325525190555865
hyrlqas/Rotosolve	0.56	last_action	CNOT(2->1)	1	163	122	49837	0.006134969325153374	0.0024479804161566705	2.506134969325154
hyrlqas/Rotosolve	0.56	last_action	CNOT(4->0)	2	163	123	49837	0.012269938650306749	0.0024680458294038567	4.971519776547459
hyrlqas/Rotosolve	0.56	last_action	RY(q=0)	4	163	122	49837	0.024539877300613498	0.0024479804161566705	10.024539877300615
hyrlqas/Rotosolve	0.56	last_action	RZ(q=2)	2	163	120	49837	0.012269938650306749	0.002407849589662299	5.095807770961145
hyrlqas/Rotosolve	0.56	last_action	RY(q=2)	2	163	142	49837	0.012269938650306749	0.002849288681100387	4.306316426164348
hyrlqas/Rotosolve	0.56	last_action	RZ(q=4)	3	163	132	49837	0.018404907975460124	0.002648634548628529	6.948828778583381
hyrlqas/Rotosolve	0.56	last_action	RZ(q=0)	1	163	140	49837	0.006134969325153374	0.002809157854606016	2.183917616126205
hyrlqas/Rotosolve	0.56	last_action	RY(q=4)	3	163	6850	49837	0.018404907975460124	0.1374480807432229	0.1339044377770812
hyrlqas/Rotosolve	0.56	last_action	CNOT(5->3)	2	163	128	49837	0.012269938650306749	0.0025683728956397856	4.777319785276074
hyrlqas/Rotosolve	0.56	last_action	CNOT(0->2)	3	163	141	49837	0.018404907975460124	0.0028292232678532015	6.505286516120611
hyrlqas/Rotosolve	0.56	last_action	CNOT(5->1)	3	163	90	49837	0.018404907975460124	0.0018058871922467243	10.19161554192229
hyrlqas/Rotosolve	0.56	last_action	CNOT(4->1)	3	163	148	49837	0.018404907975460124	0.0029696811605835023	6.197604045763555
hyrlqas/Rotosolve	0.56	last_action	CNOT(3->4)	1	163	117	49837	0.006134969325153374	0.0023476533499207416	2.613234754339049
hyrlqas/Rotosolve	0.56	last_action	CNOT(2->4)	1	163	150	49837	0.006134969325153374	0.0030098119870778737	2.0383231083844584
hyrlqas/Rotosolve	0.56	last_action	RZ(q=3)	2	163	122	49837	0.012269938650306749	0.0024479804161566705	5.012269938650308
hyrlqas/Rotosolve	0.56	last_action	CNOT(1->3)	1	163	120	49837	0.006134969325153374	0.002407849589662299	2.5479038854805727
hyrlqas/Rotosolve	0.56	last_action	CNOT(0->1)	1	163	111	49837	0.006134969325153374	0.0022272608704376265	2.7544906870060246
hyrlqas/Rotosolve	0.56	last_action	RY(q=3)	1	163	112	49837	0.006134969325153374	0.0022473262836848126	2.729897020157756
hyrlqas/Rotosolve	0.56	last_action	RX(q=2)	1	163	133	49837	0.006134969325153374	0.002668699961875715	2.2988606485539
hyrlqas/Rotosolve	0.56	last_action	CNOT(4->3)	1	163	138	49837	0.006134969325153374	0.002769027028111644	2.2155685960700633
hyrlqas/Rotosolve	0.57	last_action	CNOT(1->0)	1	58	107	49942	0.017241379310344827	0.002142485282928197	8.047373509506928
hyrlqas/Rotosolve	0.57	last_action	CNOT(5->0)	2	58	132	49942	0.034482758620689655	0.0026430659565095512	13.04649947753396
hyrlqas/Rotosolve	0.57	last_action	CNOT(2->4)	2	58	149	49942	0.034482758620689655	0.002983460814544872	11.557972691506595
hyrlqas/Rotosolve	0.57	last_action	CNOT(3->4)	2	58	116	49942	0.034482758620689655	0.0023226943254174843	14.84601664684899
hyrlqas/Rotosolve	0.57	last_action	RY(q=0)	1	58	125	49942	0.017241379310344827	0.002502903367906772	6.8885517241379315
hyrlqas/Rotosolve	0.57	last_action	CNOT(5->2)	3	58	151	49942	0.05172413793103448	0.0030235072684313804	17.107330440739894
hyrlqas/Rotosolve	0.57	last_action	RX(q=4)	2	58	16860	49942	0.034482758620689655	0.3375916062632654	0.10214341227962531
hyrlqas/Rotosolve	0.57	last_action	RX(q=3)	3	58	115	49942	0.05172413793103448	0.00230267109847423	22.462668665667167
hyrlqas/Rotosolve	0.57	last_action	RX(q=5)	4	58	1854	49942	0.06896551724137931	0.03712306275279324	1.8577539709109845
hyrlqas/Rotosolve	0.57	last_action	RZ(q=0)	3	58	138	49942	0.05172413793103448	0.002763205318169076	18.718890554722638
hyrlqas/Rotosolve	0.57	last_action	RY(q=5)	4	58	10201	49942	0.06896551724137931	0.20425693804813583	0.3376410020653824
hyrlqas/Rotosolve	0.57	last_action	CNOT(1->3)	1	58	120	49942	0.017241379310344827	0.002402787233190501	7.1755747126436775
hyrlqas/Rotosolve	0.57	last_action	CNOT(4->5)	7	58	7880	49942	0.1206896551724138	0.1577830283128429	0.764908979520392
hyrlqas/Rotosolve	0.57	last_action	CNOT(0->3)	1	58	89	49942	0.017241379310344827	0.0017820671979496216	9.674932196822937
hyrlqas/Rotosolve	0.57	last_action	CNOT(4->2)	4	58	140	49942	0.06896551724137931	0.0028032517720555845	24.601970443349753
hyrlqas/Rotosolve	0.57	last_action	CNOT(5->4)	5	58	917	49942	0.08620689655172414	0.018361299106964078	4.695032527356823
hyrlqas/Rotosolve	0.57	last_action	RY(q=1)	1	58	143	49942	0.017241379310344827	0.002863321452885347	6.021461297323366
hyrlqas/Rotosolve	0.57	last_action	RX(q=1)	1	58	120	49942	0.017241379310344827	0.002402787233190501	7.1755747126436775
hyrlqas/Rotosolve	0.57	last_action	CNOT(5->3)	1	58	129	49942	0.017241379310344827	0.0025829962756797886	6.674953221063887
hyrlqas/Rotosolve	0.57	last_action	CNOT(4->1)	2	58	149	49942	0.034482758620689655	0.002983460814544872	11.557972691506595
hyrlqas/Rotosolve	0.57	last_action	CNOT(1->2)	1	58	130	49942	0.017241379310344827	0.002603019502623043	6.623607427055703
hyrlqas/Rotosolve	0.57	last_action	CNOT(5->1)	1	58	92	49942	0.017241379310344827	0.0018421368787793842	9.359445277361319
hyrlqas/Rotosolve	0.57	last_action	RX(q=0)	1	58	146	49942	0.017241379310344827	0.0029233911337151097	5.89773264052905
hyrlqas/Rotosolve	0.57	last_action	CNOT(0->2)	1	58	143	49942	0.017241379310344827	0.002863321452885347	6.021461297323366
hyrlqas/Rotosolve	0.57	last_action	CNOT(4->3)	1	58	138	49942	0.017241379310344827	0.002763205318169076	6.239630184907546
hyrlqas/Rotosolve	0.57	last_action	CNOT(2->1)	1	58	122	49942	0.017241379310344827	0.002442833687077009	7.0579423403052575
hyrlqas/Rotosolve	0.57	last_action	CNOT(3->1)	1	58	111	49942	0.017241379310344827	0.0022225781907012133	7.757378067722896
hyrlqas/Rotosolve	0.57	last_action	RZ(q=1)	1	58	124	49942	0.017241379310344827	0.0024828801409635176	6.944104560622915
hyrlqas/Rotosolve	0.58	last_action	CNOT(4->3)	1	48	138	49952	0.020833333333333332	0.0027626521460602177	7.541062801932367
hyrlqas/Rotosolve	0.58	last_action	RY(q=2)	3	48	141	49952	0.0625	0.002822709801409353	22.141843971631204
hyrlqas/Rotosolve	0.58	last_action	CNOT(0->2)	2	48	142	49952	0.041666666666666664	0.002842729019859065	14.657276995305162
hyrlqas/Rotosolve	0.58	last_action	RY(q=5)	2	48	10203	49952	0.041666666666666664	0.2042560858424087	0.2039922898493907
hyrlqas/Rotosolve	0.58	last_action	RX(q=2)	3	48	131	49952	0.0625	0.0026225176169122357	23.83206106870229
hyrlqas/Rotosolve	0.58	last_action	CNOT(1->4)	1	48	127	49952	0.020833333333333332	0.002542440743113389	8.194225721784775
hyrlqas/Rotosolve	0.58	last_action	RY(q=0)	2	48	124	49952	0.041666666666666664	0.0024823830877642537	16.78494623655914
hyrlqas/Rotosolve	0.58	last_action	RZ(q=0)	2	48	139	49952	0.041666666666666664	0.0027826713645099296	14.973621103117505
hyrlqas/Rotosolve	0.58	last_action	CNOT(5->4)	3	48	919	49952	0.0625	0.018397661755285073	3.397170837867247
hyrlqas/Rotosolve	0.58	last_action	RZ(q=4)	2	48	133	49952	0.041666666666666664	0.002662556053811659	15.649122807017545
hyrlqas/Rotosolve	0.58	last_action	RZ(q=5)	5	48	130	49952	0.10416666666666667	0.0026024983984625242	40.02564102564102
hyrlqas/Rotosolve	0.58	last_action	RY(q=4)	1	48	6852	49952	0.020833333333333332	0.13717168481742473	0.1518777972368165
hyrlqas/Rotosolve	0.58	last_action	CNOT(1->5)	1	48	137	49952	0.020833333333333332	0.0027426329276105063	7.5961070559610695
hyrlqas/Rotosolve	0.58	last_action	RX(q=3)	1	48	117	49952	0.020833333333333332	0.0023422485586162716	8.894586894586894
hyrlqas/Rotosolve	0.58	last_action	CNOT(0->5)	3	48	138	49952	0.0625	0.0027626521460602177	22.6231884057971
hyrlqas/Rotosolve	0.58	last_action	CNOT(3->2)	1	48	128	49952	0.020833333333333332	0.0025624599615631004	8.130208333333334
hyrlqas/Rotosolve	0.58	last_action	RY(q=3)	2	48	111	49952	0.041666666666666664	0.002222133247918001	18.75075075075075
hyrlqas/Rotosolve	0.58	last_action	CNOT(2->0)	1	48	128	49952	0.020833333333333332	0.0025624599615631004	8.130208333333334
hyrlqas/Rotosolve	0.58	last_action	RZ(q=3)	1	48	123	49952	0.020833333333333332	0.0024623638693145418	8.46070460704607
hyrlqas/Rotosolve	0.58	last_action	RX(q=5)	2	48	1856	49952	0.041666666666666664	0.037155669442664956	1.1214080459770115
hyrlqas/Rotosolve	0.58	last_action	CNOT(4->5)	2	48	7885	49952	0.041666666666666664	0.15785153747597694	0.2639611075882477
hyrlqas/Rotosolve	0.58	last_action	CNOT(4->1)	2	48	149	49952	0.041666666666666664	0.002982863549007047	13.968680089485456
hyrlqas/Rotosolve	0.58	last_action	RX(q=4)	1	48	16861	49952	0.020833333333333332	0.3375440422805894	0.061720340825969194
hyrlqas/Rotosolve	0.58	last_action	CNOT(2->5)	1	48	113	49952	0.020833333333333332	0.002262171684817425	9.209439528023598
hyrlqas/Rotosolve	0.58	last_action	CNOT(5->3)	1	48	129	49952	0.020833333333333332	0.0025824791800128123	8.067183462532299
hyrlqas/Rotosolve	0.58	last_action	CNOT(5->0)	1	48	133	49952	0.020833333333333332	0.002662556053811659	7.824561403508772
hyrlqas/Rotosolve	0.58	last_action	CNOT(5->2)	1	48	153	49952	0.020833333333333332	0.0030629404228058937	6.801742919389977
hyrlqas/Rotosolve	0.59	last_action	CNOT(3->4)	2	28	116	49972	0.07142857142857142	0.0023212999279596572	30.770935960591135
hyrlqas/Rotosolve	0.59	last_action	CNOT(0->4)	2	28	150	49972	0.07142857142857142	0.003001680941327143	23.796190476190475
hyrlqas/Rotosolve	0.59	last_action	CNOT(4->5)	3	28	7884	49972	0.10714285714285714	0.15776835027615466	0.6791150250054359
hyrlqas/Rotosolve	0.59	last_action	CNOT(2->1)	1	28	122	49972	0.03571428571428571	0.002441367165612743	14.6288056206089
hyrlqas/Rotosolve	0.59	last_action	RZ(q=0)	2	28	139	49972	0.07142857142857142	0.002781557672296486	25.67934224049332
hyrlqas/Rotosolve	0.59	last_action	RY(q=3)	2	28	111	49972	0.07142857142857142	0.002221243896582086	32.15701415701416
hyrlqas/Rotosolve	0.59	last_action	RY(q=1)	1	28	143	49972	0.03571428571428571	0.0028616024973985433	12.48051948051948
hyrlqas/Rotosolve	0.59	last_action	CNOT(1->2)	1	28	130	49972	0.03571428571428571	0.0026014568158168575	13.728571428571428
hyrlqas/Rotosolve	0.59	last_action	RZ(q=5)	1	28	134	49972	0.03571428571428571	0.0026815016409189145	13.318763326226012
hyrlqas/Rotosolve	0.59	last_action	CNOT(3->2)	2	28	127	49972	0.07142857142857142	0.0025414231969903144	28.105736782902138
hyrlqas/Rotosolve	0.59	last_action	CNOT(5->4)	2	28	920	49972	0.07142857142857142	0.018410309773473146	3.8798136645962726
hyrlqas/Rotosolve	0.59	last_action	RY(q=4)	1	28	6852	49972	0.03571428571428571	0.13711678539982392	0.26046618297056123
hyrlqas/Rotosolve	0.59	last_action	CNOT(3->0)	1	28	103	49972	0.03571428571428571	0.0020611542463779718	17.327323162274617
hyrlqas/Rotosolve	0.59	last_action	RZ(q=1)	1	28	124	49972	0.03571428571428571	0.0024813895781637717	14.392857142857142
hyrlqas/Rotosolve	0.59	last_action	CNOT(5->2)	1	28	153	49972	0.03571428571428571	0.003061714560153686	11.664799253034547
hyrlqas/Rotosolve	0.59	last_action	RX(q=5)	1	28	1857	49972	0.03571428571428571	0.03716081005363003	0.961073928763751
hyrlqas/Rotosolve	0.59	last_action	CNOT(0->2)	1	28	143	49972	0.03571428571428571	0.0028616024973985433	12.48051948051948
hyrlqas/Rotosolve	0.59	last_action	RY(q=5)	2	28	10203	49972	0.07142857142857142	0.20417433762907228	0.3498410831548144
hyrlqas/Rotosolve	0.59	last_action	RX(q=4)	1	28	16861	49972	0.03571428571428571	0.3374089490114464	0.10584866174688842
hyrlqas/Rotosolve	0.60	last_action	CNOT(5->0)	3	32	131	49968	0.09375	0.0026216778738392572	35.75954198473282
hyrlqas/Rotosolve	0.60	last_action	CNOT(0->4)	1	32	151	49968	0.03125	0.003021934037784182	10.341059602649006
hyrlqas/Rotosolve	0.60	last_action	CNOT(2->3)	2	32	120	49968	0.0625	0.0024015369836695487	26.025
hyrlqas/Rotosolve	0.60	last_action	CNOT(1->5)	2	32	136	49968	0.0625	0.002721741914825488	22.96323529411765
hyrlqas/Rotosolve	0.60	last_action	RZ(q=1)	3	32	122	49968	0.09375	0.002441562600064041	38.39754098360656
hyrlqas/Rotosolve	0.60	last_action	CNOT(4->1)	2	32	149	49968	0.0625	0.0029819084213896893	20.959731543624162
hyrlqas/Rotosolve	0.60	last_action	CNOT(5->4)	4	32	918	49968	0.125	0.018371757925072046	6.803921568627451
hyrlqas/Rotosolve	0.60	last_action	CNOT(4->2)	3	32	141	49968	0.09375	0.0028218059558117194	33.22340425531915
hyrlqas/Rotosolve	0.60	last_action	CNOT(0->1)	1	32	111	49968	0.03125	0.0022214217098943325	14.067567567567567
hyrlqas/Rotosolve	0.60	last_action	CNOT(3->2)	1	32	128	49968	0.03125	0.002561639449247518	12.199218750000002
hyrlqas/Rotosolve	0.60	last_action	RZ(q=2)	1	32	121	49968	0.03125	0.0024215497918667946	12.90495867768595
hyrlqas/Rotosolve	0.60	last_action	CNOT(3->5)	1	32	146	49968	0.03125	0.0029218699967979507	10.695205479452055
hyrlqas/Rotosolve	0.60	last_action	CNOT(5->1)	1	32	92	49968	0.03125	0.0018411783541466538	16.972826086956523
hyrlqas/Rotosolve	0.60	last_action	CNOT(2->1)	1	32	122	49968	0.03125	0.002441562600064041	12.799180327868852
hyrlqas/Rotosolve	0.60	last_action	RY(q=5)	2	32	10203	49968	0.0625	0.20419068203650337	0.3060864451631873
hyrlqas/Rotosolve	0.60	last_action	CNOT(1->3)	1	32	120	49968	0.03125	0.0024015369836695487	13.0125
hyrlqas/Rotosolve	0.60	last_action	CNOT(1->4)	1	32	127	49968	0.03125	0.0025416266410502723	12.295275590551181
hyrlqas/Rotosolve	0.60	last_action	RY(q=2)	1	32	143	49968	0.03125	0.002861831572206212	10.919580419580418
hyrlqas/Rotosolve	0.60	last_action	CNOT(0->2)	1	32	143	49968	0.03125	0.002861831572206212	10.919580419580418
hyrlqas/Rotosolve	0.61	last_action	CNOT(4->5)	2	28	7885	49972	0.07142857142857142	0.15778836148243017	0.4526859316967116
hyrlqas/Rotosolve	0.61	last_action	RY(q=4)	2	28	6851	49972	0.07142857142857142	0.13709677419354838	0.5210084033613446
hyrlqas/Rotosolve	0.61	last_action	RX(q=0)	1	28	146	49972	0.03571428571428571	0.002921636116225086	12.224070450097846
hyrlqas/Rotosolve	0.61	last_action	CNOT(1->2)	1	28	130	49972	0.03571428571428571	0.0026014568158168575	13.728571428571428
hyrlqas/Rotosolve	0.61	last_action	RY(q=5)	3	28	10202	49972	0.10714285714285714	0.20415432642279677	0.5248130618646204
hyrlqas/Rotosolve	0.61	last_action	RX(q=4)	1	28	16861	49972	0.03571428571428571	0.3374089490114464	0.10584866174688842
hyrlqas/Rotosolve	0.61	last_action	RZ(q=0)	1	28	140	49972	0.03571428571428571	0.0028015688785720002	12.74795918367347
hyrlqas/Rotosolve	0.61	last_action	CNOT(2->1)	1	28	122	49972	0.03571428571428571	0.002441367165612743	14.6288056206089
hyrlqas/Rotosolve	0.61	last_action	RY(q=2)	1	28	143	49972	0.03571428571428571	0.0028616024973985433	12.48051948051948
hyrlqas/Rotosolve	0.61	last_action	CNOT(3->0)	1	28	103	49972	0.03571428571428571	0.0020611542463779718	17.327323162274617
hyrlqas/Rotosolve	0.61	last_action	RY(q=0)	1	28	125	49972	0.03571428571428571	0.002501400784439286	14.277714285714284
hyrlqas/Rotosolve	0.61	last_action	RZ(q=3)	1	28	123	49972	0.03571428571428571	0.0024613783718882573	14.509872241579558
hyrlqas/Rotosolve	0.61	last_action	RX(q=2)	1	28	133	49972	0.03571428571428571	0.0026614904346434	13.41890440386681
hyrlqas/Rotosolve	0.61	last_action	CNOT(5->1)	1	28	92	49972	0.03571428571428571	0.0018410309773473144	19.399068322981368
hyrlqas/Rotosolve	0.61	last_action	CNOT(2->3)	1	28	121	49972	0.03571428571428571	0.002421355959337229	14.74970484061393
hyrlqas/Rotosolve	0.61	last_action	RX(q=5)	1	28	1857	49972	0.03571428571428571	0.03716081005363003	0.961073928763751
hyrlqas/Rotosolve	0.61	last_action	CNOT(1->5)	2	28	136	49972	0.07142857142857142	0.0027215240534699432	26.24579831932773
hyrlqas/Rotosolve	0.61	last_action	CNOT(5->4)	1	28	921	49972	0.03571428571428571	0.01843032097974866	1.9378005273770744
hyrlqas/Rotosolve	0.61	last_action	CNOT(5->0)	2	28	132	49972	0.07142857142857142	0.002641479228367886	27.04112554112554
hyrlqas/Rotosolve	0.61	last_action	CNOT(4->3)	1	28	138	49972	0.03571428571428571	0.002761546466020972	12.93271221532091
hyrlqas/Rotosolve	0.61	last_action	CNOT(1->3)	1	28	120	49972	0.03571428571428571	0.0024013447530617147	14.872619047619047
hyrlqas/Rotosolve	0.61	last_action	RX(q=3)	1	28	117	49972	0.03571428571428571	0.0023413111342351716	15.253968253968253
hyrlqas/Rotosolve	0.62	last_action	RZ(q=5)	2	18	133	49982	0.1111111111111111	0.0026609579448601496	41.756056808688385
hyrlqas/Rotosolve	0.62	last_action	CNOT(4->5)	3	18	7884	49982	0.16666666666666666	0.15773678524268736	1.056612548621681
hyrlqas/Rotosolve	0.62	last_action	RX(q=1)	1	18	120	49982	0.05555555555555555	0.0024008643111520147	23.139814814814812
hyrlqas/Rotosolve	0.62	last_action	RY(q=4)	2	18	6851	49982	0.1111111111111111	0.1370693449641871	0.8106196986652394
hyrlqas/Rotosolve	0.62	last_action	CNOT(5->2)	1	18	153	49982	0.05555555555555555	0.0030611019967188187	18.148874364560637
hyrlqas/Rotosolve	0.62	last_action	CNOT(0->5)	1	18	140	49982	0.05555555555555555	0.002801008363010684	19.834126984126982
hyrlqas/Rotosolve	0.62	last_action	CNOT(1->3)	1	18	120	49982	0.05555555555555555	0.0024008643111520147	23.139814814814812
hyrlqas/Rotosolve	0.62	last_action	RX(q=5)	1	18	1857	49982	0.05555555555555555	0.03715337521507743	1.4953030575001494
hyrlqas/Rotosolve	0.62	last_action	RX(q=4)	1	18	16861	49982	0.05555555555555555	0.337341442919451	0.1646864229747807
hyrlqas/Rotosolve	0.62	last_action	RY(q=1)	1	18	143	49982	0.05555555555555555	0.002861029970789484	19.418026418026418
hyrlqas/Rotosolve	0.62	last_action	RY(q=0)	1	18	125	49982	0.05555555555555555	0.002500900324116682	22.21422222222222
hyrlqas/Rotosolve	0.62	last_action	CNOT(1->0)	1	18	107	49982	0.05555555555555555	0.00214077067744388	25.951194184839043
hyrlqas/Rotosolve	0.62	last_action	RY(q=2)	1	18	143	49982	0.05555555555555555	0.002861029970789484	19.418026418026418
hyrlqas/Rotosolve	0.62	last_action	RX(q=3)	1	18	117	49982	0.05555555555555555	0.0023408427033732144	23.733143399810064
hyrlqas/Rotosolve	0.63	last_action	RX(q=4)	2	18	16860	49982	0.1111111111111111	0.3373214357168581	0.32939238170554896
hyrlqas/Rotosolve	0.63	last_action	RY(q=5)	2	18	10203	49982	0.1111111111111111	0.20413348805570006	0.5443061408953793
hyrlqas/Rotosolve	0.63	last_action	RX(q=1)	1	18	120	49982	0.05555555555555555	0.0024008643111520147	23.139814814814812
hyrlqas/Rotosolve	0.63	last_action	CNOT(5->2)	1	18	153	49982	0.05555555555555555	0.0030611019967188187	18.148874364560637
hyrlqas/Rotosolve	0.63	last_action	CNOT(1->5)	1	18	137	49982	0.05555555555555555	0.0027409867552318835	20.26845093268451
hyrlqas/Rotosolve	0.63	last_action	CNOT(2->3)	2	18	120	49982	0.1111111111111111	0.0024008643111520147	46.279629629629625
hyrlqas/Rotosolve	0.63	last_action	CNOT(1->2)	1	18	130	49982	0.05555555555555555	0.0026009363370813493	21.35982905982906
hyrlqas/Rotosolve	0.63	last_action	RY(q=4)	1	18	6852	49982	0.05555555555555555	0.13708935216678003	0.4052506972822209
hyrlqas/Rotosolve	0.63	last_action	RY(q=0)	1	18	125	49982	0.05555555555555555	0.002500900324116682	22.21422222222222
hyrlqas/Rotosolve	0.63	last_action	CNOT(1->3)	1	18	120	49982	0.05555555555555555	0.0024008643111520147	23.139814814814812
hyrlqas/Rotosolve	0.63	last_action	CNOT(0->3)	1	18	89	49982	0.05555555555555555	0.0017806410307710777	31.19975031210986
hyrlqas/Rotosolve	0.63	last_action	CNOT(5->1)	1	18	92	49982	0.05555555555555555	0.001840662638549878	30.182367149758452
hyrlqas/Rotosolve	0.63	last_action	CNOT(4->5)	1	18	7886	49982	0.05555555555555555	0.15777679964787322	0.35211485896243694
hyrlqas/Rotosolve	0.63	last_action	RX(q=2)	1	18	133	49982	0.05555555555555555	0.0026609579448601496	20.878028404344192
hyrlqas/Rotosolve	0.63	last_action	CNOT(4->0)	1	18	124	49982	0.05555555555555555	0.0024808931215237486	22.39336917562724
hyrlqas/Rotosolve	0.64	last_action	RX(q=5)	4	22	1854	49978	0.18181818181818182	0.03709632238184801	4.901245464352261
hyrlqas/Rotosolve	0.64	last_action	CNOT(4->5)	5	22	7882	49978	0.22727272727272727	0.15770939213253832	1.4410855574265875
hyrlqas/Rotosolve	0.64	last_action	RX(q=0)	2	22	145	49978	0.09090909090909091	0.0029012765616871425	31.334169278996864
hyrlqas/Rotosolve	0.64	last_action	RY(q=4)	2	22	6851	49978	0.09090909090909091	0.13708031533874904	0.663181221055984
hyrlqas/Rotosolve	0.64	last_action	CNOT(5->4)	1	22	921	49978	0.045454545454545456	0.01842810836768178	2.4665877011153885
hyrlqas/Rotosolve	0.64	last_action	RX(q=4)	1	22	16861	49978	0.045454545454545456	0.3373684421145304	0.1347326536223992
hyrlqas/Rotosolve	0.64	last_action	CNOT(4->3)	1	22	138	49978	0.045454545454545456	0.0027612149345712113	16.46179183135705
hyrlqas/Rotosolve	0.64	last_action	RZ(q=2)	1	22	121	49978	0.045454545454545456	0.002421065268718236	18.774605559729526
hyrlqas/Rotosolve	0.64	last_action	CNOT(0->4)	1	22	151	49978	0.045454545454545456	0.003021329384929369	15.044551475015052
hyrlqas/Rotosolve	0.64	last_action	CNOT(3->5)	1	22	146	49978	0.045454545454545456	0.002921285365560847	15.559775840597759
hyrlqas/Rotosolve	0.64	last_action	RY(q=5)	1	22	10204	49978	0.045454545454545456	0.20416983472728	0.22263105377570294
hyrlqas/Rotosolve	0.64	last_action	RX(q=3)	1	22	117	49978	0.045454545454545456	0.0023410300532234183	19.416472416472416
hyrlqas/Rotosolve	0.64	last_action	RY(q=1)	1	22	143	49978	0.045454545454545456	0.0028612589539397334	15.886204704386524
hyrlqas/Rotosolve	0.65	last_action	RX(q=5)	1	22	1857	49978	0.045454545454545456	0.03715634879346913	1.223331864688892
hyrlqas/Rotosolve	0.65	last_action	CNOT(5->0)	2	22	132	49978	0.09090909090909091	0.002641162111328985	34.42011019283746
hyrlqas/Rotosolve	0.65	last_action	CNOT(5->4)	1	22	921	49978	0.045454545454545456	0.01842810836768178	2.4665877011153885
hyrlqas/Rotosolve	0.65	last_action	CNOT(4->5)	2	22	7885	49978	0.09090909090909091	0.15776941854415943	0.5762149074767972
hyrlqas/Rotosolve	0.65	last_action	CNOT(5->2)	1	22	153	49978	0.045454545454545456	0.003061346992676778	14.847890671420084
hyrlqas/Rotosolve	0.65	last_action	CNOT(2->5)	2	22	112	49978	0.09090909090909091	0.0022409860338548962	40.56655844155844
hyrlqas/Rotosolve	0.65	last_action	CNOT(1->4)	1	22	127	49978	0.045454545454545456	0.0025411180919604624	17.88761632068719
hyrlqas/Rotosolve	0.65	last_action	CNOT(3->5)	2	22	145	49978	0.09090909090909091	0.0029012765616871425	31.334169278996864
hyrlqas/Rotosolve	0.65	last_action	RY(q=5)	3	22	10202	49978	0.13636363636363635	0.2041298171195326	0.6680240950972179
hyrlqas/Rotosolve	0.65	last_action	CNOT(3->0)	1	22	103	49978	0.045454545454545456	0.0020609067989915564	22.055604589585172
hyrlqas/Rotosolve	0.65	last_action	CNOT(2->1)	1	22	122	49978	0.045454545454545456	0.0024410740725919404	18.62071535022355
hyrlqas/Rotosolve	0.65	last_action	RY(q=4)	1	22	6852	49978	0.045454545454545456	0.13710032414262274	0.3315422172690124
hyrlqas/Rotosolve	0.65	last_action	RX(q=4)	1	22	16861	49978	0.045454545454545456	0.3373684421145304	0.1347326536223992
hyrlqas/Rotosolve	0.65	last_action	RX(q=0)	1	22	146	49978	0.045454545454545456	0.002921285365560847	15.559775840597759
hyrlqas/Rotosolve	0.65	last_action	CNOT(3->1)	1	22	111	49978	0.045454545454545456	0.002220977229981192	20.466011466011466
hyrlqas/Rotosolve	0.65	last_action	CNOT(3->4)	1	22	117	49978	0.045454545454545456	0.0023410300532234183	19.416472416472416
hyrlqas/Rotosolve	0.66	last_action	CNOT(4->5)	1	14	7886	49986	0.07142857142857142	0.15776417396871123	0.45275533495163217
hyrlqas/Rotosolve	0.66	last_action	RY(q=5)	2	14	10203	49986	0.14285714285714285	0.20411715280278478	0.6998781870878312
hyrlqas/Rotosolve	0.66	last_action	CNOT(5->3)	1	14	129	49986	0.07142857142857142	0.002580722602328652	27.677740863787374
hyrlqas/Rotosolve	0.66	last_action	RY(q=4)	1	14	6852	49986	0.07142857142857142	0.13707838194694513	0.5210783087315487
hyrlqas/Rotosolve	0.66	last_action	CNOT(4->1)	2	14	149	49986	0.14285714285714285	0.002980834633697435	47.92521572387344
hyrlqas/Rotosolve	0.66	last_action	RX(q=3)	1	14	117	49986	0.07142857142857142	0.002340655383507382	30.516483516483515
hyrlqas/Rotosolve	0.66	last_action	CNOT(3->0)	1	14	103	49986	0.07142857142857142	0.0020605769615492336	34.664355062413314
hyrlqas/Rotosolve	0.66	last_action	RX(q=5)	1	14	1857	49986	0.07142857142857142	0.037150402112591525	1.9226863604892683
hyrlqas/Rotosolve	0.66	last_action	CNOT(1->4)	1	14	127	49986	0.07142857142857142	0.0025407113991917736	28.113610798650168
hyrlqas/Rotosolve	0.66	last_action	RZ(q=5)	1	14	134	49986	0.07142857142857142	0.002680750610170848	26.644989339019187
hyrlqas/Rotosolve	0.66	last_action	CNOT(3->2)	1	14	128	49986	0.07142857142857142	0.0025607170007602128	27.893973214285715
hyrlqas/Rotosolve	0.66	last_action	CNOT(2->1)	1	14	122	49986	0.07142857142857142	0.002440683391349578	29.26580796252927
hyrlqas/Rotosolve	0.67	last_action	RY(q=5)	1	15	10204	49985	0.06666666666666667	0.2041412423727118	0.32657127923690055
hyrlqas/Rotosolve	0.67	last_action	CNOT(3->5)	2	15	145	49985	0.13333333333333333	0.0029008702610783233	45.9632183908046
hyrlqas/Rotosolve	0.67	last_action	CNOT(4->5)	3	15	7884	49985	0.2	0.15772731819545863	1.2680111618467784
hyrlqas/Rotosolve	0.67	last_action	CNOT(1->2)	2	15	129	49985	0.13333333333333333	0.002580774232269681	51.6640826873385
hyrlqas/Rotosolve	0.67	last_action	CNOT(5->4)	1	15	921	49985	0.06666666666666667	0.01842552765829749	3.618168657256605
hyrlqas/Rotosolve	0.67	last_action	CNOT(4->3)	1	15	138	49985	0.06666666666666667	0.0027608282484745425	24.14734299516908
hyrlqas/Rotosolve	0.67	last_action	CNOT(4->0)	2	15	123	49985	0.13333333333333333	0.00246073822146644	54.18428184281843
hyrlqas/Rotosolve	0.67	last_action	CNOT(3->2)	1	15	128	49985	0.06666666666666667	0.002560768230469141	26.033854166666664
hyrlqas/Rotosolve	0.67	last_action	RX(q=4)	1	15	16861	49985	0.06666666666666667	0.33732119635890767	0.19763556926240042
hyrlqas/Rotosolve	0.67	last_action	RX(q=3)	1	15	117	49985	0.06666666666666667	0.0023407022106631988	28.481481481481485
hyrlqas/Rotosolve	0.68	last_action	RZ(q=5)	2	10	133	49990	0.2	0.0026605321064212843	75.17293233082707
hyrlqas/Rotosolve	0.68	last_action	RY(q=4)	1	10	6852	49990	0.1	0.13706741348269655	0.7295680093403386
hyrlqas/Rotosolve	0.68	last_action	CNOT(0->1)	1	10	111	49990	0.1	0.0022204440888177637	45.03603603603604
hyrlqas/Rotosolve	0.68	last_action	RZ(q=4)	1	10	134	49990	0.1	0.0026805361072214443	37.30597014925373
hyrlqas/Rotosolve	0.68	last_action	CNOT(5->0)	2	10	132	49990	0.2	0.0026405281056211243	75.74242424242425
hyrlqas/Rotosolve	0.68	last_action	CNOT(5->4)	1	10	921	49990	0.1	0.01842368473694739	5.427795874049946
hyrlqas/Rotosolve	0.68	last_action	RZ(q=0)	1	10	140	49990	0.1	0.0028005601120224045	35.707142857142856
hyrlqas/Rotosolve	0.68	last_action	RY(q=5)	1	10	10204	49990	0.1	0.20412082416483296	0.48990591924735405
hyrlqas/Rotosolve	0.69	last_action	CNOT(5->4)	1	6	921	49994	0.16666666666666666	0.018422210665279833	9.047050307636626
hyrlqas/Rotosolve	0.69	last_action	CNOT(4->1)	2	6	149	49994	0.3333333333333333	0.00298035764291715	111.84340044742729
hyrlqas/Rotosolve	0.69	last_action	RZ(q=2)	1	6	121	49994	0.16666666666666666	0.0024202904348521823	68.86225895316804
hyrlqas/Rotosolve	0.69	last_action	RY(q=3)	1	6	112	49994	0.16666666666666666	0.0022402688322598714	74.39583333333333
hyrlqas/Rotosolve	0.69	last_action	CNOT(4->5)	1	6	7886	49994	0.16666666666666666	0.15773892867144057	1.0565981908868036
hyrlqas/Rotosolve	0.70	last_action	CNOT(4->5)	2	7	7885	49993	0.2857142857142857	0.1577220810913528	1.8115046652776516
hyrlqas/Rotosolve	0.70	last_action	CNOT(4->1)	1	7	150	49993	0.14285714285714285	0.003000420058808233	47.612380952380946
hyrlqas/Rotosolve	0.70	last_action	RX(q=0)	1	7	146	49993	0.14285714285714285	0.0029204088572400136	48.916829745596864
hyrlqas/Rotosolve	0.70	last_action	CNOT(0->4)	1	7	151	49993	0.14285714285714285	0.003020422859200288	47.29706717123935
hyrlqas/Rotosolve	0.70	last_action	CNOT(3->0)	1	7	103	49993	0.14285714285714285	0.0020602884403816534	69.3384188626907
hyrlqas/Rotosolve	0.70	last_action	RZ(q=0)	1	7	140	49993	0.14285714285714285	0.0028003920548876843	51.01326530612245
hyrlqas/Rotosolve	0.71	last_action	RY(q=5)	2	9	10203	49991	0.2222222222222222	0.2040967374127343	1.0888083025689612
hyrlqas/Rotosolve	0.71	last_action	CNOT(2->1)	1	9	122	49991	0.1111111111111111	0.0024404392790702326	45.529143897996356
hyrlqas/Rotosolve	0.71	last_action	CNOT(3->5)	1	9	146	49991	0.1111111111111111	0.0029205256946250326	38.044901065449004
hyrlqas/Rotosolve	0.71	last_action	RY(q=3)	1	9	112	49991	0.1111111111111111	0.002240403272589066	49.594246031746025
hyrlqas/Rotosolve	0.71	last_action	CNOT(5->2)	1	9	153	49991	0.1111111111111111	0.003060550899161849	36.304284676833696
hyrlqas/Rotosolve	0.71	last_action	CNOT(1->3)	1	9	120	49991	0.1111111111111111	0.002400432077773999	46.287962962962965
hyrlqas/Rotosolve	0.71	last_action	CNOT(4->5)	1	9	7886	49991	0.1111111111111111	0.15774839471104798	0.7043565249246203
hyrlqas/Rotosolve	0.71	last_action	CNOT(0->1)	1	9	111	49991	0.1111111111111111	0.0022203996719409496	50.041041041041034
hyrlqas/Rotosolve	0.72	last_action	RX(q=4)	1	9	16861	49991	0.1111111111111111	0.33728071052789504	0.3294321544128791
hyrlqas/Rotosolve	0.72	last_action	CNOT(5->4)	1	9	921	49991	0.1111111111111111	0.018423316196915444	6.031004946314392
hyrlqas/Rotosolve	0.72	last_action	RX(q=0)	1	9	146	49991	0.1111111111111111	0.0029205256946250326	38.044901065449004
hyrlqas/Rotosolve	0.72	last_action	RZ(q=3)	1	9	123	49991	0.1111111111111111	0.002460442879718349	45.158988256549236
hyrlqas/Rotosolve	0.72	last_action	CNOT(2->0)	1	9	128	49991	0.1111111111111111	0.0025604608829589326	43.39496527777778
hyrlqas/Rotosolve	0.72	last_action	CNOT(4->3)	1	9	138	49991	0.1111111111111111	0.002760496889440099	40.250402576489535
hyrlqas/Rotosolve	0.72	last_action	CNOT(5->2)	1	9	153	49991	0.1111111111111111	0.003060550899161849	36.304284676833696
hyrlqas/Rotosolve	0.72	last_action	CNOT(3->5)	1	9	146	49991	0.1111111111111111	0.0029205256946250326	38.044901065449004
hyrlqas/Rotosolve	0.72	last_action	CNOT(0->4)	1	9	151	49991	0.1111111111111111	0.0030205436978656157	36.78513612950699
hyrlqas/Rotosolve	0.73	last_action	RX(q=4)	1	13	16861	49987	0.07692307692307693	0.3373077000020005	0.22805016583558785
hyrlqas/Rotosolve	0.73	last_action	RX(q=3)	1	13	117	49987	0.07692307692307693	0.0023406085582251385	32.86456278763971
hyrlqas/Rotosolve	0.73	last_action	RZ(q=5)	1	13	134	49987	0.07692307692307693	0.002680696981215116	28.69517795637199
hyrlqas/Rotosolve	0.73	last_action	CNOT(5->4)	2	13	920	49987	0.15384615384615385	0.01840478524416348	8.359030100334449
hyrlqas/Rotosolve	0.73	last_action	RY(q=5)	2	13	10203	49987	0.15384615384615385	0.2041130693980435	0.7537300492313724
hyrlqas/Rotosolve	0.73	last_action	CNOT(1->4)	1	13	127	49987	0.07692307692307693	0.0025406605717486546	30.27680193821926
hyrlqas/Rotosolve	0.73	last_action	CNOT(5->3)	1	13	129	49987	0.07692307692307693	0.002580670974453358	29.807394156231364
hyrlqas/Rotosolve	0.73	last_action	RY(q=3)	1	13	112	49987	0.07692307692307693	0.0022405825514633807	34.33173076923077
hyrlqas/Rotosolve	0.73	last_action	CNOT(4->5)	1	13	7886	49987	0.07692307692307693	0.1577610178646448	0.48759242279404597
hyrlqas/Rotosolve	0.73	last_action	CNOT(5->1)	1	13	92	49987	0.07692307692307693	0.0018404785244163482	41.795150501672246
hyrlqas/Rotosolve	0.73	last_action	CNOT(2->5)	1	13	113	49987	0.07692307692307693	0.002260587752815732	34.02791014295439
hyrlqas/Rotosolve	0.74	last_action	RY(q=2)	1	12	143	49988	0.08333333333333333	0.002860686564775546	29.13053613053613
hyrlqas/Rotosolve	0.74	last_action	RY(q=5)	1	12	10204	49988	0.08333333333333333	0.20412899095782988	0.40823859924212724
hyrlqas/Rotosolve	0.74	last_action	CNOT(0->4)	1	12	151	49988	0.08333333333333333	0.0030207249739937587	27.587196467991166
hyrlqas/Rotosolve	0.74	last_action	CNOT(0->1)	1	12	111	49988	0.08333333333333333	0.002220532927902697	37.528528528528525
hyrlqas/Rotosolve	0.74	last_action	RX(q=5)	1	12	1857	49988	0.08333333333333333	0.03714891573977755	2.243223837731107
hyrlqas/Rotosolve	0.74	last_action	CNOT(1->5)	1	12	137	49988	0.08333333333333333	0.002740657757861887	30.406326034063255
hyrlqas/Rotosolve	0.74	last_action	CNOT(5->3)	1	12	129	49988	0.08333333333333333	0.0025806193486436744	32.291989664082685
hyrlqas/Rotosolve	0.74	last_action	CNOT(4->3)	1	12	138	49988	0.08333333333333333	0.002760662559014163	30.185990338164252
hyrlqas/Rotosolve	0.74	last_action	CNOT(1->2)	1	12	130	49988	0.08333333333333333	0.002600624149795951	32.04358974358974
hyrlqas/Rotosolve	0.74	last_action	CNOT(5->1)	1	12	92	49988	0.08333333333333333	0.0018404417060094423	45.278985507246375
hyrlqas/Rotosolve	0.74	last_action	CNOT(3->1)	1	12	111	49988	0.08333333333333333	0.002220532927902697	37.528528528528525
hyrlqas/Rotosolve	0.74	last_action	CNOT(1->3)	1	12	120	49988	0.08333333333333333	0.0024005761382731856	34.71388888888889
hyrlqas/Rotosolve	0.75	last_action	CNOT(2->4)	1	12	150	49988	0.08333333333333333	0.003000720172841482	27.771111111111107
hyrlqas/Rotosolve	0.75	last_action	CNOT(4->5)	2	12	7885	49988	0.16666666666666666	0.15773785708570057	1.0566053688437962
hyrlqas/Rotosolve	0.75	last_action	CNOT(2->0)	1	12	128	49988	0.08333333333333333	0.002560614547491398	32.544270833333336
hyrlqas/Rotosolve	0.75	last_action	CNOT(1->3)	3	12	118	49988	0.25	0.0023605665359686325	105.90677966101696
hyrlqas/Rotosolve	0.75	last_action	CNOT(1->0)	1	12	107	49988	0.08333333333333333	0.0021405137232935905	38.931464174454824
hyrlqas/Rotosolve	0.75	last_action	CNOT(5->4)	1	12	921	49988	0.08333333333333333	0.0184244218612467	4.522982265653275
hyrlqas/Rotosolve	0.75	last_action	CNOT(3->2)	1	12	128	49988	0.08333333333333333	0.002560614547491398	32.544270833333336
hyrlqas/Rotosolve	0.75	last_action	RX(q=0)	1	12	146	49988	0.08333333333333333	0.002920700968232376	28.53196347031963
hyrlqas/Rotosolve	0.75	last_action	RX(q=4)	1	12	16861	49988	0.08333333333333333	0.33730095222853484	0.24705928869382993
hyrlqas/Rotosolve	0.76	last_action	CNOT(1->5)	1	13	137	49987	0.07692307692307693	0.0027407125852721708	28.06681639528355
hyrlqas/Rotosolve	0.76	last_action	RX(q=4)	2	13	16860	49987	0.15384615384615385	0.3372876948006482	0.456127383885391
hyrlqas/Rotosolve	0.76	last_action	CNOT(5->2)	2	13	152	49987	0.15384615384615385	0.003040790605557445	50.59412955465587
hyrlqas/Rotosolve	0.76	last_action	CNOT(1->0)	1	13	107	49987	0.07692307692307693	0.0021405565447016224	35.93601725377427
hyrlqas/Rotosolve	0.76	last_action	CNOT(5->4)	2	13	920	49987	0.15384615384615385	0.01840478524416348	8.359030100334449
hyrlqas/Rotosolve	0.76	last_action	RY(q=5)	2	13	10203	49987	0.15384615384615385	0.2041130693980435	0.7537300492313724
hyrlqas/Rotosolve	0.76	last_action	RY(q=4)	1	13	6852	49987	0.07692307692307693	0.13707563966631325	0.5611724819255467
hyrlqas/Rotosolve	0.76	last_action	RZ(q=4)	1	13	134	49987	0.07692307692307693	0.002680696981215116	28.69517795637199
hyrlqas/Rotosolve	0.76	last_action	CNOT(4->0)	1	13	124	49987	0.07692307692307693	0.0024806449676915998	31.009305210918118
hyrlqas/Rotosolve	0.77	last_action	RY(q=4)	1	4	6852	49996	0.25	0.13705096407712616	1.8241389375364858
hyrlqas/Rotosolve	0.77	last_action	RZ(q=3)	1	4	123	49996	0.25	0.0024601968157452595	101.6178861788618
hyrlqas/Rotosolve	0.77	last_action	CNOT(1->0)	1	4	107	49996	0.25	0.002140171213697096	116.81308411214953
hyrlqas/Rotosolve	0.77	last_action	CNOT(1->4)	1	4	127	49996	0.25	0.0025402032162573007	98.41732283464566
hyrlqas/Rotosolve	0.78	last_action	CNOT(4->5)	1	7	7886	49993	0.14285714285714285	0.15774208389174485	0.9056374769030107
hyrlqas/Rotosolve	0.78	last_action	RY(q=5)	1	7	10204	49993	0.14285714285714285	0.20410857520052808	0.699907599260794
hyrlqas/Rotosolve	0.78	last_action	RY(q=3)	1	7	112	49993	0.14285714285714285	0.0022403136439101473	63.766581632653065
hyrlqas/Rotosolve	0.78	last_action	RX(q=0)	1	7	146	49993	0.14285714285714285	0.0029204088572400136	48.916829745596864
hyrlqas/Rotosolve	0.78	last_action	CNOT(4->3)	1	7	138	49993	0.14285714285714285	0.0027603864541035747	51.75258799171842
hyrlqas/Rotosolve	0.78	last_action	CNOT(0->5)	1	7	140	49993	0.14285714285714285	0.0028003920548876843	51.01326530612245
hyrlqas/Rotosolve	0.78	last_action	CNOT(5->4)	1	7	921	49993	0.14285714285714285	0.01842257916108255	7.754459438498526
hyrlqas/Rotosolve	0.79	last_action	RY(q=5)	1	1	10204	49999	1.0	0.20408408168163364	4.8999411995295965
hyrlqas/Rotosolve	0.80	last_action	CNOT(5->4)	1	2	921	49998	0.5	0.018420736829473178	27.143322475570034
hyrlqas/Rotosolve	0.80	last_action	CNOT(5->0)	1	2	133	49998	0.5	0.0026601064042561704	187.96240601503757
hyrlqas/Rotosolve	0.81	last_action	CNOT(3->0)	1	10	103	49990	0.1	0.002060412082416483	48.53398058252428
hyrlqas/Rotosolve	0.81	last_action	RY(q=4)	1	10	6852	49990	0.1	0.13706741348269655	0.7295680093403386
hyrlqas/Rotosolve	0.81	last_action	CNOT(4->5)	2	10	7885	49990	0.2	0.15773154630926184	1.267977171845276
hyrlqas/Rotosolve	0.81	last_action	RZ(q=2)	1	10	121	49990	0.1	0.002420484096819364	41.31404958677686
hyrlqas/Rotosolve	0.81	last_action	RX(q=5)	2	10	1856	49990	0.2	0.03712742548509702	5.386853448275863
hyrlqas/Rotosolve	0.81	last_action	RY(q=5)	1	10	10204	49990	0.1	0.20412082416483296	0.48990591924735405
hyrlqas/Rotosolve	0.81	last_action	CNOT(3->1)	1	10	111	49990	0.1	0.0022204440888177637	45.03603603603604
hyrlqas/Rotosolve	0.81	last_action	CNOT(2->5)	1	10	113	49990	0.1	0.0022604520904180836	44.23893805309735
hyrlqas/Rotosolve	0.82	last_action	RY(q=3)	1	5	112	49995	0.2	0.00224022402240224	89.27678571428572
hyrlqas/Rotosolve	0.82	last_action	RY(q=4)	2	5	6851	49995	0.4	0.13703370337033705	2.9189899284775946
hyrlqas/Rotosolve	0.82	last_action	CNOT(1->5)	2	5	136	49995	0.4	0.0027202720272027203	147.04411764705884
hyrlqas/Rotosolve	0.83	last_action	RZ(q=4)	1	2	134	49998	0.5	0.0026801072042881716	186.5597014925373
hyrlqas/Rotosolve	0.83	last_action	CNOT(0->2)	1	2	143	49998	0.5	0.002860114404576183	174.81818181818184
hyrlqas/Rotosolve	0.84	last_action	RX(q=5)	1	5	1857	49995	0.2	0.037143714371437146	5.384491114701131
hyrlqas/Rotosolve	0.84	last_action	CNOT(4->0)	1	5	124	49995	0.2	0.0024802480248024804	80.63709677419355
hyrlqas/Rotosolve	0.84	last_action	CNOT(3->1)	1	5	111	49995	0.2	0.00222022202220222	90.0810810810811
hyrlqas/Rotosolve	0.84	last_action	CNOT(4->5)	1	5	7886	49995	0.2	0.15773577357735774	1.2679431904641136
hyrlqas/Rotosolve	0.84	last_action	CNOT(5->0)	1	5	133	49995	0.2	0.0026602660266026603	75.18045112781955
hyrlqas/Rotosolve	0.85	last_action	RX(q=0)	1	6	146	49994	0.16666666666666666	0.0029203504420530465	57.070776255707756
hyrlqas/Rotosolve	0.85	last_action	RX(q=1)	1	6	120	49994	0.16666666666666666	0.0024002880345641475	69.43611111111112
hyrlqas/Rotosolve	0.85	last_action	RY(q=0)	1	6	125	49994	0.16666666666666666	0.0025003000360043206	66.65866666666666
hyrlqas/Rotosolve	0.85	last_action	RY(q=5)	1	6	10204	49994	0.16666666666666666	0.2041044925391047	0.8165751992682607
hyrlqas/Rotosolve	0.85	last_action	RX(q=4)	1	6	16861	49994	0.16666666666666666	0.3372604712565508	0.49417788585097755
hyrlqas/Rotosolve	0.85	last_action	CNOT(5->4)	1	6	921	49994	0.16666666666666666	0.018422210665279833	9.047050307636626
hyrlqas/Rotosolve	0.86	last_action	RY(q=5)	1	4	10204	49996	0.25	0.2040963277062165	1.2249117992943943
hyrlqas/Rotosolve	0.86	last_action	RY(q=2)	1	4	143	49996	0.25	0.0028602288183054644	87.4055944055944
hyrlqas/Rotosolve	0.86	last_action	CNOT(0->2)	1	4	143	49996	0.25	0.0028602288183054644	87.4055944055944
hyrlqas/Rotosolve	0.86	last_action	CNOT(5->2)	1	4	153	49996	0.25	0.0030602448195855667	81.69281045751634
hyrlqas/Rotosolve	0.87	last_action	RX(q=4)	1	7	16861	49993	0.14285714285714285	0.33726721741043747	0.4235725723775068
hyrlqas/Rotosolve	0.87	last_action	RY(q=5)	1	7	10204	49993	0.14285714285714285	0.20410857520052808	0.699907599260794
hyrlqas/Rotosolve	0.87	last_action	CNOT(0->5)	1	7	140	49993	0.14285714285714285	0.0028003920548876843	51.01326530612245
hyrlqas/Rotosolve	0.87	last_action	CNOT(4->5)	1	7	7886	49993	0.14285714285714285	0.15774208389174485	0.9056374769030107
hyrlqas/Rotosolve	0.87	last_action	RX(q=1)	1	7	120	49993	0.14285714285714285	0.0024003360470465866	59.515476190476186
hyrlqas/Rotosolve	0.87	last_action	CNOT(5->1)	1	7	92	49993	0.14285714285714285	0.0018402576360690497	77.62888198757763
hyrlqas/Rotosolve	0.87	last_action	CNOT(3->5)	1	7	146	49993	0.14285714285714285	0.0029204088572400136	48.916829745596864
hyrlqas/Rotosolve	0.88	last_action	CNOT(2->3)	1	10	121	49990	0.1	0.002420484096819364	41.31404958677686
hyrlqas/Rotosolve	0.88	last_action	RZ(q=0)	2	10	139	49990	0.2	0.0027805561112222445	71.92805755395683
hyrlqas/Rotosolve	0.88	last_action	RX(q=4)	1	10	16861	49990	0.1	0.3372874574914983	0.2964830081252595
hyrlqas/Rotosolve	0.88	last_action	RY(q=4)	1	10	6852	49990	0.1	0.13706741348269655	0.7295680093403386
hyrlqas/Rotosolve	0.88	last_action	CNOT(2->4)	1	10	150	49990	0.1	0.0030006001200240046	33.32666666666667
hyrlqas/Rotosolve	0.88	last_action	CNOT(5->0)	1	10	133	49990	0.1	0.0026605321064212843	37.58646616541353
hyrlqas/Rotosolve	0.88	last_action	CNOT(0->5)	1	10	140	49990	0.1	0.0028005601120224045	35.707142857142856
hyrlqas/Rotosolve	0.88	last_action	RY(q=1)	1	10	143	49990	0.1	0.0028605721144228844	34.95804195804196
hyrlqas/Rotosolve	0.88	last_action	RZ(q=3)	1	10	123	49990	0.1	0.0024604920984196837	40.64227642276423
hyrlqas/Rotosolve	0.89	last_action	RY(q=4)	1	4	6852	49996	0.25	0.13705096407712616	1.8241389375364858
hyrlqas/Rotosolve	0.89	last_action	CNOT(2->1)	1	4	122	49996	0.25	0.0024401952156172494	102.45081967213115
hyrlqas/Rotosolve	0.89	last_action	CNOT(0->1)	1	4	111	49996	0.25	0.002220177614209137	112.60360360360359
hyrlqas/Rotosolve	0.89	last_action	RX(q=4)	1	4	16861	49996	0.25	0.3372469797583807	0.7412964830081252
hyrlqas/Rotosolve	0.90	last_action	RY(q=5)	1	6	10204	49994	0.16666666666666666	0.2041044925391047	0.8165751992682607
hyrlqas/Rotosolve	0.90	last_action	CNOT(4->5)	2	6	7885	49994	0.3333333333333333	0.15771892627115253	2.1134643838511944
hyrlqas/Rotosolve	0.90	last_action	RX(q=4)	1	6	16861	49994	0.16666666666666666	0.3372604712565508	0.49417788585097755
hyrlqas/Rotosolve	0.90	last_action	RZ(q=2)	1	6	121	49994	0.16666666666666666	0.0024202904348521823	68.86225895316804
hyrlqas/Rotosolve	0.90	last_action	CNOT(3->4)	1	6	117	49994	0.16666666666666666	0.002340280833700044	71.2165242165242
hyrlqas/Rotosolve	0.91	last_action	RX(q=5)	1	6	1857	49994	0.16666666666666666	0.037144457334880185	4.486986178423981
hyrlqas/Rotosolve	0.91	last_action	CNOT(0->5)	1	6	140	49994	0.16666666666666666	0.002800336040324839	59.516666666666666
hyrlqas/Rotosolve	0.91	last_action	CNOT(2->3)	1	6	121	49994	0.16666666666666666	0.0024202904348521823	68.86225895316804
hyrlqas/Rotosolve	0.91	last_action	RX(q=4)	1	6	16861	49994	0.16666666666666666	0.3372604712565508	0.49417788585097755
hyrlqas/Rotosolve	0.91	last_action	CNOT(4->5)	1	6	7886	49994	0.16666666666666666	0.15773892867144057	1.0565981908868036
hyrlqas/Rotosolve	0.91	last_action	CNOT(0->2)	1	6	143	49994	0.16666666666666666	0.0028603432411889425	58.26806526806527
hyrlqas/Rotosolve	0.92	last_action	CNOT(5->1)	1	2	92	49998	0.5	0.0018400736029441178	271.7282608695652
hyrlqas/Rotosolve	0.92	last_action	RZ(q=3)	1	2	123	49998	0.5	0.0024600984039361575	203.2439024390244
hyrlqas/Rotosolve	0.93	last_action	CNOT(4->5)	1	4	7886	49996	0.25	0.15773261860948876	1.5849606898300785
hyrlqas/Rotosolve	0.93	last_action	RY(q=0)	1	4	125	49996	0.25	0.00250020001600128	99.992
hyrlqas/Rotosolve	0.93	last_action	RZ(q=4)	1	4	134	49996	0.25	0.0026802144171533724	93.27611940298507
hyrlqas/Rotosolve	0.93	last_action	RY(q=5)	1	4	10204	49996	0.25	0.2040963277062165	1.2249117992943943
hyrlqas/Rotosolve	0.94	last_action	CNOT(2->5)	1	5	113	49995	0.2	0.00226022602260226	88.48672566371683
hyrlqas/Rotosolve	0.94	last_action	RX(q=5)	1	5	1857	49995	0.2	0.037143714371437146	5.384491114701131
hyrlqas/Rotosolve	0.94	last_action	CNOT(5->4)	1	5	921	49995	0.2	0.018421842184218423	10.856677524429967
hyrlqas/Rotosolve	0.94	last_action	RX(q=1)	1	5	120	49995	0.2	0.0024002400240024004	83.325
hyrlqas/Rotosolve	0.94	last_action	CNOT(3->5)	1	5	146	49995	0.2	0.00292029202920292	68.48630136986301
hyrlqas/Rotosolve	0.95	last_action	CNOT(5->3)	1	2	129	49998	0.5	0.002580103204128165	193.7906976744186
hyrlqas/Rotosolve	0.95	last_action	RY(q=1)	1	2	143	49998	0.5	0.002860114404576183	174.81818181818184
hyrlqas/Rotosolve	0.96	last_action	RY(q=4)	1	2	6852	49998	0.5	0.13704548181927276	3.648423817863398
hyrlqas/Rotosolve	0.96	last_action	CNOT(5->4)	1	2	921	49998	0.5	0.018420736829473178	27.143322475570034
hyrlqas/Rotosolve	0.97	last_action	CNOT(0->4)	1	2	151	49998	0.5	0.0030201208048321933	165.55629139072846
hyrlqas/Rotosolve	0.97	last_action	RY(q=4)	1	2	6852	49998	0.5	0.13704548181927276	3.648423817863398
hyrlqas/Rotosolve	0.99	last_action	CNOT(1->2)	1	2	130	49998	0.5	0.0026001040041601664	192.3
hyrlqas/Rotosolve	0.99	last_action	CNOT(5->0)	1	2	133	49998	0.5	0.0026601064042561704	187.96240601503757
hyrlqas/Rotosolve	1.00	last_action	CNOT(4->5)	1	5	7886	49995	0.2	0.15773577357735774	1.2679431904641136
hyrlqas/Rotosolve	1.00	last_action	CNOT(0->5)	1	5	140	49995	0.2	0.0028002800280028	71.42142857142858
hyrlqas/Rotosolve	1.00	last_action	RY(q=2)	1	5	143	49995	0.2	0.00286028602860286	69.92307692307693
hyrlqas/Rotosolve	1.00	last_action	CNOT(1->4)	1	5	127	49995	0.2	0.0025402540254025404	78.73228346456693
hyrlqas/Rotosolve	1.00	last_action	RX(q=4)	1	5	16861	49995	0.2	0.3372537253725372	0.5930253247138367
hyrlqas/Rotosolve	1.01	last_action	CNOT(4->5)	2	6	7885	49994	0.3333333333333333	0.15771892627115253	2.1134643838511944
hyrlqas/Rotosolve	1.01	last_action	CNOT(2->3)	1	6	121	49994	0.16666666666666666	0.0024202904348521823	68.86225895316804
hyrlqas/Rotosolve	1.01	last_action	CNOT(5->4)	1	6	921	49994	0.16666666666666666	0.018422210665279833	9.047050307636626
hyrlqas/Rotosolve	1.01	last_action	CNOT(1->5)	1	6	137	49994	0.16666666666666666	0.002740328839460735	60.819951338199516
hyrlqas/Rotosolve	1.01	last_action	RX(q=4)	1	6	16861	49994	0.16666666666666666	0.3372604712565508	0.49417788585097755
hyrlqas/Rotosolve	1.02	last_action	RY(q=5)	1	1	10204	49999	1.0	0.20408408168163364	4.8999411995295965
hyrlqas/Rotosolve	1.03	last_action	RY(q=5)	2	5	10203	49995	0.4	0.20408040804080407	1.9600117612466923
hyrlqas/Rotosolve	1.03	last_action	RY(q=0)	1	5	125	49995	0.2	0.0025002500250025004	79.992
hyrlqas/Rotosolve	1.03	last_action	RX(q=5)	1	5	1857	49995	0.2	0.037143714371437146	5.384491114701131
hyrlqas/Rotosolve	1.03	last_action	RZ(q=2)	1	5	121	49995	0.2	0.0024202420242024204	82.63636363636364
hyrlqas/Rotosolve	1.04	last_action	CNOT(4->5)	1	8	7886	49992	0.125	0.15774523923827813	0.792416941415166
hyrlqas/Rotosolve	1.04	last_action	CNOT(0->1)	2	8	110	49992	0.25	0.0022003520563290127	113.61818181818181
hyrlqas/Rotosolve	1.04	last_action	RX(q=4)	1	8	16861	49992	0.125	0.3372739638342135	0.37061858727240377
hyrlqas/Rotosolve	1.04	last_action	CNOT(5->1)	1	8	92	49992	0.125	0.0018402944471115378	67.92391304347827
hyrlqas/Rotosolve	1.04	last_action	RX(q=3)	1	8	117	49992	0.125	0.002340374459913586	53.410256410256416
hyrlqas/Rotosolve	1.04	last_action	CNOT(3->2)	1	8	128	49992	0.125	0.0025604096655464873	48.8203125
hyrlqas/Rotosolve	1.04	last_action	CNOT(4->2)	1	8	143	49992	0.125	0.0028604576732277165	43.6993006993007
hyrlqas/Rotosolve	1.05	last_action	RY(q=4)	1	1	6852	49999	1.0	0.1370427408548171	7.296993578517221
hyrlqas/Rotosolve	1.06	last_action	CNOT(5->0)	1	2	133	49998	0.5	0.0026601064042561704	187.96240601503757
hyrlqas/Rotosolve	1.06	last_action	CNOT(3->4)	1	2	117	49998	0.5	0.00234009360374415	213.66666666666666
hyrlqas/Rotosolve	1.07	last_action	CNOT(1->2)	1	3	130	49997	0.3333333333333333	0.0026001560093605615	128.1974358974359
hyrlqas/Rotosolve	1.07	last_action	RY(q=4)	2	3	6851	49997	0.6666666666666666	0.1370282216933016	4.865177832919769
hyrlqas/Rotosolve	1.08	last_action	CNOT(4->3)	1	3	138	49997	0.3333333333333333	0.002760165609936596	120.76570048309178
hyrlqas/Rotosolve	1.08	last_action	CNOT(1->4)	1	3	127	49997	0.3333333333333333	0.0025401524091445485	131.2257217847769
hyrlqas/Rotosolve	1.08	last_action	RX(q=5)	1	3	1857	49997	0.3333333333333333	0.037142228533712025	8.974510859809728
hyrlqas/Rotosolve	1.09	last_action	RY(q=4)	1	3	6852	49997	0.3333333333333333	0.1370482228933736	2.4322338976454563
hyrlqas/Rotosolve	1.09	last_action	RY(q=5)	1	3	10204	49997	0.3333333333333333	0.2040922455347321	1.6332483993205278
hyrlqas/Rotosolve	1.09	last_action	CNOT(4->5)	1	3	7886	49997	0.3333333333333333	0.15772946376782607	2.1133231887733537
hyrlqas/Rotosolve	1.10	last_action	CNOT(0->1)	1	2	111	49998	0.5	0.002220088803552142	225.2162162162162
hyrlqas/Rotosolve	1.10	last_action	RY(q=5)	1	2	10204	49998	0.5	0.20408816352654105	2.449921599372795
hyrlqas/Rotosolve	1.11	last_action	RY(q=5)	1	3	10204	49997	0.3333333333333333	0.2040922455347321	1.6332483993205278
hyrlqas/Rotosolve	1.11	last_action	RY(q=3)	1	3	112	49997	0.3333333333333333	0.002240134408064484	148.8005952380952
hyrlqas/Rotosolve	1.11	last_action	RX(q=4)	1	3	16861	49997	0.3333333333333333	0.33724023441406487	0.9884150801652728
hyrlqas/Rotosolve	1.12	last_action	RY(q=4)	1	3	6852	49997	0.3333333333333333	0.1370482228933736	2.4322338976454563
hyrlqas/Rotosolve	1.12	last_action	RX(q=2)	1	3	133	49997	0.3333333333333333	0.0026601596095765746	125.30576441102757
hyrlqas/Rotosolve	1.12	last_action	CNOT(5->0)	1	3	133	49997	0.3333333333333333	0.0026601596095765746	125.30576441102757
hyrlqas/Rotosolve	1.13	last_action	CNOT(0->4)	1	2	151	49998	0.5	0.0030201208048321933	165.55629139072846
hyrlqas/Rotosolve	1.13	last_action	RY(q=0)	1	2	125	49998	0.5	0.00250010000400016	199.99200000000002
hyrlqas/Rotosolve	1.14	last_action	CNOT(3->4)	1	2	117	49998	0.5	0.00234009360374415	213.66666666666666
hyrlqas/Rotosolve	1.14	last_action	RY(q=5)	1	2	10204	49998	0.5	0.20408816352654105	2.449921599372795
hyrlqas/Rotosolve	1.15	last_action	RZ(q=5)	1	2	134	49998	0.5	0.0026801072042881716	186.5597014925373
hyrlqas/Rotosolve	1.15	last_action	RY(q=4)	1	2	6852	49998	0.5	0.13704548181927276	3.648423817863398
hyrlqas/Rotosolve	1.17	last_action	RX(q=4)	1	3	16861	49997	0.3333333333333333	0.33724023441406487	0.9884150801652728
hyrlqas/Rotosolve	1.17	last_action	CNOT(3->4)	1	3	117	49997	0.3333333333333333	0.0023401404084245053	142.44159544159544
hyrlqas/Rotosolve	1.17	last_action	RX(q=5)	1	3	1857	49997	0.3333333333333333	0.037142228533712025	8.974510859809728
hyrlqas/Rotosolve	1.18	last_action	RY(q=4)	1	3	6852	49997	0.3333333333333333	0.1370482228933736	2.4322338976454563
hyrlqas/Rotosolve	1.18	last_action	CNOT(1->4)	1	3	127	49997	0.3333333333333333	0.0025401524091445485	131.2257217847769
hyrlqas/Rotosolve	1.18	last_action	CNOT(2->1)	1	3	122	49997	0.3333333333333333	0.002440146408784527	136.60382513661202
hyrlqas/Rotosolve	1.19	last_action	CNOT(4->5)	1	3	7886	49997	0.3333333333333333	0.15772946376782607	2.1133231887733537
hyrlqas/Rotosolve	1.19	last_action	CNOT(1->4)	1	3	127	49997	0.3333333333333333	0.0025401524091445485	131.2257217847769
hyrlqas/Rotosolve	1.19	last_action	RY(q=3)	1	3	112	49997	0.3333333333333333	0.002240134408064484	148.8005952380952
hyrlqas/Rotosolve	1.20	last_action	RY(q=5)	1	2	10204	49998	0.5	0.20408816352654105	2.449921599372795
hyrlqas/Rotosolve	1.20	last_action	RY(q=4)	1	2	6852	49998	0.5	0.13704548181927276	3.648423817863398
hyrlqas/Rotosolve	1.21	last_action	RZ(q=2)	1	3	121	49997	0.3333333333333333	0.002420145208712523	137.732782369146
hyrlqas/Rotosolve	1.21	last_action	RY(q=5)	1	3	10204	49997	0.3333333333333333	0.2040922455347321	1.6332483993205278
hyrlqas/Rotosolve	1.21	last_action	RZ(q=3)	1	3	123	49997	0.3333333333333333	0.0024601476088565314	135.49322493224932
hyrlqas/Rotosolve	1.22	last_action	CNOT(0->4)	1	4	151	49996	0.25	0.0030202416193295463	82.7748344370861
hyrlqas/Rotosolve	1.22	last_action	CNOT(4->5)	1	4	7886	49996	0.25	0.15773261860948876	1.5849606898300785
hyrlqas/Rotosolve	1.22	last_action	RX(q=4)	1	4	16861	49996	0.25	0.3372469797583807	0.7412964830081252
hyrlqas/Rotosolve	1.22	last_action	CNOT(1->3)	1	4	120	49996	0.25	0.002400192015361229	104.15833333333333
hyrlqas/Rotosolve	1.23	last_action	CNOT(4->5)	1	1	7886	49999	1.0	0.15772315446308927	6.340223180319554
hyrlqas/Rotosolve	1.24	last_action	RX(q=5)	1	1	1857	49999	1.0	0.0371407428148563	26.92460958535272
hyrlqas/Rotosolve	1.25	last_action	CNOT(5->4)	1	1	921	49999	1.0	0.01842036840736815	54.287730727470134
hyrlqas/Rotosolve	1.26	last_action	CNOT(4->0)	1	1	124	49999	1.0	0.00248004960099202	403.2177419354839
hyrlqas/Rotosolve	1.27	last_action	CNOT(1->0)	1	3	107	49997	0.3333333333333333	0.0021401284077044625	155.75389408099687
hyrlqas/Rotosolve	1.27	last_action	RX(q=2)	1	3	133	49997	0.3333333333333333	0.0026601596095765746	125.30576441102757
hyrlqas/Rotosolve	1.27	last_action	CNOT(2->3)	1	3	121	49997	0.3333333333333333	0.002420145208712523	137.732782369146
hyrlqas/Rotosolve	1.28	last_action	CNOT(5->2)	1	1	153	49999	1.0	0.0030600612012240246	326.7908496732026
hyrlqas/Rotosolve	1.29	last_action	CNOT(5->3)	1	3	129	49997	0.3333333333333333	0.0025801548092885575	129.19121447028422
hyrlqas/Rotosolve	1.29	last_action	CNOT(4->5)	1	3	7886	49997	0.3333333333333333	0.15772946376782607	2.1133231887733537
hyrlqas/Rotosolve	1.29	last_action	RX(q=3)	1	3	117	49997	0.3333333333333333	0.0023401404084245053	142.44159544159544
hyrlqas/Rotosolve	1.30	last_action	CNOT(4->3)	1	4	138	49996	0.25	0.002760220817665413	90.57246376811595
hyrlqas/Rotosolve	1.30	last_action	RY(q=5)	1	4	10204	49996	0.25	0.2040963277062165	1.2249117992943943
hyrlqas/Rotosolve	1.30	last_action	RZ(q=4)	1	4	134	49996	0.25	0.0026802144171533724	93.27611940298507
hyrlqas/Rotosolve	1.30	last_action	CNOT(4->5)	1	4	7886	49996	0.25	0.15773261860948876	1.5849606898300785
hyrlqas/Rotosolve	1.31	last_action	RX(q=0)	1	3	146	49997	0.3333333333333333	0.002920175210512631	114.148401826484
hyrlqas/Rotosolve	1.31	last_action	CNOT(5->0)	1	3	133	49997	0.3333333333333333	0.0026601596095765746	125.30576441102757
hyrlqas/Rotosolve	1.31	last_action	RZ(q=2)	1	3	121	49997	0.3333333333333333	0.002420145208712523	137.732782369146
hyrlqas/Rotosolve	1.32	last_action	CNOT(0->3)	1	6	89	49994	0.16666666666666666	0.0017802136256350762	93.62172284644194
hyrlqas/Rotosolve	1.32	last_action	CNOT(2->4)	2	6	149	49994	0.3333333333333333	0.00298035764291715	111.84340044742729
hyrlqas/Rotosolve	1.32	last_action	RX(q=4)	1	6	16861	49994	0.16666666666666666	0.3372604712565508	0.49417788585097755
hyrlqas/Rotosolve	1.32	last_action	RX(q=3)	1	6	117	49994	0.16666666666666666	0.002340280833700044	71.2165242165242
hyrlqas/Rotosolve	1.32	last_action	CNOT(0->5)	1	6	140	49994	0.16666666666666666	0.002800336040324839	59.516666666666666
hyrlqas/Rotosolve	1.34	last_action	RZ(q=4)	1	5	134	49995	0.2	0.0026802680268026803	74.61940298507463
hyrlqas/Rotosolve	1.34	last_action	RY(q=5)	2	5	10203	49995	0.4	0.20408040804080407	1.9600117612466923
hyrlqas/Rotosolve	1.34	last_action	CNOT(2->0)	1	5	128	49995	0.2	0.0025602560256025603	78.1171875
hyrlqas/Rotosolve	1.34	last_action	CNOT(2->5)	1	5	113	49995	0.2	0.00226022602260226	88.48672566371683
hyrlqas/Rotosolve	1.35	last_action	CNOT(5->3)	1	5	129	49995	0.2	0.0025802580258025803	77.51162790697674
hyrlqas/Rotosolve	1.35	last_action	RX(q=5)	1	5	1857	49995	0.2	0.037143714371437146	5.384491114701131
hyrlqas/Rotosolve	1.35	last_action	RX(q=4)	1	5	16861	49995	0.2	0.3372537253725372	0.5930253247138367
hyrlqas/Rotosolve	1.35	last_action	RX(q=0)	1	5	146	49995	0.2	0.00292029202920292	68.48630136986301
hyrlqas/Rotosolve	1.35	last_action	RZ(q=3)	1	5	123	49995	0.2	0.0024602460246024604	81.29268292682927
hyrlqas/Rotosolve	1.36	last_action	RX(q=5)	1	1	1857	49999	1.0	0.0371407428148563	26.92460958535272
hyrlqas/Rotosolve	1.37	last_action	CNOT(3->5)	1	3	146	49997	0.3333333333333333	0.002920175210512631	114.148401826484
hyrlqas/Rotosolve	1.37	last_action	RY(q=4)	1	3	6852	49997	0.3333333333333333	0.1370482228933736	2.4322338976454563
hyrlqas/Rotosolve	1.37	last_action	CNOT(2->5)	1	3	113	49997	0.3333333333333333	0.002260135608136488	147.48377581120943
hyrlqas/Rotosolve	1.39	last_action	RY(q=5)	2	2	10203	49998	1.0	0.20406816272650907	4.900323434284034
hyrlqas/Rotosolve	1.40	last_action	CNOT(1->3)	1	1	120	49999	1.0	0.002400048000960019	416.65833333333336
hyrlqas/Rotosolve	1.41	last_action	RY(q=4)	1	4	6852	49996	0.25	0.13705096407712616	1.8241389375364858
hyrlqas/Rotosolve	1.41	last_action	RX(q=4)	2	4	16860	49996	0.5	0.33722697815825264	1.4826809015421116
hyrlqas/Rotosolve	1.41	last_action	RZ(q=3)	1	4	123	49996	0.25	0.0024601968157452595	101.6178861788618
hyrlqas/Rotosolve	1.43	last_action	CNOT(0->1)	1	6	111	49994	0.16666666666666666	0.0022202664319718366	75.06606606606606
hyrlqas/Rotosolve	1.43	last_action	CNOT(5->4)	1	6	921	49994	0.16666666666666666	0.018422210665279833	9.047050307636626
hyrlqas/Rotosolve	1.43	last_action	RX(q=2)	1	6	133	49994	0.16666666666666666	0.002660319238308597	62.649122807017534
hyrlqas/Rotosolve	1.43	last_action	RY(q=0)	1	6	125	49994	0.16666666666666666	0.0025003000360043206	66.65866666666666
hyrlqas/Rotosolve	1.43	last_action	RX(q=4)	1	6	16861	49994	0.16666666666666666	0.3372604712565508	0.49417788585097755
hyrlqas/Rotosolve	1.43	last_action	CNOT(3->0)	1	6	103	49994	0.16666666666666666	0.00206024722966756	80.89644012944984
hyrlqas/Rotosolve	1.44	last_action	CNOT(1->4)	1	3	127	49997	0.3333333333333333	0.0025401524091445485	131.2257217847769
hyrlqas/Rotosolve	1.44	last_action	RZ(q=4)	1	3	134	49997	0.3333333333333333	0.002680160809648579	124.37064676616914
hyrlqas/Rotosolve	1.44	last_action	CNOT(5->4)	1	3	921	49997	0.3333333333333333	0.01842110526631598	18.095186391603328
hyrlqas/Rotosolve	1.46	last_action	CNOT(5->2)	1	1	153	49999	1.0	0.0030600612012240246	326.7908496732026
hyrlqas/Rotosolve	1.47	last_action	RX(q=5)	1	1	1857	49999	1.0	0.0371407428148563	26.92460958535272
hyrlqas/Rotosolve	1.48	last_action	CNOT(2->1)	1	5	122	49995	0.2	0.0024402440244024404	81.95901639344262
hyrlqas/Rotosolve	1.48	last_action	CNOT(2->4)	1	5	150	49995	0.2	0.003000300030003	66.66000000000001
hyrlqas/Rotosolve	1.48	last_action	RZ(q=4)	1	5	134	49995	0.2	0.0026802680268026803	74.61940298507463
hyrlqas/Rotosolve	1.48	last_action	RZ(q=1)	1	5	124	49995	0.2	0.0024802480248024804	80.63709677419355
hyrlqas/Rotosolve	1.48	last_action	CNOT(5->4)	1	5	921	49995	0.2	0.018421842184218423	10.856677524429967
hyrlqas/Rotosolve	1.50	last_action	CNOT(5->0)	1	1	133	49999	1.0	0.0026600532010640212	375.9323308270677
hyrlqas/Rotosolve	1.52	last_action	CNOT(4->3)	1	2	138	49998	0.5	0.002760110404416177	181.15217391304347
hyrlqas/Rotosolve	1.52	last_action	CNOT(3->2)	1	2	128	49998	0.5	0.002560102404096164	195.3046875
hyrlqas/Rotosolve	1.53	last_action	CNOT(0->3)	1	3	89	49997	0.3333333333333333	0.0017801068064083846	187.25468164794006
hyrlqas/Rotosolve	1.53	last_action	CNOT(2->1)	1	3	122	49997	0.3333333333333333	0.002440146408784527	136.60382513661202
hyrlqas/Rotosolve	1.53	last_action	RX(q=4)	1	3	16861	49997	0.3333333333333333	0.33724023441406487	0.9884150801652728
hyrlqas/Rotosolve	1.54	last_action	CNOT(0->2)	1	3	143	49997	0.3333333333333333	0.002860171610296618	116.54312354312354
hyrlqas/Rotosolve	1.54	last_action	RY(q=3)	1	3	112	49997	0.3333333333333333	0.002240134408064484	148.8005952380952
hyrlqas/Rotosolve	1.54	last_action	RY(q=0)	1	3	125	49997	0.3333333333333333	0.00250015000900054	133.32533333333333
hyrlqas/Rotosolve	1.55	last_action	CNOT(5->4)	1	3	921	49997	0.3333333333333333	0.01842110526631598	18.095186391603328
hyrlqas/Rotosolve	1.55	last_action	RZ(q=0)	1	3	140	49997	0.3333333333333333	0.0028001680100806048	119.04047619047618
hyrlqas/Rotosolve	1.55	last_action	RX(q=4)	1	3	16861	49997	0.3333333333333333	0.33724023441406487	0.9884150801652728
hyrlqas/Rotosolve	1.56	last_action	RX(q=4)	1	3	16861	49997	0.3333333333333333	0.33724023441406487	0.9884150801652728
hyrlqas/Rotosolve	1.56	last_action	CNOT(4->2)	1	3	143	49997	0.3333333333333333	0.002860171610296618	116.54312354312354
hyrlqas/Rotosolve	1.56	last_action	RY(q=5)	1	3	10204	49997	0.3333333333333333	0.2040922455347321	1.6332483993205278
hyrlqas/Rotosolve	1.59	last_action	RX(q=5)	1	2	1857	49998	0.5	0.037141485659426376	13.462035541195476
hyrlqas/Rotosolve	1.59	last_action	CNOT(4->0)	1	2	124	49998	0.5	0.0024800992039681587	201.6048387096774
hyrlqas/Rotosolve	failure	last_action	RZ(q=3)	76	4853	48	45147	0.01566041623737894	0.0010631935676789156	14.729600247269728
hyrlqas/Rotosolve	failure	last_action	CNOT(1->0)	80	4853	28	45147	0.016484648670925202	0.0006201962478127007	26.57972976950929
hyrlqas/Rotosolve	failure	last_action	CNOT(3->1)	86	4853	26	45147	0.017720997321244592	0.0005758965158260792	30.77114869470114
hyrlqas/Rotosolve	failure	last_action	RX(q=5)	232	4853	1626	45147	0.04780548114568308	0.036015682105123265	1.3273518187479423
hyrlqas/Rotosolve	failure	last_action	CNOT(1->2)	84	4853	47	45147	0.01730888110447146	0.0010410437016856048	16.62646926007602
hyrlqas/Rotosolve	failure	last_action	CNOT(2->3)	88	4853	34	45147	0.01813311353801772	0.0007530954437725652	24.078108144143705
hyrlqas/Rotosolve	failure	last_action	RX(q=2)	86	4853	48	45147	0.017720997321244592	0.0010631935676789156	16.667705542963116
hyrlqas/Rotosolve	failure	last_action	CNOT(2->4)	107	4853	44	45147	0.022048217597362457	0.0009745941037056726	22.622974542457335
hyrlqas/Rotosolve	failure	last_action	CNOT(0->4)	96	4853	56	45147	0.01978157840511024	0.0012403924956254015	15.947837861705572
hyrlqas/Rotosolve	failure	last_action	CNOT(4->5)	185	4853	7702	45147	0.038120750051514524	0.17059826788047933	0.2234533241464199
hyrlqas/Rotosolve	failure	last_action	CNOT(2->0)	88	4853	41	45147	0.01813311353801772	0.0009081445057257403	19.96721163172893
hyrlqas/Rotosolve	failure	last_action	CNOT(2->5)	76	4853	38	45147	0.01566041623737894	0.0008416949077458081	18.6058108386565
hyrlqas/Rotosolve	failure	last_action	RY(q=2)	91	4853	53	45147	0.018751287863177417	0.0011739428976454693	15.97291307846926
hyrlqas/Rotosolve	failure	last_action	RX(q=4)	254	4853	16608	45147	0.05233875953018751	0.3678649744169048	0.14227709396130633
hyrlqas/Rotosolve	failure	last_action	CNOT(4->1)	92	4853	59	45147	0.018957345971563982	0.0013068420936053337	14.506225399630493
hyrlqas/Rotosolve	failure	last_action	CNOT(1->3)	85	4853	36	45147	0.017514939212858027	0.0007973951757591866	21.965193351191704
hyrlqas/Rotosolve	failure	last_action	CNOT(4->0)	89	4853	36	45147	0.018339171646404286	0.0007973951757591866	22.998849508894843
hyrlqas/Rotosolve	failure	last_action	CNOT(5->3)	82	4853	48	45147	0.01689676488769833	0.0010631935676789156	15.89246342468576
hyrlqas/Rotosolve	failure	last_action	CNOT(1->5)	87	4853	51	45147	0.017927055429631154	0.0011296431656588478	15.869662185912896
hyrlqas/Rotosolve	failure	last_action	RY(q=3)	75	4853	38	45147	0.015454358128992375	0.0008416949077458081	18.360997538147863
hyrlqas/Rotosolve	failure	last_action	RZ(q=2)	79	4853	43	45147	0.016278590562538636	0.0009524442377123618	17.091384375044925
hyrlqas/Rotosolve	failure	last_action	CNOT(4->3)	92	4853	47	45147	0.018957345971563982	0.0010410437016856048	18.20994252294041
hyrlqas/Rotosolve	failure	last_action	RY(q=1)	90	4853	54	45147	0.01854522975479085	0.00119609276363878	15.504842365547084
hyrlqas/Rotosolve	failure	last_action	RZ(q=0)	84	4853	57	45147	0.01730888110447146	0.0012625423616187121	13.709544828483738
hyrlqas/Rotosolve	failure	last_action	RY(q=5)	252	4853	9953	45147	0.051926643313414386	0.2204576162314218	0.2355402557691871
hyrlqas/Rotosolve	failure	last_action	RZ(q=5)	87	4853	48	45147	0.017927055429631154	0.0010631935676789156	16.861516072532453
hyrlqas/Rotosolve	failure	last_action	CNOT(5->2)	85	4853	69	45147	0.017514939212858027	0.001528340753538441	11.460100878882628
hyrlqas/Rotosolve	failure	last_action	CNOT(0->5)	86	4853	55	45147	0.017720997321244592	0.0012182426296320906	14.546361201131448
hyrlqas/Rotosolve	failure	last_action	CNOT(3->0)	66	4853	38	45147	0.01359983515351329	0.0008416949077458081	16.15767783357012
hyrlqas/Rotosolve	failure	last_action	RZ(q=4)	87	4853	48	45147	0.017927055429631154	0.0010631935676789156	16.861516072532453
hyrlqas/Rotosolve	failure	last_action	CNOT(0->2)	102	4853	42	45147	0.021017927055429632	0.0009302943717190511	22.592770304082897
hyrlqas/Rotosolve	failure	last_action	RX(q=1)	78	4853	43	45147	0.01607253245415207	0.0009524442377123618	16.87503773738613
hyrlqas/Rotosolve	failure	last_action	CNOT(5->1)	63	4853	30	45147	0.012981660828353597	0.0006644959797993222	19.53610138058933
hyrlqas/Rotosolve	failure	last_action	CNOT(5->0)	78	4853	56	45147	0.01607253245415207	0.0012403924956254015	12.957618262635776
hyrlqas/Rotosolve	failure	last_action	CNOT(3->4)	82	4853	36	45147	0.01689676488769833	0.0007973951757591866	21.18995123291435
hyrlqas/Rotosolve	failure	last_action	CNOT(3->5)	88	4853	59	45147	0.01813311353801772	0.0013068420936053337	13.875519947472645
hyrlqas/Rotosolve	failure	last_action	CNOT(1->4)	81	4853	47	45147	0.016690706779311767	0.0010410437016856048	16.03266678650188
hyrlqas/Rotosolve	failure	last_action	CNOT(5->4)	149	4853	773	45147	0.030702658149598185	0.0171218464128292	1.7931861675031169
hyrlqas/Rotosolve	failure	last_action	CNOT(4->2)	87	4853	57	45147	0.017927055429631154	0.0012625423616187121	14.199171429501014
hyrlqas/Rotosolve	failure	last_action	RZ(q=1)	96	4853	29	45147	0.01978157840511024	0.0006423461138060115	30.795824836396967
hyrlqas/Rotosolve	failure	last_action	RY(q=0)	76	4853	50	45147	0.01566041623737894	0.001107493299665537	14.140416237378941
hyrlqas/Rotosolve	failure	last_action	CNOT(0->1)	80	4853	32	45147	0.016484648670925202	0.0007087957117859437	23.25726354832063
hyrlqas/Rotosolve	failure	last_action	CNOT(2->1)	88	4853	35	45147	0.01813311353801772	0.000775245309765876	23.39016219716817
hyrlqas/Rotosolve	failure	last_action	CNOT(0->3)	71	4853	19	45147	0.014630125695446116	0.00042084745387290407	34.76348867222662
hyrlqas/Rotosolve	failure	last_action	RX(q=3)	77	4853	41	45147	0.015866474345765505	0.0009081445057257403	17.471310177762813
hyrlqas/Rotosolve	failure	last_action	RX(q=0)	84	4853	63	45147	0.01730888110447146	0.0013954415575785767	12.403873892437668
hyrlqas/Rotosolve	failure	last_action	CNOT(3->2)	92	4853	37	45147	0.018957345971563982	0.0008195450417524974	23.1315486102216
hyrlqas/Rotosolve	failure	last_action	RY(q=4)	234	4853	6619	45147	0.04821759736245621	0.1466099630097238	0.32888349722357013
